index,url,valid,domain,title,description,image,published,archive,content,quote,language,keyword
https://www.autobild.de/artikel/bmw-dauertest-28708899.html,https://www.autobild.de/artikel/bmw-dauertest-28708899.html,0,www.autobild.de,BMW-Modelle im Dauertest: sechsmal Note eins!,Vom Elektro-Pionier i3 bis zum Sportler M3 – so haben BMW-Modelle im Dauertest über 100.000 Kilometer abgeschnitten. Alle Ergebnisse im Überblick!,https://i.auto-bild.de/ir_img/4/0/8/0/0/8/3/BMW-Modelle-im-Dauertest--sechsmal-Note-eins--2869-4242x2382-8cdd3a887697db8c.jpg?impolicy=og_images,2026-07-01T04:00:00Z,,"Von zehn getesteten Modellen sechsmal die Note eins, das kann sich sehen lassen. BMW hat im AUTO BILD-Dauertest eine durchaus positive Bilanz. Der BMW M3 belegt in unserem ewigen Dauertest-Ranking no… [+7049 chars]",,de,'E-Auto'
https://www.faz.net/aktuell/politik/ausland/ursula-von-der-leyen-in-baku-menschenrechte-in-aserbaidschan-accg-200982219.html,https://www.faz.net/aktuell/politik/ausland/ursula-von-der-leyen-in-baku-menschenrechte-in-aserbaidschan-accg-200982219.html,0,www.faz.net,Von der Leyen bei Alijew: Die Gefangenen in Baku melden sich zu Wort,"Vor von der Leyens Aserbaidschan-Besuch mahnen Aktivisten: Die EU dürfe nicht nur Gas kaufen, sie müsse sich auch für politische Häftlinge einsetzen.",https://media0.faz.net/image/w1200h627/b6cc7c845497/w1960h1024x0y131o/202309/43600.0.2075015514/die-eu-sieht-aserbaidschan-als.webp,2026-07-01T04:13:09Z,,"Vor der Reise der EU-Kommissionspräsidentin nach Aserbaidschan an diesem Mittwoch mehren sich die Stimmen von politischen Gefangenen des Regimes von Machthaber Ilham Alijew, die Ursula von der Leyen … [+4181 chars]",,de,'Gas'
https://www.spektrum.de/podcast/mission-energiewende-eine-win-win-win-situation/2331659,https://www.spektrum.de/podcast/mission-energiewende-eine-win-win-win-situation/2331659,0,www.spektrum.de,»Eine Win-Win-Win-Situation«,"Photovoltaik, Wärmepumpe, Energiespeicher, E-Auto: Die Energiewende, heißt es, findet im Einfamilienhaus statt. Warum eigentlich? Und was lässt sich dagegen tun? ️",https://static.spektrum.de/fm/912/f1920x1080/GettyImages-1182601709.jpg,2026-07-01T05:21:12Z,,"Ein Podcast von 
Mieterstrom: Energiewende im Mehrfamilienhaus
Statistiken zufolge leben gut 44 Millionen Menschen in Deutschland zur Miete sie bleiben bei der Energiewende noch weitestgehend außen… [+1840 chars]",,de,'E-Auto'
https://www.zeit.de/news/2026-07/01/anlage-flutet-hallen-mit-gas-mitarbeiter-verlassen-gebaeude,https://www.zeit.de/news/2026-07/01/anlage-flutet-hallen-mit-gas-mitarbeiter-verlassen-gebaeude,0,www.zeit.de,Großeinsatz: Anlage flutet Hallen mit Gas - Mitarbeiter verlassen Gebäude,Hier finden Sie Informationen zu dem Thema „Großeinsatz“. Lesen Sie jetzt „Anlage flutet Hallen mit Gas - Mitarbeiter verlassen Gebäude“.,https://img.zeit.de/news/2026-07/01/anlage-flutet-hallen-mit-gas-mitarbeiter-verlassen-gebaeude-image-group/wide__1300x731,2026-07-01T06:46:02Z,,Drei Hallen eines Industriebetriebes sind in Dörfles-Esbach (Landkreis Coburg) mit rund fünf Tonnen Kohlenstoffdioxid geflutet worden. Bei Arbeiten an einer Maschine hatte sich am Dienstag Qualm entw… [+370 chars],,de,'Gas'
https://www.faz.net/aktuell/rhein-main/frankfurt/wie-gut-schmecken-die-neuen-weine-der-deutschen-bahn-wirklich-accg-200958469.html,https://www.faz.net/aktuell/rhein-main/frankfurt/wie-gut-schmecken-die-neuen-weine-der-deutschen-bahn-wirklich-accg-200958469.html,0,www.faz.net,Neue Weine bei der Bahn: Trinken in vollen Zügen,Die Deutsche Bahn hat vier neue Weine an Bord. 220 Bewerber gab es für die Auswahl – und zwei Blindverkostungen. Wir haben die Gewinner probiert.,https://media0.faz.net/image/w1200h627/fce2d774486f/w5291h2764x0y305o/202606/43601.0.2257267836/der-neue-riesling-von-stolleis.webp,2026-07-01T06:58:08Z,,"Ein häufiger Grund, die Bahn zu nutzen, ist der Konsum von Alkohol. So können die Fahrgäste in vollen Zügen Wein oder Bier genießen und ohne Auto von A nach B kommen. Üblicherweise trinkt man oder is… [+258 chars]",,de,'Wein'
https://www.diepresse.com/34087564/wie-irland-echte-verbesserungen-im-alltag-europaeischer-buerger-will,https://www.diepresse.com/34087564/wie-irland-echte-verbesserungen-im-alltag-europaeischer-buerger-will,0,www.diepresse.com,Wie Irland echte Verbesserungen im Alltag europäischer Bürger erzielen will,"Irland übernimmt zum achten Mal den Vorsitz des Rates der Europäischen Union und setzt drei Schwerpunkte: Wettbewerbsfähigkeit, Werte und Sicherheit. Ein Gastkommentar von Premierminister Micheál Martin.",https://img.diepresse.com/public/incoming/a1qano-belgium-eu-summit-diplomacy/alternates/WEBP_WIDE_1200/BELGIUM-EU-SUMMIT-DIPLOMACY,2026-07-01T08:09:47Z,,"Die Presse auf Google als bevorzugte Nachrichtenquelle hinzufügen.
 Wenn Irland ab dem heutigen 1. Juli zum achten Mal den Vorsitz des Rates der Europäischen Union übernimmt, werden wir eine zentral… [+6790 chars]",,de,'Landwirtschaft'
https://www.zeit.de/wirtschaft/2026-07/erneuerbare-energien-stromverbrauch-anteil-deutschland,https://www.zeit.de/wirtschaft/2026-07/erneuerbare-energien-stromverbrauch-anteil-deutschland,0,www.zeit.de,Erneuerbare Energien: Erneuerbare decken erstmalig 58 Prozent des deutschen Stromverbrauchs,"Energie aus Wind, Sonne und Wasser haben im ersten Halbjahr 2026 einen Rekordanteil des Stromverbrauchs ausgemacht. Besonders der Anteil der Energie durch Wind stieg an.",https://img.zeit.de/wirtschaft/2026-07/erneuerbare-energien-stromverbrauch-anteil-deutschland-foto-1/wide__1300x731,2026-07-01T08:37:58Z,,"Erneuerbare Energien aus Wind, Sonne und Wasser haben
mit 58 Prozent des Stromverbrauchs im ersten Halbjahr 2026 in Deutschland so
viel Strom wie nie zuvor in einem ersten Halbjahr abgedeckt. Das h… [+688 chars]",,de,'Wind'
https://orf.at/stories/3434933/,https://orf.at/stories/3434933/,0,orf.at,"Geringere Getreideernte durch Trockenheit, Hitze und Dürre",,https://orf.at/mojo/1_4_1/storyserver//news/common/images/og-fallback-news.png,2026-07-01T09:14:25Z,,"Trockenheit, Hitze und Dürre setzen der Landwirtschaft in Österreich zu. Da Getreide mit den Gegebenheiten schlechter zurande komme als etwa Mais, sei die Getreideanbaufläche nach derzeitigen Schätzu… [+1625 chars]",,de,'Landwirtschaft'
https://www.zeit.de/wirtschaft/2026-07/fernwaerme-versorgung-grossstaedte-kommunale-waermeplanung,https://www.zeit.de/wirtschaft/2026-07/fernwaerme-versorgung-grossstaedte-kommunale-waermeplanung,0,www.zeit.de,Fernwärmeversorgung: So können Sie zukünftig heizen,"80 Großstädte haben Pläne vorgelegt, wie ihre Bürger künftig heizen sollen: mit Fernwärme oder doch besser mit Wärmepumpe? Aber viel mehr Klarheit gibt es noch nicht.",https://img.zeit.de/wirtschaft/2026-06/fernwaerme-versorgung-grossstaedte-kommunale-waermeplanung-bild/wide__1300x731,2026-07-01T09:26:06Z,,"Das Gasnetz, das sich unter der Republik erstreckt, ist länger als die Entfernung zum Mond. Ein Geflecht aus Rohren und Dichtungen, das sich Kilometer um Kilometer unter Feldern und Straßen hindurch … [+484 chars]",,de,'Wärmepumpe'
https://www.faz.net/aktuell/rhein-main/region-und-hessen/rhein-main-bauarbeiten-legen-s-bahnen-und-regionalzuege-im-sommer-lahm-200988668.html,https://www.faz.net/aktuell/rhein-main/region-und-hessen/rhein-main-bauarbeiten-legen-s-bahnen-und-regionalzuege-im-sommer-lahm-200988668.html,0,www.faz.net,ÖPNV im Rhein-Main-Gebiet: Bauarbeiten legen S-Bahnen und Regionalzüge im Sommer lahm,"Verspätungen und Ausfälle damit es künftig weniger Verspätungen gibt: Wer zwischen Mainz, Wiesbaden und Frankfurt pendelt, braucht starke Nerven. Bauarbeiten schränken den Bahnverkehr ein.",https://media0.faz.net/image/w1200h627/c6d1996ae098/w5000h2612x0y432o/202607/43601.0.2285357078/reisende-brauchen-im-rhein.webp,2026-07-01T14:54:40Z,,"Bahnreisende im Rhein-Main-Gebiet müssen sich erneut auf erhebliche Einschränkungen einstellen. Im Eisenbahnknoten Mainz laufen die Arbeiten zur Modernisierung der Stellwerkstechnik auf Hochtouren, w… [+1828 chars]",,de,'ÖPNV'
https://www.faz.net/podcasts/rhein-main-feierabendbriefing/siemens-schafft-700-neue-stellen-fuer-frankfurt-und-offenbach-200988155.html,https://www.faz.net/podcasts/rhein-main-feierabendbriefing/siemens-schafft-700-neue-stellen-fuer-frankfurt-und-offenbach-200988155.html,0,www.faz.net,Rhein-Main-Feierabendbriefing: 700 neue Stellen für Frankfurt und Offenbach,"Siemens schafft 700 Jobs, eine Pflegerin steht wegen Mordversuchs vor Gericht, der Alpenverein hilft in Not, weniger USA-Austausch und das Wetter. Der F.A.Z.-Podcast Rhein-Main Feierabend-Briefing informiert über die Themen der Region.",https://media0.faz.net/image/w1200h627/a75ba6d0c968/w2160h1128x0y166o/202606/43601.0.2276533999/4360102276533999.webp,2026-07-01T15:00:00Z,,"01.07.2026, 17:00Lesezeit: 2 Min.
Siemens schafft 700 Jobs, eine Pflegerin steht wegen Mordversuchs vor Gericht, der Alpenverein hilft in Not, weniger USA-Austausch und das Wetter. Der F.A.Z.-Podcas… [+70 chars]",,de,'Not'
https://www.tagesschau.de/investigativ/anklage-nordstream-ukraine-russland-100.html,https://www.tagesschau.de/investigativ/anklage-nordstream-ukraine-russland-100.html,0,www.tagesschau.de,Gas-Pipelines: Erste Anklage gegen mutmaßlichen Nord-Stream-Saboteur,"Der Generalbundesanwalt hat im Fall der gesprengten Nord-Stream-Pipelines Anklage gegen einen Ukrainer erhoben.<em> </em>Laut<em> ARD</em>, SZ und Zeit soll sich der Ex-Soldat in abgehörten Telefonaten selbst belastet haben. Er wird in Hamburg vor Gericht ste…",https://images.tagesschau.de/image/0e41e889-1ee5-4db1-bf6e-24fe40ddb0af/AAABleyXnow/AAABnSSvrFg/16x9-big/nordstream-leck-101.jpg?width=1280,2026-07-01T15:00:28Z,,"Stand: 01.07.2026 17:00 Uhr
Der Generalbundesanwalt hat im Fall der gesprengten Nord-Stream-Pipelines Anklage gegen einen Ukrainer erhoben.Laut ARD, SZ und Zeit soll sich der Ex-Soldat in abgehörten… [+2493 chars]",,de,'Gas'
https://www.sueddeutsche.de/projekte/artikel/wissen/grundwasser-hitzewelle-duerre-folgen-wasserknappheit-e878815/,https://www.sueddeutsche.de/projekte/artikel/wissen/grundwasser-hitzewelle-duerre-folgen-wasserknappheit-e878815/,0,www.sueddeutsche.de,Wasserknappheit: Kommt nach der Hitzewelle die Dürre?,Schon vor der großen Hitze hat es Deutschland kaum geregnet. Wie sich das auf die Böden und das Grundwasser auswirkt – und was das für den Sommer bedeutet.,"https://www.sueddeutsche.de/projekte/artikel/wissen/grundwasser-hitzewelle-duerre-folgen-wasserknappheit-e878815/f9a9ab5acdd9834137183711db53a8a1aeb0f3cb4483b727d9ab6bd1a67fe309_w2400_h1256_r42,0,2071,1084_q70.png",2026-07-01T17:51:00Z,,"Wenn Kommunen zum Wassersparen aufrufen, dann muss meist zuerst der Rasen daran glauben. So prägten in der vergangenen Woche in vielen Teilen Deutschlands braune Gärten mit rissiger Erde das Landscha… [+261 chars]",,de,'Dürre'
https://www.tagesspiegel.de/berlin/landwirtschaft-getreideernte-gestartet-landwirte-unter-druck-15784085.html,https://www.tagesspiegel.de/berlin/landwirtschaft-getreideernte-gestartet-landwirte-unter-druck-15784085.html,0,www.tagesspiegel.de,Landwirtschaft: Getreideernte gestartet - Landwirte unter Druck,Wie steht es um das Getreide in diesem Jahr? Nicht nur das Wetter sorgt zum Ernteauftakt für Unsicherheit.,https://www.tagesspiegel.de/images/15784084/alternates/BASE_16_9_W1400/1782960373000/getreideernte.jpeg,2026-07-02T02:46:13Z,,Die ersten Mähdrescher rollen aufs Getreidefeld - doch wegen Trockenheit und Hitze sorgen sich Landwirte um eine gute Ernte. Der Deutsche Bauernverband geht insgesamt von einer durchschnittlichen Get… [+837 chars],,de,'Landwirtschaft'
https://www.zeit.de/news/2026-07/02/warum-der-erhalt-alter-nutztierrassen-wichtig-ist,https://www.zeit.de/news/2026-07/02/warum-der-erhalt-alter-nutztierrassen-wichtig-ist,0,www.zeit.de,Landwirtschaft: Warum der Erhalt alter Nutztierrassen wichtig ist,Hier finden Sie Informationen zu dem Thema „Landwirtschaft“. Lesen Sie jetzt „Warum der Erhalt alter Nutztierrassen wichtig ist“.,https://img.zeit.de/news/2026-07/02/warum-der-erhalt-alter-nutztierrassen-wichtig-ist-image-group/wide__1300x731,2026-07-02T03:30:06Z,,Viele alte Nutztierrassen sind selten geworden oder sogar vom Aussterben bedroht. Drei Tage lang befasst sich auf Initiative der Arche Warder von diesem Donnerstag an eine internationale Konferenz in… [+5698 chars],,de,'Landwirtschaft'
https://vorarlberg.orf.at/stories/3360893/,https://vorarlberg.orf.at/stories/3360893/,0,vorarlberg.orf.at,Tempo 80 statt 60 bei Nacht-Lkw gefordert,"Das nächtliche Tempolimit für Lastwagen auf Autobahnen soll von 60 auf 80 km/h angehoben werden. Das fordern ÖVP, FPÖ und NEOS in einem Antrag im Vorarlberger Landtag. Als Begründung nennen sie unter anderem die  leiseren Lkw sowie eine Entlastung der Transpo…",https://ibs.orf.at/vbg?image=https%3A%2F%2Foekastatic.orf.at%2Fmims%2F2026%2F27%2F83%2Fcrops%2Fw%3D1200%2Ch%3D627%2Cq%3D75%2F3097392_master_1199583_imago642506480.jpg%3Fs%3Deb3cef21463ed3fb043644c7a315138fa87d8c98,2026-07-02T04:23:12Z,,"Die derzeit geltende Regelung des nächtlichen Tempolimits von 60 km/h für Lastwagen über 7,5 Tonnen stammt laut Antrag aus einer Zeit, in der sowohl die Fahrzeugtechnologie als auch der Lärmschutz de… [+1168 chars]",,de,'Tempolimit'
https://www.zeit.de/news/2026-07/02/regen-und-wind-statt-sommerwetter,https://www.zeit.de/news/2026-07/02/regen-und-wind-statt-sommerwetter,0,www.zeit.de,Wetter: Regen und Wind statt Sommerwetter,Hier finden Sie Informationen zu dem Thema „Wetter“. Lesen Sie jetzt „Regen und Wind statt Sommerwetter“.,https://img.zeit.de/news/2026-07/02/regen-und-wind-statt-sommerwetter-image-group/wide__1300x731,2026-07-02T04:40:34Z,,"Nach einem warmen Donnerstag wird das Wetter in Berlin und Brandenburg zum Wochenende deutlich wechselhafter und windiger. Das teilte der Deutsche Wetterdienst (DWD) mit.
Heute startet der Tag demna… [+1075 chars]",,de,'Wind'
https://www.zeit.de/news/2026-07/02/wettermix-aus-sonne-regen-und-wind,https://www.zeit.de/news/2026-07/02/wettermix-aus-sonne-regen-und-wind,0,www.zeit.de,"Wettervorhersage: Wettermix aus Sonne, Regen und Wind","Hier finden Sie Informationen zu dem Thema „Wettervorhersage“. Lesen Sie jetzt „Wettermix aus Sonne, Regen und Wind“.",https://img.zeit.de/news/2026-07/02/wettermix-aus-sonne-regen-und-wind-image-group/wide__1300x731,2026-07-02T05:30:49Z,,"In Hessen sind kurzzeitig die Ausläufer eines Tiefs spürbar. Wie der Deutsche Wetterdienst (DWD) mitteilte, bleibt es bei Temperaturen von 22 bis 30 Grad zunächst sonnig bis heiter. Vor allem im Süde… [+547 chars]",,de,'Wind'
https://ooe.orf.at/stories/3360974/,https://ooe.orf.at/stories/3360974/,0,ooe.orf.at,Schwere Schäden beim Mais nach Unwettern,Die Unwetter mit Sturmböen um die 100 km/h haben diese Woche schwere Schäden in der Landwirtschaft hinterlassen. Die Hagelversicherung spricht allein in Oberösterreich von 750.000 Euro Schaden. Bundesweit seien es mehr als vier Millionen Euro.,https://ibs.orf.at/ooe?image=https%3A%2F%2Foekastatic.orf.at%2Fmims%2F2026%2F27%2F39%2Fcrops%2Fw%3D1200%2Ch%3D627%2Cq%3D75%2F3097982_master_1199839_sturmschaden_mais_oberoesterreich_1.jpg%3Fs%3D153a0c94e35377dbc5275b0cd94a0c93159b7985,2026-07-02T10:36:13Z,,"In Oberösterreich hätten Landwirte besonders im Hausruckviertel und vor allem bei Mais mitunter einen Totalausfall bei der Ernte, sagt Wolfgang Winkler von der Hagelversicherung: Ja dort, wo die Pfla… [+1602 chars]",,de,'Landwirtschaft'
https://www.tagesspiegel.de/berlin/umweltschutzer-warnen-berlin-droht-klimaziele-zu-verpassen-15787197.html,https://www.tagesspiegel.de/berlin/umweltschutzer-warnen-berlin-droht-klimaziele-zu-verpassen-15787197.html,0,www.tagesspiegel.de,Klimakrise: Umweltschützer warnen: Berlin droht Klimaziele zu verpassen,"Ausbau des ÖPNV, nachhaltige Sanierungen sowie erneuerbare Energiequellen: Das fordern Klimaschützer vor der Wahl des Abgeordnetenhauses in Berlin.",https://www.tagesspiegel.de/images/15787196/alternates/BASE_16_9_W1400/1782990196000/fridays-for-future-berlin-pressekonferenz.jpeg,2026-07-02T11:03:16Z,,"Vor der Berliner Abgeordnetenhauswahl im September appellieren Klimaschützer an die Politik, mehr Ehrgeiz im Kampf gegen die Erderwärmung zu zeigen. Bei einer Protestaktion vor dem Landesparlament sa… [+1543 chars]",,de,'ÖPNV'
https://www.sueddeutsche.de/kultur/elfriede-blauensteiner-serienmoerderin-buch-ausreden-florian-klenk-li.3500710,https://www.sueddeutsche.de/kultur/elfriede-blauensteiner-serienmoerderin-buch-ausreden-florian-klenk-li.3500710,0,www.sueddeutsche.de,"Verbrechen: Die Frau, die aus der Kälte kam",Die Serienmörderin Elfriede Blauensteiner liefert bis heute Stoff für True-Crime-Formate. Florian Klenk gelingt in „Ausreden“ eine eindringliche Spurensuche jenseits von „Wiener Weibsteufel“-Schlagzeilen.,https://www.sueddeutsche.de/2026/07/02/9c304c08-dbfd-4aeb-9fba-e2fef2464c7a.jpg?q=60&fm=webp&width=1200&rect=0%2C284%2C2048%2C1152,2026-07-02T11:04:10Z,,"Zu den Menschen, die es in Österreich zu fragwürdiger Prominenz gebracht haben, gehört die Serienmörderin Elfriede Blauensteiner. Diese hatte mehrere ältere Männer geheiratet und dann mit Diabetes-Me… [+321 chars]",,de,'Kälte'
https://www.googlewatchblog.de/2026/07/smart-home-grosses-update-fuer-die-google-home-app-optimiert-kamera-energie-nest-und-mehr-geraete-u/,https://www.googlewatchblog.de/2026/07/smart-home-grosses-update-fuer-die-google-home-app-optimiert-kamera-energie-nest-und-mehr-geraete-u/,0,www.googlewatchblog.de,"Smart Home: Großes Update für Google Home – die App optimiert Kamera, Energie, Nest und mehr Geräte","Google gibt im Smart Home richtig Gas und rollt in kurzen Abständen größere Updates für Google Home und die angebundenen Plattformen aus. Jetzt hat man eine neue Version der Home-App für Android angekündigt, die eine ganze Reihe von Verbesserungen und Neuerun…",https://www.googlewatchblog.de/wp-content/uploads/google-home-logo-new-1.jpg,2026-07-02T13:07:01Z,,Google gibt im Smart Home richtig Gas und rollt in kurzen Abständen größere Updates für Google Home und die angebundenen Plattformen aus. Jetzt hat man eine neue Version der Home-App für Android ange… [+3666 chars],,de,'Wärmepumpe'
https://orf.at/stories/3435098/,https://orf.at/stories/3435098/,0,orf.at,Italien: Venetien ruft wegen Dürre Notstand aus,,https://orf.at/mojo/1_4_1/storyserver//news/common/images/og-fallback-news.png,2026-07-02T15:30:51Z,,Die Region Venetien im Nordosten Italiens hat wegen einer Dürre den Notstand ausgerufen. Unter Verweis auf abnormale Bedingungen forderte Venetiens Präsident Alberto Stefani die örtlichen Behörden au… [+1200 chars],,de,'Dürre'
https://www.faz.net/aktuell/rhein-main/region-und-hessen/hessen-was-das-land-fuer-wohnungslose-tun-will-200991857.html,https://www.faz.net/aktuell/rhein-main/region-und-hessen/hessen-was-das-land-fuer-wohnungslose-tun-will-200991857.html,0,www.faz.net,„Würdevolle Unterkünfte“: Was das Land Hessen gegen Obdachlosigkeit tun will,Mit 15 Modellprojekten will die hessische Sozialministerin den Kampf gegen Wohnungslosigkeit verstärken. Dabei spielt auch die Frankfurter Diskussion über die kurzfristige Schließung einer Notunterkunft eine Rolle.,https://media0.faz.net/image/w1200h627/1dd510d5e909/w4735h2474x0y498o/202607/43601.0.2285769750/mit-hab-und-gut-eine.webp,2026-07-02T16:54:45Z,,"Mehr als 6,1 Millionen Euro wendet die Hessische Landesregierung für die punktuelle Bekämpfung von Wohnungs- und Obdachlosigkeit auf. Eine eigene Wohnung ist weit mehr als ein Dach über dem Kopf, sag… [+3461 chars]",,de,'Wohnungslose'
https://www.faz.net/aktuell/rhein-main/region-und-hessen/kloster-eberbach-verkauft-weine-aus-der-schatzkammer-200962303.html,https://www.faz.net/aktuell/rhein-main/region-und-hessen/kloster-eberbach-verkauft-weine-aus-der-schatzkammer-200962303.html,0,www.faz.net,Hessische Staatsweingüter: Feine Tropfen aus der Schatzkammer des Klosters,"Im Kloster Eberbach lagern Weine aus vielen Jahrzehnten, die Schatzkammer des Staatsweingutes umfasst Zehntausende Flaschen. Jetzt kommen ausgewählte Jahrgänge in den Verkauf.",https://media0.faz.net/image/w1200h627/90c7aee6dd3f/w4252h2221x0y307o/201309/431.0.41770440/beeindruckendes-weinarchiv-in.webp,2026-07-02T17:17:34Z,,"Die Hessischen Staatsweingüter Kloster Eberbach sind nicht nur das größte Weingut Deutschlands, sondern auch eines der traditionsreichsten. Die Weinbaugeschichte des Betriebs im Rheingau reicht zurüc… [+2699 chars]",,de,'Wein'
https://www.zeit.de/news/2026-07/03/ernte-in-sachsen-anhalt-unter-schwierigen-vorzeichen,https://www.zeit.de/news/2026-07/03/ernte-in-sachsen-anhalt-unter-schwierigen-vorzeichen,0,www.zeit.de,Landwirtschaft: Ernte in Sachsen-Anhalt unter schwierigen Vorzeichen,Hier finden Sie Informationen zu dem Thema „Landwirtschaft“. Lesen Sie jetzt „Ernte in Sachsen-Anhalt unter schwierigen Vorzeichen“.,https://img.zeit.de/news/2026-07/03/ernte-in-sachsen-anhalt-unter-schwierigen-vorzeichen-image-group/wide__1300x731,2026-07-03T06:24:44Z,,"Die diesjährige Ernte steht nach Einschätzung des Bauernverbandes Sachsen-Anhalt unter schwierigen Vorzeichen. «Große Unterschiede bei Erträgen und Qualitäten, unsichere Marktentwicklungen und weiter… [+2567 chars]",,de,'Landwirtschaft'
https://www.tagesschau.de/wirtschaft/verbraucher/e-auto-praemie-124.html,https://www.tagesschau.de/wirtschaft/verbraucher/e-auto-praemie-124.html,0,www.tagesschau.de,Deutsche E-Auto-Förderung hilft stark chinesischen Herstellern,Die deutsche Förderung klimafreundlicher Autos kommt auch chinesischen Autobauern zugute. Das sorgt für Kritik an der Bundesregierung - bringt aber auch die Energiewende voran. Von Juri Sonnenholzner.,https://images.tagesschau.de/image/0810c8be-6f99-4bed-936c-448cef923858/AAABnFH1_Y0/AAABnSSvrFg/16x9-big/elektroautos-136.jpg?width=1280,2026-07-03T09:25:45Z,,"Stand: 03.07.2026 11:25 Uhr
Die deutsche Förderung klimafreundlicher Autos kommt auch chinesischen Autobauern zugute. Das sorgt für Kritik an der Bundesregierung - bringt aber auch die Energiewende … [+6670 chars]",,de,'E-Auto'
https://www.focus.de/politik/ausland/russland-stoppt-duengemittelexporte-nach-finnland-ueber-bahn_a43b0f7c-a156-41a2-8fe8-f9939c1c82d3.html,https://www.focus.de/politik/ausland/russland-stoppt-duengemittelexporte-nach-finnland-ueber-bahn_a43b0f7c-a156-41a2-8fe8-f9939c1c82d3.html,0,www.focus.de,Russland stoppt Düngemittelexporte nach Finnland über Bahn,Neue Bahngebühren aus Russland machen Düngerimporte nach Finnland unwirtschaftlich. Die Landwirtschaft steht unter Druck und sucht alternative Lieferquellen.,"https://quadro.burda-forward.de/ctf/781c2571-8ec6-4cc3-8a4d-7300e2fac064.3a79381c-5ad0-4d4f-b8df-ffa6fd277e3b.jpeg?im=RegionOfInterestCrop=(1200,630),regionOfInterest=(1260,700)&hash=ead6010cbbbd7127f046aa336e621631e20de30952e894e4d63468b39e383d49",2026-07-03T09:57:00Z,,"Finnland beendet den Schienentransport von Düngemitteln aus Russland, nachdem Moskau die Bahngebühren massiv erhöht hat. Die Entscheidung macht einen der letzten verbliebenen Handelswege zwischen bei… [+2369 chars]",,de,'Landwirtschaft'
https://www.tagesspiegel.de/wirtschaft/gebaudemodernisierungsgesetz-linke-will-neues-heizgesetz-vor-gericht-vorerst-stoppen-15792377.html,https://www.tagesspiegel.de/wirtschaft/gebaudemodernisierungsgesetz-linke-will-neues-heizgesetz-vor-gericht-vorerst-stoppen-15792377.html,0,www.tagesspiegel.de,Gebäudemodernisierungsgesetz: Linke will neues Heizgesetz vor Gericht vorerst stoppen,"Das neue Heizungsgesetz ist noch nicht mal beschlossen, schon zieht die Linke-Fraktion vor Gericht. Die Begründung: Die Auswirkungen seien völlig unklar.",https://www.tagesspiegel.de/images/15793938/alternates/BASE_16_9_W1400/1783081171000/linke-bundestagsfraktion-reicht-klage-gegen-heizungsgesetz-ein.jpeg,2026-07-03T10:11:10Z,,"Die Linke-Fraktion im Bundestag will die Verabschiedung des geplanten neuen Heizgesetzes vorerst stoppen. Dazu sei vor dem Bundesverfassungsgericht eine Klage eingereicht worden, sagte Violetta Bock,… [+3867 chars]",,de,'Heizung'
https://www.tagesspiegel.de/wirtschaft/co2-kredit-zulasten-kunftiger-gesetzgeber-linke-will-neues-heizungsgesetz-vor-gericht-vorerst-stoppen-15792377.html,https://www.tagesspiegel.de/wirtschaft/co2-kredit-zulasten-kunftiger-gesetzgeber-linke-will-neues-heizungsgesetz-vor-gericht-vorerst-stoppen-15792377.html,0,www.tagesspiegel.de,„CO₂-Kredit zulasten künftiger Gesetzgeber“: Linke will neues Heizungsgesetz vor Gericht vorerst stoppen,Ein Gutachten bescheinigte dem neuen Heizungsgesetz von Ministerin Reiche „verfassungsrechtliche Zweifel“. Die Linke-Fraktion schaltet Karlsruhe ein.,https://www.tagesspiegel.de/images/15793938/alternates/BASE_16_9_W1400/1783081171000/linke-bundestagsfraktion-reicht-klage-gegen-heizungsgesetz-ein.jpeg,2026-07-03T10:11:10Z,,"Die Linke-Fraktion im Bundestag will die Verabschiedung des geplanten neuen Heizgesetzes vorerst stoppen. Dazu sei vor dem Bundesverfassungsgericht eine Klage eingereicht worden, sagte Violetta Bock,… [+4731 chars]",,de,'Tempolimit'
https://www.tagesspiegel.de/wissen/tempolimit-130-fur-die-autobahn-vielleicht-erstmal-erproben-bevor-man-es-ablehnt-15791841.html,https://www.tagesspiegel.de/wissen/tempolimit-130-fur-die-autobahn-vielleicht-erstmal-erproben-bevor-man-es-ablehnt-15791841.html,0,www.tagesspiegel.de,"Tempolimit 130 für die Autobahn: Vielleicht erstmal erproben, bevor man es ablehnt?","Freie Fahrt auf der Autobahn: Das ist vielen Deutschen heilig. Dabei hätte ein Tempolimit von 130 einige Vorzüge – nur nicht die, die in der Debatte oft eingebracht werden.",https://www.tagesspiegel.de/images/15793072/alternates/BASE_16_9_W1400/1783076849000/symbolfoto-zum-thema-tempolimit-ein-mitarbeiter-der-autobahnmeisterei-laeuft-mit-einem-schild-fuer.jpeg,2026-07-03T11:36:16Z,,"Mit dem Ende des Tankrabatts verschwindet eine teure und wenig zielgenaue Entlastungsmaßnahme. Gut, dass sie nicht verlängert wird. Die Senkung der Energiesteuer auf Kraftstoffe kam allen Autofahrern… [+154 chars]",,de,'Tempolimit'
https://www.faz.net/aktuell/wirtschaft/klima-nachhaltigkeit/carsten-schneider-tauchgang-fuer-den-meeresschutz-accg-200993923.html,https://www.faz.net/aktuell/wirtschaft/klima-nachhaltigkeit/carsten-schneider-tauchgang-fuer-den-meeresschutz-accg-200993923.html,0,www.faz.net,Zustand der Ostsee: Umweltminister Schneider taucht für den Meeresschutz,Die Ostsee ist in schlechtem Zustand. Ein Aktionsplan soll Abhilfe schaffen. Aber Umweltminister Schneider hat schon jetzt seine liebe Not mit dem Umwelt- und Naturschutz.,https://media0.faz.net/image/w1200h627/cdd975884aa7/w6144h3210x0y641o/202607/43601.0.2289457048/umweltminister-carsten.webp,2026-07-03T12:10:44Z,,"Ein Tauchgang, wie ihn Bundesumweltminister Carsten Schneider (SPD) diese Woche auf seiner Sommereise an die Ostsee unternahm, ist eine riskante Sache bedenkt man die verschiedenen politischen Deutun… [+5262 chars]",,de,'Not'
https://www.faz.net/aktuell/wirtschaft/klima-nachhaltigkeit/rhein-niedrigwasser-bedroht-schifffahrt-und-logistik-200995026.html,https://www.faz.net/aktuell/wirtschaft/klima-nachhaltigkeit/rhein-niedrigwasser-bedroht-schifffahrt-und-logistik-200995026.html,0,www.faz.net,Wassermangel: Trockener Rhein lässt Schiffer zittern,Hitze und Dürre werden zum Problem für die Wasserstraßen. Schiffe sind schon mit weniger Ladung unterwegs. Reicht das?,https://media0.faz.net/image/w1200h627/7ae07989573e/w6144h3210x0y123o/202607/43601.0.2292989255/mehr-land-weniger-wasser.webp,2026-07-03T12:54:52Z,,"Der für die Wirtschaft so wichtige Rhein leidet auch in diesem Jahr unter Wassermangel. Die Hitzewelle im Juni ist nur einer der Gründe. Langfristig fehlt vor allem Schmelzwasser aus den Alpen, weil … [+3069 chars]",,de,'Dürre'
https://www.focus.de/politik/ausland/russland-stoppt-duengemittelexporte-nach-finnland-und-verlangt-ploetzlich-gebuehren_a43b0f7c-a156-41a2-8fe8-f9939c1c82d3.html,https://www.focus.de/politik/ausland/russland-stoppt-duengemittelexporte-nach-finnland-und-verlangt-ploetzlich-gebuehren_a43b0f7c-a156-41a2-8fe8-f9939c1c82d3.html,0,www.focus.de,Russland stoppt Düngemittelexporte nach Finnland – und verlangt plötzlich Gebühren,Neue Bahngebühren aus Russland machen Düngerimporte nach Finnland unwirtschaftlich. Die Landwirtschaft steht unter Druck und sucht alternative Lieferquellen.,"https://quadro.burda-forward.de/ctf/781c2571-8ec6-4cc3-8a4d-7300e2fac064.3a79381c-5ad0-4d4f-b8df-ffa6fd277e3b.jpeg?im=RegionOfInterestCrop=(1200,630),regionOfInterest=(1260,700)&hash=ead6010cbbbd7127f046aa336e621631e20de30952e894e4d63468b39e383d49",2026-07-03T12:56:00Z,,"Finnland beendet den Schienentransport von Düngemitteln aus Russland, nachdem Moskau die Bahngebühren massiv erhöht hat. Die Entscheidung macht einen der letzten verbliebenen Handelswege zwischen bei… [+2369 chars]",,de,'Landwirtschaft'
https://www.tagesspiegel.de/gesellschaft/panorama/mehr-durre-starkregen-und-hitzewellen-wetterbehorde-erwartet-dieses-jahr-besonders-starken-el-nino-15794543.html,https://www.tagesspiegel.de/gesellschaft/panorama/mehr-durre-starkregen-und-hitzewellen-wetterbehorde-erwartet-dieses-jahr-besonders-starken-el-nino-15794543.html,0,www.tagesspiegel.de,"Mehr Dürre, Starkregen und Hitzewellen: Wetterbehörde erwartet dieses Jahr besonders starken El Niño","Das Klimaphänomen El Niño soll diesmal sehr intensiv ausfallen. Die Weltwetterbehörde mahnt mehr Vorbereitung an. Preise für Kakao, Kaffee und Zucker könnten weiter steigen.",https://www.tagesspiegel.de/images/15794594/alternates/BASE_16_9_W1400/1783084788000/wetterphanomen-el-nino.jpeg,2026-07-03T13:25:24Z,,Die Welt muss sich aus Sicht der Weltwetterorganisation WMO wegen der erwarteten intensiven El-Niño-Phase verstärkt auf Extremwetter-Ereignisse vorbereiten. Wahrscheinlich werde es einen El Niño der … [+1944 chars],,de,'Landwirtschaft'
https://www.zeit.de/news/2026-07/03/sundschwimmen-startet-wegen-windes-nicht-vor-ruegen,https://www.zeit.de/news/2026-07/03/sundschwimmen-startet-wegen-windes-nicht-vor-ruegen,0,www.zeit.de,Vorsichtsmaßnahme: Sundschwimmen startet wegen Windes nicht vor Rügen,Hier finden Sie Informationen zu dem Thema „Vorsichtsmaßnahme“. Lesen Sie jetzt „Sundschwimmen startet wegen Windes nicht vor Rügen“.,https://img.zeit.de/news/2026-07/03/sundschwimmen-startet-wegen-windes-nicht-vor-ruegen-image-group/wide__1300x731,2026-07-03T16:45:29Z,,"Wegen des vorhergesagten Windes mit Böen führt das Internationale Sundschwimmen diesmal nicht von Rügen nach Stralsund, sondern an der Festlandküste entlang. Die Schwimmer starten am Samstagvormittag… [+963 chars]",,de,'Wind'
https://www.zeit.de/news/2026-07/04/hitze-treibt-getreideernte-voran-weizen-in-gefahr,https://www.zeit.de/news/2026-07/04/hitze-treibt-getreideernte-voran-weizen-in-gefahr,0,www.zeit.de,Landwirtschaft: Hitze treibt Getreideernte voran – Weizen in Gefahr?,Hier finden Sie Informationen zu dem Thema „Landwirtschaft“. Lesen Sie jetzt „Hitze treibt Getreideernte voran – Weizen in Gefahr?“.,https://img.zeit.de/news/2026-07/04/hitze-treibt-getreideernte-voran-weizen-in-gefahr-image-group/wide__1300x731,2026-07-04T02:00:15Z,,"Die Getreideernte im Südwesten hat in diesem Jahr früher begonnen als üblich. Ursache ist vor allem die Hitze der vergangenen Wochen, wie der Landesbauernverband mitteilte. Dadurch seien die Pflanzen… [+2312 chars]",,de,'Landwirtschaft'
https://www.zeit.de/news/2026-07/04/lng-anteil-an-gasimporten-trotz-iran-konfliktes-gestiegen,https://www.zeit.de/news/2026-07/04/lng-anteil-an-gasimporten-trotz-iran-konfliktes-gestiegen,0,www.zeit.de,Flüssigerdgas: LNG-Anteil an Gasimporten trotz Iran-Konfliktes gestiegen,Hier finden Sie Informationen zu dem Thema „Flüssigerdgas“. Lesen Sie jetzt „LNG-Anteil an Gasimporten trotz Iran-Konfliktes gestiegen“.,https://img.zeit.de/news/2026-07/04/lng-anteil-an-gasimporten-trotz-iran-konfliktes-gestiegen-image-group/wide__1300x731,2026-07-04T02:30:05Z,,Trotz des Iran-Kriegs ist der Anteil des über die deutschen LNG-Terminals eingeführten Erdgases am Gesamtimport weiter gestiegen. Nach Zahlen der Bundesnetzagentur (BNetzA) kamen im ersten Halbjahr r… [+3222 chars],,de,'Gas'
https://www.autobild.de/artikel/mini-cooper-se-im-tuev-check-2026--28589873.html,https://www.autobild.de/artikel/mini-cooper-se-im-tuev-check-2026--28589873.html,0,www.autobild.de,Das ist das beste E-Auto beim TÜV!,"Dass Mini elektrisch kann, bestätigt der Brite mit bayerischen Wurzeln bei der Hauptuntersuchung. Die TÜV-Prüfer haben so gut wie nichts auszusetzen.",https://i.auto-bild.de/ir_img/4/0/5/3/1/0/7/Mini-Cooper-SE-2869-3920x2204-e7205ca783209b11.jpg?impolicy=og_images,2026-07-04T06:03:00Z,,Wie viel ist mein Auto wert? Kostenlose Autobewertung,,de,'E-Auto'
https://www.focus.de/politik/ausland/russland-stoppt-duengemittelexporte-nach-finnland-und-erhebt-ploetzlich-neue-gebuehren_a43b0f7c-a156-41a2-8fe8-f9939c1c82d3.html,https://www.focus.de/politik/ausland/russland-stoppt-duengemittelexporte-nach-finnland-und-erhebt-ploetzlich-neue-gebuehren_a43b0f7c-a156-41a2-8fe8-f9939c1c82d3.html,0,www.focus.de,Russland stoppt Düngemittelexporte nach Finnland – und erhebt plötzlich neue Gebühren,Neue Bahngebühren aus Russland machen Düngerimporte nach Finnland unwirtschaftlich. Die Landwirtschaft steht unter Druck und sucht alternative Lieferquellen.,"https://quadro.burda-forward.de/ctf/781c2571-8ec6-4cc3-8a4d-7300e2fac064.3a79381c-5ad0-4d4f-b8df-ffa6fd277e3b.jpeg?im=RegionOfInterestCrop=(1200,630),regionOfInterest=(1260,700)&hash=ead6010cbbbd7127f046aa336e621631e20de30952e894e4d63468b39e383d49",2026-07-04T06:52:00Z,,"Finnland beendet den Schienentransport von Düngemitteln aus Russland, nachdem Moskau die Bahngebühren massiv erhöht hat. Die Entscheidung macht einen der letzten verbliebenen Handelswege zwischen bei… [+2369 chars]",,de,'Landwirtschaft'
https://www.zeit.de/news/2026-07/04/gestrandeter-segler-vor-norderney-gerettet,https://www.zeit.de/news/2026-07/04/gestrandeter-segler-vor-norderney-gerettet,0,www.zeit.de,Notfälle: Gestrandeter Segler vor Norderney gerettet,Hier finden Sie Informationen zu dem Thema „Notfälle“. Lesen Sie jetzt „Gestrandeter Segler vor Norderney gerettet“.,https://img.zeit.de/news/2026-07/04/gestrandeter-segler-vor-norderney-gerettet-image-group/wide__1300x731,2026-07-04T09:44:29Z,,"Ein Mann ist am Nordstrand der Insel Norderney mit seinem Segelboot auf Grund gelaufen - und gerettet worden. Das niederländische Boot kam am Freitagnachmittag wetterbedingt am Nordstrand fest, wie d… [+796 chars]",,de,'Wind'
https://www.n-tv.de/panorama/Kommunen-verbieten-Wasserentnahme-aus-mehreren-Fluessen-id31047768.html,https://www.n-tv.de/panorama/Kommunen-verbieten-Wasserentnahme-aus-mehreren-Fluessen-id31047768.html,0,www.n-tv.de,Wegen Hitze und Dürre: Kommunen verbieten Wasserentnahme aus mehreren Flüssen,Deutschlands Flüsse trocknen aus: Hitze und Regenmangel lassen Pegel dramatisch fallen. Nun greifen die Behörden durch und verbieten die Entnahme von Wasser. Es drohen hohe Bußgelder. Ein Vorgeschmack auf einen Sommer der Extreme.,https://www.n-tv.de/img/31047814/1783169375/Img_16_9/1200/Niedrigwasser-am-Rhein-Ausblick-von-der-Rodenkirchener-Rheinbruecke.jpg,2026-07-04T11:51:40Z,,"Viele Flüsse haben bereits Niedrigwasser (Archivbild vom Rhein). (Foto: picture alliance / imageBROKER)
Deutschlands Flüsse trocknen aus: Hitze und Regenmangel lassen Pegel dramatisch fallen. Nun gr… [+2635 chars]",,de,'Dürre'
https://www.freitag.de/autoren/marisa-becker/mehr-klimaschutz-durch-mitsprache-was-buergerdeliberation-moeglich-macht,https://www.freitag.de/autoren/marisa-becker/mehr-klimaschutz-durch-mitsprache-was-buergerdeliberation-moeglich-macht,0,www.freitag.de,Mehr Klimaschutz durch Mitsprache: Was Bürgerdeliberation möglich macht,"In einem Forschungsprojekt erledigten einfache Menschen jenen Job, den eigentlich die Politik abliefern müsste. Und das engagierter, sozial gerechter und durchaus angemessen, die Erderwärmung einzudämmen. Doch die Sache hat einen Haken Ein Tempolimit von 130 …",https://www.freitag.de/autoren/marisa-becker/mehr-klimaschutz-durch-mitsprache-was-buergerdeliberation-moeglich-macht/@@images/image/great,2026-07-04T12:00:00Z,,"Ein Tempolimit von 130 Kilometern pro Stunde, das Ende des Dieselprivilegs, ein günstiges Deutschlandticket und ein Verbot fossiler Heizungen in Neubauten – das klingt nach Forderungen aus dem Grunds… [+7694 chars]",,de,'Tempolimit'
https://www.prnewswire.com/news-releases/antaisolar-stellt-auf-der-intersolar-europe-2026-eine-nachfuhrsystem-losung-fur-die-landwirtschaft-mit-photovoltaik-vor-302817912.html,https://www.prnewswire.com/news-releases/antaisolar-stellt-auf-der-intersolar-europe-2026-eine-nachfuhrsystem-losung-fur-die-landwirtschaft-mit-photovoltaik-vor-302817912.html,0,www.prnewswire.com,Antaisolar stellt auf der Intersolar Europe 2026 eine Nachführsystem-Lösung für die Landwirtschaft mit Photovoltaik vor,"XIAMEN, China, 4. Juli 2026 /PRNewswire/ -- Antaisolar, ein führender Experte für digitale und intelligente Lösungen im Bereich der Photovoltaik (PV)-Montagesysteme, stellte am 25. Juni auf der Intersolar Europe 2026 in München seine Agri-PV Tracking System S…",https://mma.prnewswire.com/media/3002928/image1.jpg?p=facebook,2026-07-04T15:02:00Z,,"XIAMEN, China, 4. Juli 2026 /PRNewswire/ -- Antaisolar, ein führender Experte für digitale und intelligente Lösungen im Bereich der Photovoltaik (PV)-Montagesysteme
, stellte am 25. Juni auf der Int… [+2999 chars]",,de,'Landwirtschaft'
https://www.tagesschau.de/inland/innenpolitik/klingbeil-klimafonds-100.html,https://www.tagesschau.de/inland/innenpolitik/klingbeil-klimafonds-100.html,0,www.tagesschau.de,Haushaltsentwurf: Klingbeil will auch beim Klimafonds sparen,Die Bundesregierung will investieren - und muss sparen. Der Konsolidierungskurs von Finanzminister Klingbeil sieht auch Kürzungen beim Klima- und Transformationsfonds vor. Das könnte Einschnitte bei der Heizungsförderung zur Folge haben.,https://images.tagesschau.de/image/c6cf4965-be30-45ba-9318-87acf8c23ede/AAABngKr8ck/AAABnSSvrFg/16x9-big/klingbeil-338.jpg?width=1280,2026-07-04T15:33:12Z,,"Stand: 04.07.2026 17:33 Uhr
Die Bundesregierung will investieren - und muss sparen. Der Konsolidierungskurs von Finanzminister Klingbeil sieht auch Kürzungen beim Klima- und Transformationsfonds vor… [+3975 chars]",,de,'Dürre'
https://www.zeit.de/news/2026-07/05/duerre-im-sueden-und-osten-kaum-entspannung-in-sicht,https://www.zeit.de/news/2026-07/05/duerre-im-sueden-und-osten-kaum-entspannung-in-sicht,0,www.zeit.de,Trockenheit: Dürre im Süden und Osten – kaum Entspannung in Sicht,Hier finden Sie Informationen zu dem Thema „Trockenheit“. Lesen Sie jetzt „Dürre im Süden und Osten – kaum Entspannung in Sicht“.,https://img.zeit.de/news/2026-07/05/duerre-im-sueden-und-osten-kaum-entspannung-in-sicht-image-group/wide__1300x731,2026-07-05T02:30:13Z,,"Deutschlands Böden sind trocken besonders im Süden und Osten des Landes. Das liege jedoch weniger an der vergangenen heftigen Hitzewelle, sondern eher daran, dass es in den vergangenen acht Monaten z… [+2029 chars]",,de,'Landwirtschaft'
https://www.tagesspiegel.de/wissen/trockenheit-durre-im-suden-und-osten--kaum-entspannung-in-sicht-15801663.html,https://www.tagesspiegel.de/wissen/trockenheit-durre-im-suden-und-osten--kaum-entspannung-in-sicht-15801663.html,0,www.tagesspiegel.de,Trockenheit: Dürre im Süden und Osten – kaum Entspannung in Sicht,"Süddeutschland leuchtet auf der Dürrekarte tiefrot: Um den Mangel auszugleichen, bräuchte es einen ziemlich niederschlagsreichen Sommer. Was das für Felder, Wälder und Flüsse bedeutet.",https://www.tagesspiegel.de/images/15801662/alternates/BASE_16_9_W1400/1783218684000/trockenheit-in-brandenburg.jpeg,2026-07-05T02:31:23Z,,"Deutschlands Böden sind trocken besonders im Süden und Osten des Landes. Das liege jedoch weniger an der vergangenen heftigen Hitzewelle, sondern eher daran, dass es in den vergangenen acht Monaten z… [+2077 chars]",,de,'Dürre'
https://www.focus.de/politik/ausland/moskau-stoppt-duengemittelexporte-nach-finnland-und-erhebt-ploetzlich-neue-gebuehren_a43b0f7c-a156-41a2-8fe8-f9939c1c82d3.html,https://www.focus.de/politik/ausland/moskau-stoppt-duengemittelexporte-nach-finnland-und-erhebt-ploetzlich-neue-gebuehren_a43b0f7c-a156-41a2-8fe8-f9939c1c82d3.html,0,www.focus.de,Moskau stoppt Düngemittelexporte nach Finnland – und erhebt plötzlich neue Gebühren,Neue Bahngebühren aus Russland machen Düngerimporte nach Finnland unwirtschaftlich. Die Landwirtschaft steht unter Druck und sucht alternative Lieferquellen.,"https://quadro.burda-forward.de/ctf/781c2571-8ec6-4cc3-8a4d-7300e2fac064.3a79381c-5ad0-4d4f-b8df-ffa6fd277e3b.jpeg?im=RegionOfInterestCrop=(1200,630),regionOfInterest=(1260,700)&hash=ead6010cbbbd7127f046aa336e621631e20de30952e894e4d63468b39e383d49",2026-07-05T06:50:00Z,,"Finnland beendet den Schienentransport von Düngemitteln aus Russland, nachdem Moskau die Bahngebühren massiv erhöht hat. Die Entscheidung macht einen der letzten verbliebenen Handelswege zwischen bei… [+2369 chars]",,de,'Landwirtschaft'
https://www.faz.net/aktuell/besser-leben/stil/louis-roederer-250-jahre-champagner-cristal-gefeiert-accg-200984148.html,https://www.faz.net/aktuell/besser-leben/stil/louis-roederer-250-jahre-champagner-cristal-gefeiert-accg-200984148.html,0,www.faz.net,Kolumne „Reiner Wein“: So ein Fest wäre in Deutschland undenkbar,"Unser Kolumnist besucht eine rauschende Jubiläumsfeier des Champagne-Haus Louis Roederer – und trinkt den besten Rosé seines Lebens. Über einen Tag, von dem sich die Deutschen einiges abschauen könnten.",https://media0.faz.net/image/w1200h627/4b6e0ec5e850/w1600h836x0y683o/202607/43601.0.2292901024/250-jahre-louis-roederer-150.webp,2026-07-05T12:22:27Z,,Ende Juni feierte das Champagne-Haus Louis Roederer in Reims gleich zwei gewichtige Anlässe: seinen 250. Geburtstag und den 150. Geburtstag seines Prestige-Champagners Cristal. Von diesem kommen gege… [+4729 chars],,de,'Wein'
https://orf.at/stories/3435310/,https://orf.at/stories/3435310/,0,orf.at,Totschnig verteidigt Klimabudget,"Am Sonntag hat Klima- und Landwirtschaftsminister Norbert Totschnig (ÖVP) die ungleiche Aufteilung der Budgetgelder in seinem Ressort in der ORF-„Pressestunde“ verteidigt. Sowohl die Bäuerinnen und Bauern als auch der Umweltschutz würden profitieren, so Totsc…",https://ibs.orf.at/news?image=https%3A%2F%2Fassets.orf.at%2Fmims%2F2026%2F28%2F31%2Fcrops%2Fw%3D1200%2Ch%3D630%2Cq%3D75%2F3102054_master_1201431_totschnig_pressestunde_o.jpg%3Fs%3Db3898ea2c42216b8d0edfafb9f2caa43eb81932a,2026-07-05T13:56:45Z,,"Die Zielerreichung 2030 ist möglich, wenn jeder in seinem Bereich dazu beiträgt und alle an einem Strang ziehen, sagte Totschnig am Sonntag auf die Fragen von Hans Bürger (ORF) und Christina Traar (K… [+4015 chars]",,de,'Landwirtschaft'
https://www.tagesspiegel.de/gesellschaft/panorama/schwieriger-kampf-gegen-feuer-waldbrand-in-sudfrankreich-5000-menschen-evakuiert-15803869.html,https://www.tagesspiegel.de/gesellschaft/panorama/schwieriger-kampf-gegen-feuer-waldbrand-in-sudfrankreich-5000-menschen-evakuiert-15803869.html,0,www.tagesspiegel.de,Schwieriger Kampf gegen Feuer: Waldbrand in Südfrankreich: 5.000 Menschen evakuiert,"In Südfrankreich verschärfen Hitzewelle und Dürre die Waldbrandgefahr. 1.650 Hektar sind betroffen, 5.000 Menschen werden evakuiert.",https://www.tagesspiegel.de/images/15803868/alternates/BASE_16_9_W1400/1783272959000/waldbrande-in-sudfrankreich.jpeg,2026-07-05T17:35:59Z,,Zum Start einer erneuten Hitzewelle in Frankreich spitzt sich die Waldbrandgefahr im Süden des Landes zu. Die Präfektur des Departements Pyrénées-Orientales kündigte am Abend die Evakuierung von 5.00… [+1641 chars],,de,'Dürre'
https://www.tagesspiegel.de/gesellschaft/panorama/auch-tour-de-france-betroffen-5000-menschen-in-sudfrankreich-wegen-waldbranden-evakuiert-15803895.html,https://www.tagesspiegel.de/gesellschaft/panorama/auch-tour-de-france-betroffen-5000-menschen-in-sudfrankreich-wegen-waldbranden-evakuiert-15803895.html,0,www.tagesspiegel.de,Auch Tour de France betroffen: 5000 Menschen in Südfrankreich wegen Waldbränden evakuiert,Frankreich erwartet eine neue Hitzewelle. Anhaltende Dürre steigert bereits die Waldbrandgefahr. In mehreren Regionen herrscht Alarmstufe Rot.,https://www.tagesspiegel.de/images/15803898/alternates/BASE_16_9_W1400/1783274470000/firefighters-battle-huge-fire-near-montalba-le-chateau-trevillach.jpeg,2026-07-05T18:05:09Z,,Zum Start einer erneuten Hitzewelle in Frankreich spitzt sich die Waldbrandgefahr im Süden des Landes zu. Die Präfektur des Departements Pyrénées-Orientales kündigte am Abend die Evakuierung von 5000… [+1872 chars],,de,'Dürre'
https://www.jungewelt.de/artikel/525491.globale-landwirtschaft-indien-trägt-globales-agrarwachstum.html,https://www.jungewelt.de/artikel/525491.globale-landwirtschaft-indien-trägt-globales-agrarwachstum.html,0,www.jungewelt.de,Globale Landwirtschaft: Indien trägt globales Agrarwachstum [Online-Abo],"Die Vereinten Nationen sagen dem Subkontinent voraus, einen Großteil zur globalen Agrarproduktion der Jahre 2026 bis 2035 beizutragen. Das gehe vor allem auf die dortige Milchproduktion zurück. Für Milchbauern sind das aber noch keine guten Aussichten.",https://www.jungewelt.de/img/1100/224522.jpg,2026-07-05T18:06:37Z,,"24/7: Sofortiger Zugang zu allen Artikeln und Beilagen. Downloads, Mailausgabe, Features, das ganze Archiv.
30,90 Euro/MonatSoli: 42,90,
ermäßigt: 19,90",,de,'Landwirtschaft'
https://www.zeit.de/news/2026-07/06/nun-naht-der-abriss-windrad-laerm-laesst-anwohner-verzweifeln,https://www.zeit.de/news/2026-07/06/nun-naht-der-abriss-windrad-laerm-laesst-anwohner-verzweifeln,0,www.zeit.de,Ärger um brummendes Windrad: Nun naht der Abriss: Windrad-Lärm lässt Anwohner verzweifeln,Hier finden Sie Informationen zu dem Thema „Ärger um brummendes Windrad“. Lesen Sie jetzt „Nun naht der Abriss: Windrad-Lärm lässt Anwohner verzweifeln“.,https://img.zeit.de/news/2026-07/06/nun-naht-der-abriss-windrad-laerm-laesst-anwohner-verzweifeln-image-group/wide__1300x731,2026-07-06T04:00:06Z,,"«Holger, ich halte es nicht mehr aus.» Mit solchen Worten hätten ihn Einwohner verzweifelt beiseitegenommen und ihr Leid geklagt, erzählt Holger Quellmalz, ehrenamtlicher Bürgermeister von Oberwiera … [+7505 chars]",,de,'Wind'
https://www.zeit.de/news/2026-07/06/wolken-und-frischer-wind-ueber-nrw,https://www.zeit.de/news/2026-07/06/wolken-und-frischer-wind-ueber-nrw,0,www.zeit.de,Wetteraussichten: Wolken und frischer Wind über NRW,Hier finden Sie Informationen zu dem Thema „Wetteraussichten“. Lesen Sie jetzt „Wolken und frischer Wind über NRW“.,https://img.zeit.de/news/2026-07/06/wolken-und-frischer-wind-ueber-nrw-image-group/wide__1300x731,2026-07-06T05:04:36Z,,"Nordrhein-Westfalen muss sich in den kommenden Tagen auf viele Wolken einstellen. Am Montag ist es im Nordosten stark bewölkt, in Ostwestfalen fällt zeitweise etwas Regen, wie der Deutsche Wetterdien… [+681 chars]",,de,'Wind'
https://www.focus.de/panorama/welt/der-abriss-naht-windrad-laerm-raubt-anwohner-den-schlaf_dd466810-1157-4a19-82bb-402607fcf3e0.html,https://www.focus.de/panorama/welt/der-abriss-naht-windrad-laerm-raubt-anwohner-den-schlaf_dd466810-1157-4a19-82bb-402607fcf3e0.html,0,www.focus.de,Der Abriss naht: Windrad-Lärm raubt Anwohner den Schlaf,Zweieinhalb Jahre lang macht ein Windrad Ärger und bringt Anwohner nicht nur um ihren Schlaf. Nun soll es abgerissen werden. Ein so wohl einmaliger Vorgang bundesweit.,"https://quadro.burda-forward.de/ctf/3f14b747-d435-4041-857c-569bfc056e7a.d6217b19-7a6f-43d4-aaca-185fff61b59d.jpeg?im=RegionOfInterestCrop=(1200,630),regionOfInterest=(1024,646)&hash=5a99ab2c4a1be2a5592d47c14704bee65a7da6e23c371ae149bc4dd6501d6682",2026-07-06T05:10:00Z,,"Holger, ich halte es nicht mehr aus. Mit solchen Worten hätten ihn Einwohner verzweifelt beiseitegenommen und ihr Leid geklagt, erzählt Holger Quellmalz, ehrenamtlicher Bürgermeister von Oberwiera im… [+7101 chars]",,de,'Wind'
https://www.welt.de/videos/video6a4b4397d38ff307b918560f/waldbraende-in-suedeuropa-tausende-evakuiert-tour-de-france-von-flammen-bedroht.html,https://www.welt.de/videos/video6a4b4397d38ff307b918560f/waldbraende-in-suedeuropa-tausende-evakuiert-tour-de-france-von-flammen-bedroht.html,0,www.welt.de,Tausende evakuiert – Tour de France von Flammen bedroht,"Extreme Sommerhitze und anhaltende Dürre führen in Südfrankreich, Spanien, Portugal und Griechenland zu verheerenden Waldbränden. Tausende Menschen werden evakuiert, die Tour de France ist betroffen: Zuschauer sind an der Strecke verboten.",https://images.welt.de/6a4b4397d38ff307b918560f/50f99618c44563da7ca2e324323f3a49/ci16x9-w1200/dpa-com-260704-99-963377-jpg,2026-07-06T06:27:29Z,,"Extreme Sommerhitze und anhaltende Dürre führen in Südfrankreich, Spanien, Portugal und Griechenland zu verheerenden Waldbränden. Tausende Menschen werden evakuiert, die Tour de France ist betroffen:… [+99 chars]",,de,'Dürre'
https://www.sueddeutsche.de/panorama/waldbraende-suedfrankreich-tour-de-france-griechenland-portugal-spanien-li.3511015,https://www.sueddeutsche.de/panorama/waldbraende-suedfrankreich-tour-de-france-griechenland-portugal-spanien-li.3511015,0,www.sueddeutsche.de,Waldbrände in Südeuropa: 5000 Menschen in Südfrankreich evakuiert – Tour de France betroffen,"Hitzewelle und Dürre verschärfen die Waldbrandgefahr in Südfrankreich, auch andere Regionen kämpfen gegen Feuer. Bei der ersten Pyrenäen-Etappe der Tour de France sollen die Fans zu Hause bleiben.",https://www.sueddeutsche.de/2026/07/06/1c8538f7-71f2-4fb5-b904-8845a4c5298e.jpg?q=60&fm=webp&width=1200&rect=0%2C191%2C3678%2C2069,2026-07-06T08:36:39Z,,"Der ausufernde Brand führte auch zu einer Anpassung der dritten Etappe der Tour de France, die am Montag durch die betroffene Region führt und nun ohne Zuschauer und Werbekarawane unterwegs sein wird… [+1476 chars]",,de,'Dürre'
https://www.n-tv.de/politik/Russlands-Versorgungskrise-weitet-sich-aus-id31054220.html,https://www.n-tv.de/politik/Russlands-Versorgungskrise-weitet-sich-aus-id31054220.html,0,www.n-tv.de,Von der Tankstelle ins Brotregal: Russlands Versorgungskrise weitet sich aus,"Während Moskau die Lage beschönigt, gerät die Getreideernte ins Stocken. Wetter, ukrainische Angriffe auf Raffinerien und akuter Treibstoffmangel belasten Landwirtschaft und Logistik. Erste Warnungen vor Engpässen bei Lebensmitteln werden laut.",https://www.n-tv.de/img/31054232/1783354642/Img_16_9/1200/DIESES-FOTO-WIRD-VON-DER-RUSSISCHEN-STAATSAGENTUR-TASS-ZUR-VERFUeGUNG-GESTELLT-RUSSIA-ROSTOV-REGION-JUNE-11-2026-A-Rostselmash-2400-tractor-is-on-display-at-an-agricultural-exhibition-and-show-titled-Den-Donskogo-Polya-Don-Field-Day-in-the-town-Zernograd-some-70-km-southeast-of-Rostov-on-Don.jpg,2026-07-06T18:05:53Z,,"Getreidefeld in der Region Rostow Mitte Juni. Das Problem: Landwirtschaftliche Fahrzeuge benötigen Diesel. (Foto: picture alliance / TASS)
Während Moskau die Lage beschönigt, gerät die Getreideernte… [+5777 chars]",,de,'Landwirtschaft'
https://www.faz.net/aktuell/feuilleton/kunstmarkt/lewis-collection-ergebnisse-der-auktion-bei-sotheby-s-in-london-200993069.html,https://www.faz.net/aktuell/feuilleton/kunstmarkt/lewis-collection-ergebnisse-der-auktion-bei-sotheby-s-in-london-200993069.html,0,www.faz.net,Versteigerungen in London: Frischer Wind im Auktionssaal,"Eine Rekordversteigerung macht noch keinen Kunstmarktboom, aber in London setzen kauffreudige Sammler von Spitzenwerken moderner und zeitgenössischer Kunst Zeichen. Viele von ihnen kommen aus Asien.",https://media0.faz.net/image/w1200h627/3644aba0796b/w3624h1893x0y1380o/202606/43601.0.2206490088/schoen-anzusehen-aber-kein.webp,2026-07-06T19:55:30Z,,"Hat der Londoner Kunstmarkt den Brexit-Blues endlich überwunden?, fragt Artnet News, und die New York Times zieht nach: Eine Rekordauktion bei Sothebys begeistert London nach dem Brexit-Kater. The Ar… [+8278 chars]",,de,'Wind'
https://www.nzz.ch/wissenschaft/duerre-in-der-schweiz-die-trockenheit-verschaerft-sich-weiter-ld.10014295,https://www.nzz.ch/wissenschaft/duerre-in-der-schweiz-die-trockenheit-verschaerft-sich-weiter-ld.10014295,0,www.nzz.ch,Dürre in der Schweiz: Die Trockenheit verschärft sich weiter,"Die Gewitter in der vergangenen Woche haben nur kurzfristig für Entspannung gesorgt. Zunehmend mangelt es Böden, Gewässern und Grundwasservorkommen an Wasser. Die Waldbrandgefahr steigt. Eine Momentaufnahme.","https://img-msp-prod.nzz.ch/2026/07/06/2bcf3ddc-18fc-46bb-b7c6-753f717a14b7.jpg?width=1200&height=674&fit=bounds&quality=75&auto=webp&crop=4091,2301,x201,y379&wmark=nzz",2026-07-07T03:30:00Z,,"Die Gewitter in der vergangenen Woche haben nur kurzfristig für Entspannung gesorgt. Zunehmend mangelt es Böden, Gewässern und Grundwasservorkommen an Wasser. Die Waldbrandgefahr steigt. Eine Momenta… [+4589 chars]",,de,'Dürre'
https://www.morgenpost.de/bezirke/charlottenburg-wilmersdorf/article412491207/krankschreibung-ab-tag-1-notorische-blaumacher-auf-linie-bringen.html,https://www.morgenpost.de/bezirke/charlottenburg-wilmersdorf/article412491207/krankschreibung-ab-tag-1-notorische-blaumacher-auf-linie-bringen.html,0,www.morgenpost.de,Krankschreibung ab Tag 1: „Notorische Blaumacher auf Linie bringen“,Leserbriefe an die Berliner Morgenpost: Eine Auswahl von Zuschriften zu den Reformen der Bundesregierung und dem Umfrage-Trend der Linken.,https://img.sparknews.funkemedien.de/412459627/412459627_1783104301_v16_9_1600.jpeg,2026-07-07T04:00:00Z,,"Zum Artikel Umfrage-Überraschung in Berlin: Linke jetzt stärkste Kraft vom 1. Juli:
Die Linkspartei will enteignen. Das wird wahrscheinlich aber gar nicht notwendig sein, weil sehr viele Bürger bei … [+4971 chars]",,de,'Not'
https://www.zeit.de/news/2026-07/07/nach-regen-und-wind-kommt-die-sommerwaerme-zurueck,https://www.zeit.de/news/2026-07/07/nach-regen-und-wind-kommt-die-sommerwaerme-zurueck,0,www.zeit.de,Wetter: Nach Regen und Wind kommt die Sommerwärme zurück,Hier finden Sie Informationen zu dem Thema „Wetter“. Lesen Sie jetzt „Nach Regen und Wind kommt die Sommerwärme zurück“.,https://img.zeit.de/news/2026-07/07/nach-regen-und-wind-kommt-die-sommerwaerme-zurueck-image-group/wide__1300x731,2026-07-07T04:36:58Z,,"Nach unbeständigen Tagen mit Schauern und Wind kündigt sich in Niedersachsen zum Wochenende sommerliche Wärme an. Am Dienstag bleibt es zunächst noch stark bewölkt, zeitweise kommt es zu Regenschauer… [+839 chars]",,de,'Wind'
https://www.sueddeutsche.de/politik/usa-news-liveblog-walmart-trump-li.3511620,https://www.sueddeutsche.de/politik/usa-news-liveblog-walmart-trump-li.3511620,0,www.sueddeutsche.de,USA: Walmart senkt Lebensmittelpreise – laut Trump nach seiner Forderung,Besonders günstigeres Hackfleisch ist dem US-Präsidenten ein Anliegen. Wegen einer anhaltenden Dürre waren die Preise dafür deutlich gestiegen.,https://www.sueddeutsche.de/2026/07/07/1df80bda-69d4-48df-8cce-3e3745b2b9bf.jpg?q=60&fm=webp&width=1200&rect=0%2C154%2C3500%2C1969,2026-07-07T04:58:48Z,,"US-Präsident Donald Trump wollte den 250. Jahrestag der USA am Samstag mit einer politischen Kundgebung auf der abgesperrten National Mall in Washington begehen. Schwere Unwetter drohten jedoch, die … [+2471 chars]",,de,'Dürre'
https://www.derstandard.at/story/3000000330358/walmart-senkt-nach-aufforderung-von-trump-lebensmittelpreise,https://www.derstandard.at/story/3000000330358/walmart-senkt-nach-aufforderung-von-trump-lebensmittelpreise,0,www.derstandard.at,Walmart senkt nach Aufforderung von Trump Lebensmittelpreise,Der Schritt erfolgt vor dem Hintergrund rekordhoher Rindfleischpreise. Eine Dürre hatte die Kosten für Viehfutter erhöht,https://i.ds.at/Hd1XYQ/rs:fill:1200:600/plain/lido-images/2026/07/07/f339478f-db9d-4717-bc68-e497988114ef.jpg,2026-07-07T05:06:18Z,,"Die Preise für Rindfleisch werden laut Walmart um rund 12 Prozent gesenkt.
REUTERS/John Gress
Los Angeles/Toronto/New York Die US-Supermarktkette Walmart senkt auf Bitten von Präsident Donald Trump… [+845 chars]",,de,'Dürre'
https://taz.de/Leben-mit-Hitze/!6187924/,https://taz.de/Leben-mit-Hitze/!6187924/,0,taz.de,Leben mit Hitze: Last exit Badezimmer,"Niemand muss unter Hitze leiden. Es gibt Möglichkeiten, Wohnungen gegen Hitze zu präparieren. Schließlich haben wir ja auch Heizungen gegen die Kälte.",https://taz.de/picture/8589168/1200/41573145.jpeg,2026-07-07T05:39:00Z,,"Niemand muss unter Hitze leiden. Es gibt Möglichkeiten, Wohnungen gegen Hitze zu präparieren. Schließlich haben wir ja auch Heizungen gegen die Kälte. mehr...",,de,'Kälte'
https://www.tagesspiegel.de/internationales/chronologie-einer-entfremdung-das-schwierige-verhaltnis-zwischen-harry-william-und-vater-charles-15788055.html,https://www.tagesspiegel.de/internationales/chronologie-einer-entfremdung-das-schwierige-verhaltnis-zwischen-harry-william-und-vater-charles-15788055.html,0,www.tagesspiegel.de,"Chronologie einer Entfremdung: Das schwierige Verhältnis zwischen Harry, William und Vater Charles","Emotionale Kälte, verletzter Stolz und Prügel: Die Beziehung zwischen Prinzen und König ist beschädigt. Kann ein Besuch von Harry in Großbritannien Versöhnung bringen?",https://www.tagesspiegel.de/images/15806559/alternates/BASE_16_9_W1400/1783337328000/the-centenary-service-to-commemorate-the-battle-of-vimy-ridge.jpeg,2026-07-07T07:14:10Z,,"Es ist ein Besuch, der in Großbritannien fast so viel Aufmerksamkeit bekommt, als wäre es der amerikanische Präsident. Prinz Harry ist aus den USA in seine Heimat gereist. Am heutigen Dienstag soll e… [+333 chars]",,de,'Kälte'
https://www.n-tv.de/politik/So-will-die-Regierung-die-Gasversorgung-im-Krisenfall-absichern-id31055854.html,https://www.n-tv.de/politik/So-will-die-Regierung-die-Gasversorgung-im-Krisenfall-absichern-id31055854.html,0,www.n-tv.de,Verbraucher bezahlen Reserve: So will die Regierung die Gasversorgung im Krisenfall absichern,"Überlegungen für eine staatliche Gasreserve gibt es schon länger, nun nehmen sie einem Insider zufolge konkrete Form an. Je nach Ausmaß des Importausfalls und Wetter wären eineinhalb bis mehrere Wochen abgedeckt. Für den kommenden Winter wird es allerdings ze…",https://www.n-tv.de/img/31055953/1783410437/Img_16_9/1200/Ein-Manometer-zeigt-den-Druck-im-Erdgasnetz-auf-dem-Gelaende-des-Untergrund-Gasspeichers-der-VNG-AG-an.jpg,2026-07-07T07:46:47Z,,"Verbraucher bezahlen ReserveSo will die Regierung die Gasversorgung im Krisenfall absichern
Ein Manometer zeigt den Druck im Erdgasnetz auf dem Gelände eines Untergrund-Gasspeichers. (Foto: picture … [+2964 chars]",,de,'Gas'
https://www.tagesspiegel.de/wirtschaft/haushalt-klimafreundliches-heizen-bald-weniger-hilfen-vom-staat-15810598.html,https://www.tagesspiegel.de/wirtschaft/haushalt-klimafreundliches-heizen-bald-weniger-hilfen-vom-staat-15810598.html,0,www.tagesspiegel.de,Haushalt: Klimafreundliches Heizen: Bald weniger Hilfen vom Staat,"Die Bundesregierung muss sparen. Das betrifft auch die Förderung für Wärmepumpen und andere Heizarten, die das Klima weniger belasten als Gas und Co.",https://www.tagesspiegel.de/images/15810646/alternates/BASE_16_9_W1400/1783414971000/warmepumpen-au-engerat-vor-einem-einfamilienhaus.jpeg,2026-07-07T08:56:06Z,,Die Förderung von Wärmepumpen und anderen klimafreundlichen Heizungen soll nach Plänen der Bundesregierung in den nächsten Jahren deutlich sinken. Dies geht aus einer Vorlage für den Haushaltsausschu… [+2220 chars],,de,'Gas'
https://www.tagesspiegel.de/wirtschaft/energieversorgung-regierung-plant-staatliche-gasreserve-15811482.html,https://www.tagesspiegel.de/wirtschaft/energieversorgung-regierung-plant-staatliche-gasreserve-15811482.html,0,www.tagesspiegel.de,Energieversorgung: Regierung plant staatliche Gasreserve,"Angesichts der geopolitischen Lage ist nicht auszuschließen, dass von heute auf morgen kein Gas mehr nach Deutschland fließt. Auf solche Extremfälle will die Bundesregierung künftig vorbereitet sein.",https://www.tagesspiegel.de/images/15811481/alternates/BASE_16_9_W1400/1783422895000/gasspeicher.jpeg,2026-07-07T11:14:55Z,,"Die Bundesregierung plant eine nationale Gasreserve zur staatlichen Krisenvorsorge. Damit wolle man die Gasversorgung in außergewöhnlichen Krisensituationen absichern, sagte eine Sprecherin des Wirts… [+909 chars]",,de,'Gas'
https://www.morgenpost.de/politik/article412509284/heizungsgesetz-sorgt-weiter-fuer-streit-verfassungsgericht-soll-entscheiden.html,https://www.morgenpost.de/politik/article412509284/heizungsgesetz-sorgt-weiter-fuer-streit-verfassungsgericht-soll-entscheiden.html,0,www.morgenpost.de,Heizungsgesetz sorgt weiter für Streit – Verfassungsgericht soll entscheiden,Das neue Heizgesetz sollte noch vor der Sommerpause beschlossen werden. Nun könnte eine Klage der Linken den Zeitplan durchkreuzen.,https://img.sparknews.funkemedien.de/412508779/412508779_1783423788_v16_9_1600.jpeg,2026-07-07T11:29:49Z,,Das von CDU und SPD geplante neue Heizgesetz könnte sich verzögern. Grund ist eine Klage der Linken-Fraktion vor dem Bundesverfassungsgericht. Nach Informationen der Deutschen Presse-Agentur wird in … [+4236 chars],,de,'Heizung'
https://www.zeit.de/news/2026-07/07/soeder-fordert-kaufpraemie-fuer-gebrauchte-e-autos,https://www.zeit.de/news/2026-07/07/soeder-fordert-kaufpraemie-fuer-gebrauchte-e-autos,0,www.zeit.de,Autoindustrie: Söder fordert Kaufprämie für gebrauchte E-Autos,Hier finden Sie Informationen zu dem Thema „Autoindustrie“. Lesen Sie jetzt „Söder fordert Kaufprämie für gebrauchte E-Autos“.,https://img.zeit.de/news/2026-07/07/soeder-fordert-kaufpraemie-fuer-gebrauchte-e-autos-image-group/wide__1300x731,2026-07-07T12:52:57Z,,"CSU-Chef Markus Söder fordert eine Ausweitung der Kaufprämie auf gebrauchte Elektroautos. Die E-Auto-Prämie müsse nachgebessert werden, sagte der bayerische Ministerpräsident nach einer Sitzung seine… [+2461 chars]",,de,'E-Auto'
https://www.n-tv.de/wirtschaft/Bund-plant-Gasreserve-Finanzierung-ueber-neue-Verbraucherabgabe-id31058173.html,https://www.n-tv.de/wirtschaft/Bund-plant-Gasreserve-Finanzierung-ueber-neue-Verbraucherabgabe-id31058173.html,0,www.n-tv.de,Puffer für mehrere Tage: Bund plant Gasreserve - Finanzierung über neue Verbraucherabgabe,"Um Ausfälle und Katastrophen zu überbrücken, will die Koalition eine staatliche Gasreserve einrichten. Diese soll zehn Prozent der Speicherkapazitäten umfassen. Die Kosten von bis zu 1,5 Milliarden Euro sollen die Kunden stemmen.",https://www.n-tv.de/img/31058171/1783436550/Img_16_9/1200/29-08-2022-Jemgum-Niedersachsen-Deutschland-Gasspeicher-Jemgum-Kaverne-K103-EWE-GASSPEICHER-GmbH-bis-April-2022-Teil-der-Gazprom-Tochter-Astora-Jemgum-ist-ein-Kavernenspeicher-bei-dem-Hohlraeume-in-einem-ehemaligen-Salzstock-geschaffen-werden-und-so-eine-besonders-flexible-Lagerung-moeglich-ist-00A220829D044CARO.jpg,2026-07-07T13:09:06Z,,"Bis zu 1,5 Milliarden Euro könnte der Aufbau der strategischen Reserve kosten. (Foto: picture alliance / Caro)
Um Ausfälle und Katastrophen zu überbrücken, will die Koalition eine staatliche Gasrese… [+2479 chars]",,de,'Gas'
https://www.welt.de/finanzen/plus6a4ce4046a7f426d55f8b4df/foerderschock-bei-der-waermepumpe-so-viel-ist-nach-der-kuerzung-fuer-sie-noch-drin.html,https://www.welt.de/finanzen/plus6a4ce4046a7f426d55f8b4df/foerderschock-bei-der-waermepumpe-so-viel-ist-nach-der-kuerzung-fuer-sie-noch-drin.html,0,www.welt.de,Förderschock bei der Wärmepumpe – so viel ist nach der Kürzung für Sie noch drin,"Das Finanzministerium will die Förderung für den Heizungstausch deutlich absenken und die Zuschüsse für Wärmepumpen zeitnah anpassen. WELT erklärt, wie lange der Status quo gilt und wie viel teurer neue Anlagen in Zukunft werden.",https://images.welt.de/6a4ce4046a7f426d55f8b4df/9162f2874fe0a104fd6c02ddd91f6191/ci16x9-w1200/gettyimages-2201330317-jpg,2026-07-07T15:32:42Z,,"Das Finanzministerium will die Förderung für den Heizungstausch deutlich absenken und die Zuschüsse für Wärmepumpen zeitnah anpassen. WELT erklärt, wie lange der Status quo gilt und wie viel teurer n… [+29 chars]",,de,'Wärmepumpe'
https://www.n-tv.de/wissen/Studie-Luftverschmutzung-hinterlaesst-Spuren-an-Spermien-DNA-id31058095.html,https://www.n-tv.de/wissen/Studie-Luftverschmutzung-hinterlaesst-Spuren-an-Spermien-DNA-id31058095.html,0,www.n-tv.de,Folgen für die Nachkommen?: Studie: Luftverschmutzung hinterlässt Spuren an Spermien-DNA,"Autoverkehr, Gas- und Öl-Heizungen belasten die Luft. Eine Untersuchung zeigt nun, dass bestimmte Schadstoffe bei Männern Spuren am Erbgut von Spermien hinterlassen. Die Auswirkungen könnten sogar die nächste Generation betreffen.",https://www.n-tv.de/img/3850542/1322217780/Img_16_9/1200/8367511.jpg,2026-07-07T16:51:22Z,,"Folgen für die Nachkommen?Studie: Luftverschmutzung hinterlässt Spuren an Spermien-DNA
Bei den Spermien wurden Veränderungen an den Markierungen der DNA festgestellt, die Einfluss auf bestimmte Gene… [+3179 chars]",,de,'Gas'
https://stadt-bremerhaven.de/enbw-guenstiger-laden-an-eigenen-stationen-im-sommer/,https://stadt-bremerhaven.de/enbw-guenstiger-laden-an-eigenen-stationen-im-sommer/,0,stadt-bremerhaven.de,EnBW: Günstiger laden an eigenen Stationen im Sommer,"Kleine Sommeraktion für alle E-Auto-Fahrer, die mit der EnBW unterwegs sind: Der Energiekonzern dreht für eine begrenzte Zeit an der Preisschraube und startet eine Rabattaktion an den eigenen Ladesäulen. Vom 8. Juli bis zum 30. September 2026 gibt es einen...…",https://stadt-bremerhaven.de/wp-content/uploads/2024/12/20241213_bild-1_enbw-betreibt-als-erstes-unternehmen-mehr-als-6-000-ladepunkte_1734086778932.jpg.jpg,2026-07-07T17:00:32Z,,"Kleine Sommeraktion für alle E-Auto-Fahrer, die mit der EnBW unterwegs sind: Der Energiekonzern dreht für eine begrenzte Zeit an der Preisschraube und startet eine Rabattaktion an den eigenen Ladesäu… [+1313 chars]",,de,'E-Auto'
https://www.faz.net/aktuell/wirtschaft/klima-nachhaltigkeit/waermepumpenfoerderung-was-auf-hauseigentuemer-zukommt-201005343.html,https://www.faz.net/aktuell/wirtschaft/klima-nachhaltigkeit/waermepumpenfoerderung-was-auf-hauseigentuemer-zukommt-201005343.html,0,www.faz.net,Sparpläne: Schnell noch eine Wärmepumpe kaufen?,Zu Ampelzeiten waren die Zuschüsse für den Heizungstausch vor allem der Union ein Dorn im Auge. Jetzt soll die Förderung deutlich sinken. Was auf Hauseigentümer zukommt.,https://media0.faz.net/image/w1200h627/1e5bb81c1387/w3000h1567x0y216o/202403/43601.0.233162761/der-einbau-klimafreundlicher.webp,2026-07-07T17:00:50Z,,"Völlig überdimensioniert: Im Bundestagswahlkampf 2025 trat CSU-Chef Markus Söder als einer der schärfsten Kritiker der Wärmepumpenförderung auf. Um mindestens 50 Prozent, wenn nicht mehr könne diese … [+5302 chars]",,de,'Wärmepumpe'
https://www.tagesschau.de/inland/innenpolitik/heizungsgesetz-aenderungen-foerdergeld-100.html,https://www.tagesschau.de/inland/innenpolitik/heizungsgesetz-aenderungen-foerdergeld-100.html,0,www.tagesschau.de,Weniger Förderung: Wieder Änderungen im Heizkeller,Die Koalition muss sparen - und will das auch bei der Förderung von klimafreundlichen Heizungen tun. Weniger Geld gibt es vor allem für Haushalte mit hohem Einkommen. Zudem wird der Einbau neuer Öl- und Gasheizungen wieder erlaubt. Von Jakob Mayr.,https://images.tagesschau.de/image/d8b5a7e4-49ed-4daa-8453-7287a92960dc/AAABnhyv194/AAABnSSvrFg/16x9-big/heizungsbauer-keller-100.jpg?width=1280,2026-07-07T18:28:36Z,,"Stand: 07.07.2026 20:28 Uhr
Die Koalition muss sparen - und will das auch bei der Förderung von klimafreundlichen Heizungen tun. Weniger Geld gibt es vor allem für Haushalte mit hohem Einkommen. Zud… [+4142 chars]",,de,'Gas'
https://stadt-bremerhaven.de/polestar-4-suv-neues-e-auto-wird-ab-2-september-2026-bestellbar-sein/,https://stadt-bremerhaven.de/polestar-4-suv-neues-e-auto-wird-ab-2-september-2026-bestellbar-sein/,0,stadt-bremerhaven.de,Polestar 4 SUV: Neues E-Auto wird ab 2. September 2026 bestellbar sein,Das Modell Polestar 4 ist schon ein paar Jährchen alt und hat auch schon Kameraden wie den Polestar 5 erhalten. Doch jetzt steht eine Erweiterung der Reihe an. Denn an dem 2. September soll der Polestar 4 SUV in Deutschland...Zum Beitrag: Polestar 4 SUV: Neue…,https://stadt-bremerhaven.de/wp-content/uploads/2026/07/Polestar-4-SUV.jpg,2026-07-07T19:30:39Z,,Das Modell Polestar 4 ist schon ein paar Jährchen alt und hat auch schon Kameraden wie den Polestar 5 erhalten. Doch jetzt steht eine Erweiterung der Reihe an. Denn an dem 2. September soll der Poles… [+1057 chars],,de,'E-Auto'
https://www.nzz.ch/wissenschaft/wein-und-gesundheit-antioxidantien-gegen-alkoholrisiken-ld.10013607,https://www.nzz.ch/wissenschaft/wein-und-gesundheit-antioxidantien-gegen-alkoholrisiken-ld.10013607,0,www.nzz.ch,"ERKLÄRT - Wein enthält nicht nur schädlichen Alkohol, sondern auch gesunde Antioxidantien. Rechtfertigt das ein regelmässiges Gläschen?",Ein Fachmann über das Für und Wider des Rotweins.,"https://img-msp-prod.nzz.ch/2026/07/02/28844343-a0d0-49bc-b1f8-cfddc07ca45c.gif?width=1200&height=674&fit=bounds&quality=75&auto=webp&crop=4500,2531,x0,y234&wmark=nzz",2026-07-08T03:30:00Z,,"Ein Fachmann über das Für und Wider des Rotweins.
Nina Himmer08.07.2026, 05.30 Uhr
Zusammenfassung
Illustration Simon Tanner / NZZ
Leserfrage: Wein ist ein pflanzlicher Extrakt. Neben dem Alkohol… [+5257 chars]",,de,'Wein'
https://www.tagesschau.de/wissen/klima/windraeder-helfen-beim-waldumbau-100.html,https://www.tagesschau.de/wissen/klima/windraeder-helfen-beim-waldumbau-100.html,0,www.tagesschau.de,Wie Windräder beim Waldumbau helfen können,"In Hessen, Rheinland-Pfalz und Brandenburg stehen über 500 Windräder im Wald - in Thüringen sind es vier. Das Thema ist kontrovers, Projekte werden oft gekippt - dabei könnten sie auch eine Chance sein. Von Inka Zimmermann.",https://images.tagesschau.de/image/f783e081-69ad-4207-8402-17ce5b1397c4/AAABnzbyI9Q/AAABnSSvrFg/16x9-big/windraeder-216.jpg?width=1280,2026-07-08T04:39:59Z,,"Stand: 08.07.2026 06:39 Uhr
In Hessen, Rheinland-Pfalz und Brandenburg stehen über 500 Windräder im Wald - in Thüringen sind es vier. Das Thema ist kontrovers, Projekte werden oft gekippt - dabei kö… [+5285 chars]",,de,'Wind'
https://www.faz.net/aktuell/wirtschaft/unternehmen/enbw-chef-stamatelopoulos-ueber-die-dramatische-lage-beim-offshore-ausbau-accg-200958496.html,https://www.faz.net/aktuell/wirtschaft/unternehmen/enbw-chef-stamatelopoulos-ueber-die-dramatische-lage-beim-offshore-ausbau-accg-200958496.html,0,www.faz.net,EnBW über Energiewende: „Die Situation im Offshore-Bereich hat sich dramatisch verschlechtert“,Georg Stamatelopoulos ist Vorstandsvorsitzender des Energieversorgers EnBW. Im Interview verteidigt er die Förderkürzungen für erneuerbare Energien und fordert weniger Windräder in Nord- und Ostsee als bislang geplant.,https://media0.faz.net/image/w1200h627/1bf5748bea1d/w3000h1567x0y312o/202407/43601.0.460295491/enbw-betreibt-unter-anderem.webp,2026-07-08T05:14:56Z,,"Herr Stamatelopoulos, Bundeswirtschaftsministerin Katherina Reiche (CDU) will die Förderung erneuerbarer Energien kürzen und neue Gaskraftwerke bauen lassen. Teilen Sie den Eindruck vieler Kritiker, … [+11060 chars]",,de,'Wind'
https://www.faz.net/aktuell/rhein-main/frankfurt/studie-zu-e-autos-elektroautos-sind-besser-als-ihr-ruf-accg-201002502.html,https://www.faz.net/aktuell/rhein-main/frankfurt/studie-zu-e-autos-elektroautos-sind-besser-als-ihr-ruf-accg-201002502.html,0,www.faz.net,ADAC-Umfrage: E-Autos besser als ihr Ruf,"Eine Umfrage zeigt: Im Alltag bewähren sich Elektroautos besser, als diejenigen vermuten, die keines fahren.",https://media0.faz.net/image/w1200h627/9a56a32a5e74/w5795h3027x0y418o/202605/43601.0.2167721403/fahrer-von-e-autos-sind.webp,2026-07-08T07:13:30Z,,"Elektroautos bewähren sich im Alltag offenbar weitaus besser, als Autofahrer vermuten, die mit einem Verbrenner unterwegs sind. Einer Umfrage der Frankfurt University of Applied Sciences, der vormali… [+1153 chars]",,de,'E-Auto'
https://www.welt.de/vermischtes/article6a4de979bb0cf80de56a1bf1/wetter-in-deutschland-es-wird-ein-scheisssommer-fuer-weite-teile-mitteleuropas-sagt-joerg-kachelmann.html,https://www.welt.de/vermischtes/article6a4de979bb0cf80de56a1bf1/wetter-in-deutschland-es-wird-ein-scheisssommer-fuer-weite-teile-mitteleuropas-sagt-joerg-kachelmann.html,0,www.welt.de,"„Es wird ein Scheißsommer“, sagt Jörg Kachelmann",Eine „ausgeprägte Hitzewelle“ könnte Deutschland erspart bleiben. Aber mit Blick auch auf die Dürre spricht Meteorologe Jörg Kachelmann von einer „katastrophalen Monatsvorhersage“ für weite Teile Mitteleuropas.,https://images.welt.de/6a4de979bb0cf80de56a1bf1/88236af9cfa5ac93be634fc5324fa27d-master/ci16x9-w1200/597706241-jpg,2026-07-08T08:14:34Z,,Eine ausgeprägte Hitzewelle könnte Deutschland erspart bleiben. Aber mit Blick auch auf die Dürre spricht Meteorologe Jörg Kachelmann von einer katastrophalen Monatsvorhersage für weite Teile Mittele… [+2479 chars],,de,'Dürre'
https://www.golem.de/sonstiges/zustimmung/auswahl.html?from=https://www.golem.de/news/assassin-s-creed-black-flag-resynced-mehr-arrr-als-assassine-2607-210564.html&referer=https://t.co/51be68a667,https://www.golem.de/sonstiges/zustimmung/auswahl.html?from=https://www.golem.de/news/assassin-s-creed-black-flag-resynced-mehr-arrr-als-assassine-2607-210564.html&referer=https://t.co/51be68a667,0,www.golem.de,Assassin's Creed Black Flag Resynced: Mehr Arrr als Assassine!,"Wird Assassin's Creed Black Flag Resynced frischen Wind in die Segel von Ubisoft blasen - oder ist es nur fauliges Wasser in neuen Fässern? Ein Test von Tim Elsner (Assassin's Creed, Lego)",,2026-07-08T10:00:02Z,,"Besuchen Sie Golem.de wie gewohnt mit Werbung und Tracking,
 indem Sie der Nutzung aller Cookies zustimmen.
 Details zum Tracking finden Sie im Privacy Center.
Skript wurde nicht geladen. Informat… [+607 chars]",,de,'Wind'
https://www.derstandard.at/story/3000000330589/warum-europas-baeume-absterben-selbst-nach-guten-jahren,https://www.derstandard.at/story/3000000330589/warum-europas-baeume-absterben-selbst-nach-guten-jahren,0,www.derstandard.at,Warum Europas Bäume absterben – selbst nach guten Jahren,"Eine Studie an französischen Wäldern zeigt, dass nicht nur Dürre und Hitze das Baumsterben antreiben. Auch milde Winter und feuchte Frühjahre erhöhen das Risiko",https://i.ds.at/l1Ezyg/rs:fill:1200:600/plain/lido-images/2026/07/08/80f77f40-dbac-44e3-84ad-48a5ab1e7211.jpg,2026-07-08T10:12:00Z,,"Sie entscheiden darüber, wie Sie unsere Inhalte nutzen wollen. Ihr Gerät erlaubt uns derzeit leider nicht, die entsprechenden Optionen anzuzeigen.
Bitte deaktivieren Sie sämtliche Hard- und Software… [+180 chars]",,de,'Dürre'
https://www.n-tv.de/politik/Bund-kuerzt-Foerderung-fuer-den-Heizungstausch-id31064624.html,https://www.n-tv.de/politik/Bund-kuerzt-Foerderung-fuer-den-Heizungstausch-id31064624.html,0,www.n-tv.de,Kosten für Installation zu hoch?: Bund kürzt Förderung für den Heizungstausch,"Der Bund fördert den Heizungstausch. Doch der Zuschuss soll sinken - und das für Neuanträge praktisch sofort. Das soll einerseits den Haushalt entlasten. Andererseits aber auch die Branche zwingen, effektiver zu arbeiten.",https://www.n-tv.de/img/31064619/1783535881/Img_16_9/1200/Ein-Mitarbeiter-arbeitet-in-der-Endmontage-einer-Waermepumpe-im-Werk-Hoexter-von-Stiebel-Eltron-beim-Start-der-Waermepumpenfertigung-Stiebel-Eltron-produziert-nach-eigenen-Angaben-nun-auch-am-Standort-Hoexter-hocheffiziente-Waermepumpen-der-neusten-Generation.jpg,2026-07-08T17:14:00Z,,"Der Bund fördert den Heizungstausch. Doch der Zuschuss soll sinken - und das für Neuanträge praktisch sofort. Das soll einerseits den Haushalt entlasten. Andererseits aber auch die Branche zwingen, e… [+2932 chars]",,de,'Wärmepumpe'
https://kaernten.orf.at/stories/3361829/,https://kaernten.orf.at/stories/3361829/,0,kaernten.orf.at,Ärger über Weinlieferung: Rauferei,"In Krumpendorf ist es am Mittwochvormittag zu einer Rauferei zwischen zwei Männern gekommen. Einer von ihnen hatte als Taxilenker einer Frau zwei Flaschen Wein geliefert. Der andere Mann sagte, er mache sich Sorgen um die Gesundheit der Frau und stellte den T…",https://ibs.orf.at/ktn?image=https%3A%2F%2Foekastatic.orf.at%2Fmojo%2F1_4_1%2Fstoryserver%2Foeka%2Fcommon%2Fimages%2Fog-fallback-ktn.png%3Fs%3Dd1ef40bef2ffd65644b4df37900c0e4d80e97249,2026-07-08T17:16:09Z,,Der Vorfall ereignete sich am Mittwoch gegen 11.15 Uhr. Ein 56 Jahre alter Taxilenker hatte einer Frau auf deren Bestellung zwei Flaschen Wein an ihre Wohnadresse geliefert. Ein 72 Jahre alter Bekann… [+395 chars],,de,'Wein'
https://www.zeit.de/news/2026-07/08/notruf-aus-32-metern-tiefe-maenner-aus-lavatunneln-gerettet,https://www.zeit.de/news/2026-07/08/notruf-aus-32-metern-tiefe-maenner-aus-lavatunneln-gerettet,0,www.zeit.de,Tief unter der Erde: Notruf aus 32 Metern Tiefe – Männer aus Lavatunneln gerettet,Hier finden Sie Informationen zu dem Thema „Tief unter der Erde“. Lesen Sie jetzt „Notruf aus 32 Metern Tiefe – Männer aus Lavatunneln gerettet“.,https://img.zeit.de/news/2026-07/08/notruf-aus-32-metern-tiefe-maenner-aus-lavatunneln-gerettet-image-group/wide__1300x731,2026-07-08T19:14:03Z,,"Dunkel, kalt und tief: Drei Heranwachsende haben sich in Mendig in der Osteifel im unterirdischen Lava-Tunnelsystem verirrt. Obwohl es verboten ist, seien sie in die Stollen gelangt, hätten dann aber… [+1817 chars]",,de,'Not'
https://www.zeit.de/news/2026-07/09/erntehelfer-aus-indien-verblutet-16-jahre-gefaengnis,https://www.zeit.de/news/2026-07/09/erntehelfer-aus-indien-verblutet-16-jahre-gefaengnis,0,www.zeit.de,Ausbeutung in Landwirtschaft: Erntehelfer aus Indien verblutet: 16 Jahre Gefängnis,Hier finden Sie Informationen zu dem Thema „Ausbeutung in Landwirtschaft“. Lesen Sie jetzt „Erntehelfer aus Indien verblutet: 16 Jahre Gefängnis“.,https://img.zeit.de/news/2026-07/09/erntehelfer-aus-indien-verblutet-16-jahre-gefaengnis-image-group/wide__1300x731,2026-07-08T22:29:04Z,,In Italien hat ein Landwirt einen Erntehelfer aus Indien nach einem Arbeitsunfall auf dem Feld verbluten lassen - jetzt wurde er deshalb zu 16 Jahren Haft verurteilt. Ein Gericht in Latina südlich vo… [+2367 chars],,de,'Landwirtschaft'
https://www.welt.de/wirtschaft/video6a4f2e107db038df25525a2c/sparprogramm-neue-druckposition-fuer-diese-regierung-vw-plant-massiven-stellenabbau.html,https://www.welt.de/wirtschaft/video6a4f2e107db038df25525a2c/sparprogramm-neue-druckposition-fuer-diese-regierung-vw-plant-massiven-stellenabbau.html,0,www.welt.de,„Neue Druckposition für diese Regierung“ – VW plant massiven Stellenabbau,Die deutsche Autobranche steht unter Druck: Hohe Arbeits- und Energiekosten sowie internationale Konkurrenz gefährden bis zu 100.000 Stellen. Dorothea Schupelius mit einer Einschätzung.,https://images.welt.de/6a4f2e107db038df25525a2c/665a6748fe10dc0cf1e1e9e5df1ad70a/ci16x9-w1200/1783558895629-afp-b9lr39f-jpg,2026-07-09T05:55:04Z,,Die WELT als ePaper: Die vollständige Ausgabe steht Ihnen bereits am Vorabend zur Verfügung so sind Sie immer hochaktuell informiert. Weitere Informationen https://epaper.welt.de,,de,'Energiekosten'
https://www.faz.net/aktuell/rhein-main/frankfurt/obdachlose-in-frankfurt-was-kommt-nach-b-ebene-und-zeltstadt-accg-201009888.html,https://www.faz.net/aktuell/rhein-main/frankfurt/obdachlose-in-frankfurt-was-kommt-nach-b-ebene-und-zeltstadt-accg-201009888.html,0,www.faz.net,"Obdachlose in Frankfurt: „Gestern B-Ebene, heute Zelte – und morgen ...?“","In Frankfurt schlafen Hunderte Menschen jede Nacht in Notunterkünften – seit eineinhalb Wochen auch in Zelten mitten in der Stadt. Ein Besuch in den Wallanlagen, wo ein Provisorium das nächste ablöst.",https://media0.faz.net/image/w1200h627/d2991d17483f/w5760h3009x0y535o/202607/43601.0.2313402272/notunterkunft-90-feldbetten.webp,2026-07-09T06:26:30Z,,"Dienstag, 20.45 Uhr, Bockenheimer Anlage. Auf den Bänken und auf dem Rasen im Schatten des Hilton Hotels sitzen etwa zwei Dutzend Menschen,  starren in ihre Handys, rauchen oder unterhalten sich. Man… [+8014 chars]",,de,'Not'
https://www.sueddeutsche.de/wissen/deutschland-rki-hitzetote-juni-li.3513105,https://www.sueddeutsche.de/wissen/deutschland-rki-hitzetote-juni-li.3513105,0,www.sueddeutsche.de,Globale Erwärmung: RKI geht von Tausenden Toten durch Juni-Hitzewelle aus,Noch sorgt Kälte in Europa für mehr Sterbefälle als Hitze. Doch das ändert sich mit dem Klimawandel. Aktuelle Berechnungen gehen für Juni von 4300 Hitzetoten in Deutschland aus.,https://www.sueddeutsche.de/2026/07/09/c62135e1-ef7f-4ac7-be17-90391a539e0e.jpg?q=60&fm=webp&width=1200&rect=0%2C209%2C4000%2C2250,2026-07-09T07:53:12Z,,"Laut Bericht des RKI machen Menschen im Alter von über 75 Jahren über 80 Prozent der Hitzetoten aus. Außerdem verstürben mehr Frauen als Männer, was sich aber durch den höheren Frauenanteil in den äl… [+3785 chars]",,de,'Kälte'
https://www.sueddeutsche.de/muenchen/muenchen-eckart-witzigmann-tantris-fine-dining-fitzroy-li.3511745,https://www.sueddeutsche.de/muenchen/muenchen-eckart-witzigmann-tantris-fine-dining-fitzroy-li.3511745,0,www.sueddeutsche.de,Neues aus der Münchner Gastro-Szene: Das Tantris ehrt Eckart Witzigmann,Das Münchner Sternerestaurant Tantris widmet seinem wahrscheinlich berühmtesten Koch ein eigenes Menü: Kürzlich hat Eckart Witzigmann seinen 85. Geburtstag gefeiert.,https://www.sueddeutsche.de/2022/06/08/ec211ce2-fb06-402b-a805-db1a7e39b1e3.jpeg?q=60&fm=webp&width=1200&rect=0%2C39%2C1367%2C769,2026-07-09T11:08:24Z,,"Eichbauer, der Gründer des Tantris, wollte die Stadt kulinarisch auf ein anderes Niveau heben. Dafür ließ er an der Johann-Fichte-Straße diesen bis heute erstaunlichen Bau errichten, orange, rot, sam… [+3453 chars]",,de,'Wein'
https://www.zeit.de/news/2026-07/09/linke-scheitert-mit-klage-gegen-neues-heizungsgesetz,https://www.zeit.de/news/2026-07/09/linke-scheitert-mit-klage-gegen-neues-heizungsgesetz,0,www.zeit.de,Bundesverfassungsgericht: Linke scheitert mit Klage gegen neues Heizungsgesetz,Hier finden Sie Informationen zu dem Thema „Bundesverfassungsgericht“. Lesen Sie jetzt „Linke scheitert mit Klage gegen neues Heizungsgesetz“.,https://img.zeit.de/news/2026-07/09/linke-scheitert-mit-klage-gegen-neues-heizungsgesetz-image-group/wide__1300x731,2026-07-09T11:09:41Z,,"Die Bundestagsfraktion der Linken ist in Karlsruhe mit dem Versuch gescheitert, die geplante Verabschiedung des neuen Heizungsgesetzes vorerst zu stoppen. Das Bundesverfassungsgericht verwarf eine Or… [+2499 chars]",,de,'Heizung'
https://t3n.de/news/e-autos-verbrenner-preis-ki-produktion-1745354/,https://t3n.de/news/e-autos-verbrenner-preis-ki-produktion-1745354/,0,t3n.de,"E-Autos zum Verbrenner-Preis: Vietnamesischer Hersteller zeigt, wie es gehen soll","Elektroautos sind teuer, die Produktion komplex. Der vietnamesische Hersteller VinFast setzt auf KI-gesteuerte Fertigung und vereinfachte Architekturen, um Kosten zu senken – ohne Abstriche bei der Qualität. Die Strategie dahinter.
weiterlesen auf t3n.de",https://cdn.t3n.de/news/wp-content/uploads/2026/06/image-9.png?class=content,2026-07-09T11:30:00Z,,"Elektroautos sind für viele Käufer noch immer zu teuer. Hohe Batteriekosten, komplexe Produktionsprozesse und teure Komponenten treiben die Preise nach oben. Der vietnamesische Hersteller VinFast wil… [+3692 chars]",,de,'ÖPNV'
https://hallespektrum.de/aktuelles/immer-weniger-beschaeftigte-in-der-landwirtschaft-saisonkraefte-aus-dem-ausland-immer-wichtiger/477886/,https://hallespektrum.de/aktuelles/immer-weniger-beschaeftigte-in-der-landwirtschaft-saisonkraefte-aus-dem-ausland-immer-wichtiger/477886/,0,hallespektrum.de,Immer weniger Beschäftigte in der Landwirtschaft – Saisonkräfte aus dem Ausland immer wichtiger,Die Zahl der Beschäftigten in der Landwirtschaft Sachsen-Anhalts ist in den vergangenen zehn Jahren deutlich zurückgegangen. Nach Angaben der Bundesagentur für Arbeit arbeiteten im September 2025 noch 12.159 sozialversicherungspflichtig Beschäftigte in landwi…,https://hallespektrum.de/wp-content/uploads/2025/07/spargel.jpg,2026-07-09T12:50:15Z,,Die Zahl der Beschäftigten in der Landwirtschaft Sachsen-Anhalts ist in den vergangenen zehn Jahren deutlich zurückgegangen. Nach Angaben der Bundesagentur für Arbeit arbeiteten im September 2025 noc… [+1251 chars],,de,'Landwirtschaft'
https://www.zeit.de/news/2026-07/09/saisonkraefte-aus-dem-ausland-bleiben-fuer-ernte-unentbehrlich,https://www.zeit.de/news/2026-07/09/saisonkraefte-aus-dem-ausland-bleiben-fuer-ernte-unentbehrlich,0,www.zeit.de,Landwirtschaft: Saisonkräfte aus dem Ausland bleiben für Ernte unentbehrlich,Hier finden Sie Informationen zu dem Thema „Landwirtschaft“. Lesen Sie jetzt „Saisonkräfte aus dem Ausland bleiben für Ernte unentbehrlich“.,https://img.zeit.de/news/2026-07/09/saisonkraefte-aus-dem-ausland-bleiben-fuer-ernte-unentbehrlich-image-group/wide__1300x731,2026-07-09T13:51:22Z,,In Thüringens Landwirtschaft arbeiten immer weniger Arbeitskräfte. In den Agrarbetrieben im Freistaat waren im September 2025 noch 11.338 sozialversicherungspflichtig Beschäftigte tätig und damit kna… [+2010 chars],,de,'Landwirtschaft'
https://www.welt.de/gesundheit/article6a4f7335a6db83ce8f123f55/hitze-vorzeitige-todesfaelle-wie-man-die-aktuellen-zahlen-der-hitzetoten-einordnen-muss.html,https://www.welt.de/gesundheit/article6a4f7335a6db83ce8f123f55/hitze-vorzeitige-todesfaelle-wie-man-die-aktuellen-zahlen-der-hitzetoten-einordnen-muss.html,0,www.welt.de,Wie man die aktuellen Zahlen der Hitzetoten einordnen muss,Nach der Hitzewelle Ende Juni drohen nun erneut hohe Temperaturen. Das Robert Koch-Institut geht von Tausenden Hitzetoten aus. Für die Aussagekraft dieser Statistik ist vor allem ein Faktor relevant.,https://images.welt.de/6a4f7335a6db83ce8f123f55/b0617ada1c9397e1cdf66405f4d41281-master/ci16x9-w1200/604164980-jpg,2026-07-09T15:44:06Z,,Nach der Hitzewelle Ende Juni drohen nun erneut hohe Temperaturen. Das Robert Koch-Institut geht von Tausenden Hitzetoten aus. Für die Aussagekraft dieser Statistik ist vor allem ein Faktor relevant.… [+5123 chars],,de,'Kälte'
https://www.tagesspiegel.de/potsdam/landeshauptstadt/feiern-am-potsdamer-klausberg-weinfest-zum-jubilaum-am-koniglichen-weinberg-nahe-sanssouci-15825202.html,https://www.tagesspiegel.de/potsdam/landeshauptstadt/feiern-am-potsdamer-klausberg-weinfest-zum-jubilaum-am-koniglichen-weinberg-nahe-sanssouci-15825202.html,0,www.tagesspiegel.de,Feiern am Potsdamer Klausberg: Weinfest zum Jubiläum am Königlichen Weinberg nahe Sanssouci,Auf dem Potsdamer Klausberg beginnt am Freitag das 14. Königliche Weinfest – es wird ein Jubiläum gefeiert: Das Sozialprojekt zur Rekultivierung der Nutzgartenanlage wird 20 Jahre alt.,https://www.tagesspiegel.de/images/15825200/alternates/BASE_16_9_W1400/1783612076000/1627638634514-e475c4ee-9a08-4a59-864a-a45bd83f0d33-25.jpeg,2026-07-09T15:53:40Z,,"Wein, Kultur und Königinnen sind für das 14. Königliche Weinfest auf dem Klausberg angekündigt, das am Freitag startet. Das Fest steht unter einem besonderen Zeichen: Das gesamte soziokulturelle Proj… [+2105 chars]",,de,'Wein'
https://www.zeit.de/news/2026-07/10/abstimmung-im-bundestag-was-sich-beim-heizen-jetzt-aendert,https://www.zeit.de/news/2026-07/10/abstimmung-im-bundestag-was-sich-beim-heizen-jetzt-aendert,0,www.zeit.de,Heizungsgesetz: Abstimmung im Bundestag: Was sich beim Heizen jetzt ändert,Hier finden Sie Informationen zu dem Thema „Heizungsgesetz“. Lesen Sie jetzt „Abstimmung im Bundestag: Was sich beim Heizen jetzt ändert“.,https://img.zeit.de/news/2026-07/10/abstimmung-im-bundestag-was-sich-beim-heizen-jetzt-aendert-image-group/wide__1300x731,2026-07-10T02:30:06Z,,Das «Heizungsgesetz» der früheren Ampel-Regierung ist bald Geschichte. Der Bundestag soll heute über das neue Gebäudemodernisierungsgesetz abstimmen. Damit sollen zentrale Regelungen des bestehenden … [+5611 chars],,de,'Heizung'
https://noe.orf.at/stories/3361982/,https://noe.orf.at/stories/3361982/,0,noe.orf.at,Weizen in Notreife: Ernte beginnt früher,Hitze und Trockenheit belasten die Landwirtschaft massiv. Die zuletzt hohen Temperaturen haben den Reifeprozess der Pflanzen deutlich beschleunigt. Auf den Weizenfeldern gibt es derzeit eine Notreife. Die Ernte startet daher heuer früher als sonst.,https://ibs.orf.at/noe?image=https%3A%2F%2Foekastatic.orf.at%2Fmims%2F2026%2F28%2F86%2Fcrops%2Fw%3D1200%2Ch%3D627%2Cq%3D75%2F3107678_master_1203686_weizen2.jpg%3Fs%3Dc32fa86c7a89d2d7e761216d85bc7ff67ad0e5c0,2026-07-10T03:27:37Z,,In Steinabrunn in der Gemeinde Großmugl (Bezirk Korneuburg) hat die Ernte bereits begonnen zehn bis 14 Tage früher als sonst. Hier führt Getreidebauer und AMA-Marketing-Aufsichtsratsvorsitzender Lore… [+1613 chars],,de,'Landwirtschaft'
https://salzburg.orf.at/stories/3359478/,https://salzburg.orf.at/stories/3359478/,0,salzburg.orf.at,Österreichs Fischen droht Erstickungstod,"Trockenheit, niedrige Wasserstände und Hitzewellen haben Gewässern und Fischen heuer schon erheblich zugesetzt. Auch der kürzliche Regen entschärft die schwierige Lage langfristig nicht. Heuer führten Bewirtschafter bereits vermehrt Notabfischungen durch, um …",https://ibs.orf.at/sbg?image=https%3A%2F%2Foekastatic.orf.at%2Fmims%2F2026%2F26%2F47%2Fcrops%2Fw%3D1200%2Ch%3D627%2Cq%3D75%2F3084226_master_1194147_74881b5b-9434-4678-9623-c1c3b5677d2f.jpg%3Fs%3D42caf6b0191792b5be9339e1d44e0fe335075615,2026-07-10T03:45:02Z,,"Wenn Salzburgs Bäche, Flüsse und Seen im Sommer zu warm werden, wird es für viele heimische Fischarten eng. Besonders Bachforelle, Äsche und Koppe sind auf kühles, sauerstoffreiches Wasser angewiesen… [+7277 chars]",,de,'Landwirtschaft'
https://www.focus.de/politik/briefing/revolver-gipfel-in-ankara-suerpriz-mit-scharfer-munition_ccd6a97b-fdf9-4cb3-ab90-78c1955ddefa.html,https://www.focus.de/politik/briefing/revolver-gipfel-in-ankara-suerpriz-mit-scharfer-munition_ccd6a97b-fdf9-4cb3-ab90-78c1955ddefa.html,0,www.focus.de,Revolver-Gipfel in Ankara: „Sürpriz“ mit scharfer Munition,Andere verschenken Wein oder Kaffeebecher. Präsident Erdoğan entschied sich für personalisierte Revolver. Das stieß auf unterschiedliche Reaktionen.,"https://quadro.burda-forward.de/ctf/78e72182-ea1a-439f-b29f-b85e15037ec0.4eb94e1f-ab44-4a5f-b852-5c3a2985bf40.jpg?im=RegionOfInterestCrop=(1200,630),regionOfInterest=(607,359)&hash=cc91445ca3c7bb411b0b928ea7ba11bc0b44dc19b46b10cc16528ea9d1e7bb4c",2026-07-10T04:35:00Z,,"Es gibt Geschenke, die direkt im Schrottwichtel-Korb landen. Und solche, bei denen man kurz prüft, ob die UN-Waffenkonvention greift.
Der türkische Staatspräsident Recep Tayyip Erdoan entschied sich… [+3070 chars]",,de,'Wein'
https://salzburg.orf.at/stories/3362017/,https://salzburg.orf.at/stories/3362017/,0,salzburg.orf.at,Vier Bergsteiger am Breithorn per Tau geborgen,Zwei Frauen und zwei Männer aus Polen sind am Donnerstagabend am Breithorn in Saalfelden am Steinernen Meer (Pinzgau) in ausgesetztem Gelände nicht mehr weitergekommen und wurden per Polizeihubschrauber gerettet. Die Bergrettung appelliert erneut zu sorgfälti…,https://ibs.orf.at/sbg?image=https%3A%2F%2Foekastatic.orf.at%2Fmims%2F2026%2F28%2F29%2Fcrops%2Fw%3D1200%2Ch%3D627%2Cq%3D75%2F3108042_master_1203829_breithorn090726.jpg%3Fs%3D28b73740be08eab5ed4527b3e02e7e28f80abb51,2026-07-10T05:35:49Z,,Die vier polnischen Bergsteigerinnen und Bergsteiger wollten am Donnerstagmittag von Maria Alm (Pinzgau) über den Südanstieg auf das 2.504 Meter hohe Breithorn aufsteigen. Laut Bergrettung ist die Ro… [+1051 chars],,de,'Tau'
https://orf.at/stories/3435786/,https://orf.at/stories/3435786/,0,orf.at,Schon zwölf Tote bei Waldbrand in Spanien,Bei einem großen Waldbrand im Süden Spaniens sind schon mindestens zwölf Menschen ums Leben gekommen. Das teilte der Notdienst der Region Andalusien in der Nacht auf Freitag auf der Plattform X mit. Zuvor war von sechs Toten die Rede gewesen. Allerdings kenne…,https://ibs.orf.at/news?image=https%3A%2F%2Fassets.orf.at%2Fmims%2F2026%2F28%2F36%2Fcrops%2Fw%3D1200%2Ch%3D630%2Cq%3D75%2F3108063_master_1203836_klima_waldbrand_tote_spanien_r.jpg%3Fs%3Db35a314fd90a83c3e353e8ec8cf8b1ccf1e595a8,2026-07-10T06:34:39Z,,Einige der Opfer seien in ihren Fahrzeugen von den Flammen eingeschlossen worden und verbrannt. Etwa zehn Menschen wurden RTVE zufolge verletzt und einige von ihnen in Krankenhäuser gebracht. Der Bra… [+4286 chars],,de,'Wind'
https://www.golem.de/sonstiges/zustimmung/auswahl.html?from=https://www.golem.de/news/heizungsgesetz-gas-und-oelheizungen-werden-hinter-buerokratie-versteckt-2607-210736.html&referer=https://t.co/665d7961c6,https://www.golem.de/sonstiges/zustimmung/auswahl.html?from=https://www.golem.de/news/heizungsgesetz-gas-und-oelheizungen-werden-hinter-buerokratie-versteckt-2607-210736.html&referer=https://t.co/665d7961c6,0,www.golem.de,Heizungsgesetz: Gas- und Ölheizungen werden hinter Bürokratie versteckt,"Der Einbau neuer Gasheizungen wird wieder erlaubt, aber für Mieter wie Vermieter könnte es kompliziert werden. (Energiewende, Politik)",,2026-07-10T07:58:02Z,,"Besuchen Sie Golem.de wie gewohnt mit Werbung und Tracking,
 indem Sie der Nutzung aller Cookies zustimmen.
 Details zum Tracking finden Sie im Privacy Center.
Skript wurde nicht geladen. Informat… [+607 chars]",,de,'Gas'
https://www.zeit.de/news/2026-07/10/getreideernte-in-schleswig-holstein-beginnt,https://www.zeit.de/news/2026-07/10/getreideernte-in-schleswig-holstein-beginnt,0,www.zeit.de,Landwirtschaft im Norden: Getreideernte in Schleswig-Holstein beginnt,Hier finden Sie Informationen zu dem Thema „Landwirtschaft im Norden“. Lesen Sie jetzt „Getreideernte in Schleswig-Holstein beginnt“.,https://img.zeit.de/news/2026-07/10/getreideernte-in-schleswig-holstein-beginnt-image-group/wide__1300x731,2026-07-10T08:25:20Z,,"Mit dem Einfahren der Wintergerste hat in Schleswig-Holstein die Getreideernte begonnen. Je nach Region und Standort seien die ersten Betriebe bereits auf den Feldern unterwegs, teilte die Landwirtsc… [+1277 chars]",,de,'Landwirtschaft'
https://taz.de/Kunst-gegen-Kaelte/!6191101/,https://taz.de/Kunst-gegen-Kaelte/!6191101/,0,taz.de,Kunst gegen Kälte: Wo Schlingensief die Suppe gereicht hat,"Ein paar Stunden im Warmen, dazu ein schräges Konzert: In Hamburg wurde mit einem Buch an die „Mission“ erinnert und ihre ganz eigene Straßensozialarbeit.",https://taz.de/picture/8601788/1200/9042808.jpeg,2026-07-10T11:10:00Z,,"Ein paar Stunden im Warmen, dazu ein schräges Konzert: In Hamburg wurde mit einem Buch an die „Mission“ erinnert und ihre ganz eigene Straßensozialarbeit. mehr...",,de,'Kälte'
https://www.zeit.de/news/2026-07/10/neues-heizgesetz-beschlossen-was-sich-jetzt-aendert,https://www.zeit.de/news/2026-07/10/neues-heizgesetz-beschlossen-was-sich-jetzt-aendert,0,www.zeit.de,Heizungsgesetz: Neues Heizgesetz beschlossen: Was sich jetzt ändert,Hier finden Sie Informationen zu dem Thema „Heizungsgesetz“. Lesen Sie jetzt „Neues Heizgesetz beschlossen: Was sich jetzt ändert“.,https://img.zeit.de/news/2026-07/10/neues-heizgesetz-beschlossen-was-sich-jetzt-aendert-image-group/wide__1300x731,2026-07-10T12:00:11Z,,Das «Heizungsgesetz» der früheren Ampel-Regierung ist bald Geschichte. Der Bundestag hat das neue Gebäudemodernisierungsgesetz beschlossen. Damit kippt die schwarz-rote Koalition zentrale Regelungen … [+5922 chars],,de,'Heizung'
https://www.tagesspiegel.de/politik/auch-bundesrat-stimmt-zu-heizungsgesetz-der-ampel-regierung-wird-aufgeweicht-15827458.html,https://www.tagesspiegel.de/politik/auch-bundesrat-stimmt-zu-heizungsgesetz-der-ampel-regierung-wird-aufgeweicht-15827458.html,0,www.tagesspiegel.de,Auch Bundesrat stimmt zu: Heizungsgesetz der Ampel-Regierung wird aufgeweicht,Bundestag und Bundesrat haben das neue Gebäudemodernisierungsgesetz beschlossen. Damit werden Kernpunkte der von der früheren Ampel-Regierung beschlossenen Regelungen gekippt.,https://www.tagesspiegel.de/images/15827479/alternates/BASE_16_9_W1400/1783684971000/bundestag.jpeg,2026-07-10T12:05:05Z,,"Das neue Heizungsgesetz ist endgültig beschlossen worden. Nachdem der Bundestag das sogenannte Gebäudemodernisierungsgesetz am frühen Freitagnachmittag verabschiedet hatte, verzichtete der Bundesrat … [+7250 chars]",,de,'Wärmepumpe'
https://www.sueddeutsche.de/politik/bundesregierung-liveblog-union-bundestag-gesundheitsreform-heizungsgesetz-li.3495864,https://www.sueddeutsche.de/politik/bundesregierung-liveblog-union-bundestag-gesundheitsreform-heizungsgesetz-li.3495864,0,www.sueddeutsche.de,Bundespolitik: Bundestag stimmt für neues Heizungsgesetz,Damit kippt das Parlament Kernpunkte im umstrittenen Gesetz der Ampelregierung. Zuvor hat das geplante Sparpaket für die gesetzliche Krankenversicherung den Bundestag passiert.,https://www.sueddeutsche.de/2026/07/10/b5c73643-e86c-4f43-ac13-46173b89fbb3.jpg?q=60&fm=webp&width=1200&rect=0%2C63%2C3500%2C1969,2026-07-10T12:06:00Z,,Der Bundestag hat den Plan der Bundesregierung zum Bau neuer Gaskraftwerke gebilligt. Union und SPD stimmten für den Gesetzentwurf. Die Opposition votierte dagegen. Die nächste Etappe für das Kraftwe… [+1170 chars],,de,'Wind'
https://www.welt.de/wirtschaft/article6a50e0684c65dbb4ac8fd5cd/bundestag-beschliesst-neues-heizungsgesetz-was-sich-jetzt-aendert.html,https://www.welt.de/wirtschaft/article6a50e0684c65dbb4ac8fd5cd/bundestag-beschliesst-neues-heizungsgesetz-was-sich-jetzt-aendert.html,0,www.welt.de,Bundestag beschließt neues Heizungsgesetz – was sich jetzt ändert,"Der Bundestag stimmt für die Rücknahme der strengen Heizungsregeln der Ampel-Regierung. Die 65-Prozent-Vorgabe für erneuerbare Energien fällt, neue Gas- und Ölheizungen bleiben erlaubt. Geplant ist eine „Bio-Treppe“.",https://images.welt.de/6a50e0684c65dbb4ac8fd5cd/807f5e04cab8ca306a9c87c9d251bf5e-master/ci16x9-w1200/dpa-com-260710-935-1470270-jpg,2026-07-10T12:07:53Z,,"Der Bundestag stimmt für die Rücknahme der strengen Heizungsregeln der Ampel-Regierung. Die 65-Prozent-Vorgabe für erneuerbare Energien fällt, neue Gas- und Ölheizungen bleiben erlaubt. Geplant ist e… [+5772 chars]",,de,'Gas'
https://www.faz.net/aktuell/wirtschaft/klima-nachhaltigkeit/bundestag-beschliesst-heizungsgesetz-jetzt-kommt-die-biotreppe-accg-201017572.html,https://www.faz.net/aktuell/wirtschaft/klima-nachhaltigkeit/bundestag-beschliesst-heizungsgesetz-jetzt-kommt-die-biotreppe-accg-201017572.html,0,www.faz.net,Neues Gesetz: Jetzt kommt die „Biotreppe“ in den Heizungskeller,Der Bundestag beschließt das neue Gebäudemodernisierungsgesetz. Der Einbau neuer Gas- und Ölheizungen bleibt erlaubt – unter Auflagen.,https://media0.faz.net/image/w1200h627/51398218d1f0/w6144h3210x0y626o/202602/43601.0.1824444064/noch-ohne-bioanteil-eine.webp,2026-07-10T12:11:32Z,,"Ein gutes Gesetz für die Freiheit nannte es Unionsfraktionsvize Sepp Müller: das neue Gebäudemodernisierungsgesetz, das der Bundestag am Freitag beschlossen hat. Die Regierung vertraue den Hauseigent… [+2713 chars]",,de,'Heizung'
https://www.faz.net/aktuell/wirtschaft/klima-nachhaltigkeit/das-schlechte-heizungsgesetz-wird-durch-ein-anderes-schlechtes-ersetzt-201017883.html,https://www.faz.net/aktuell/wirtschaft/klima-nachhaltigkeit/das-schlechte-heizungsgesetz-wird-durch-ein-anderes-schlechtes-ersetzt-201017883.html,0,www.faz.net,Gebäudemodernisierungsgesetz: Ein schlechtes Heizungsgesetz wird durch ein anderes schlechtes ersetzt,"Die Union hat ihr Ziel erreicht: Habecks Heizungsgesetz ist abgeschafft. Ob sie sich und dem Land damit einen Gefallen getan hat, ist jedoch fraglich.",https://media0.faz.net/image/w1200h627/4badb739a630/w3000h1567x0y216o/202512/43601.0.1538621677/die-reizfigur-fuer-viele-in.webp,2026-07-10T12:40:26Z,,"Die Union hat eines ihrer wichtigsten Ziele aus dem Wahlkampf erreicht: Der habecksche Heizungshammer ist Geschichte, der Einbau von Gas- und Ölheizungen bleibt erlaubt. Doch ist das tatsächlich solc… [+1962 chars]",,de,'Heizung'
https://www.focus.de/finanzen/landwirtschaftsverbaende-verhalfen-bayer-im-rechtsstreit-um-krebsvorwuerfe-im-zusammenhang-mit-roundup-zum-sieg-fuenf-tage-spaeter-forderte-bayer-zoelle-auf-genau-jenen-wirkstoff-auf-den-die-landwirte-angewiesen-sind_55076e65-5fa2-4a31-a895-323328fad4b6.html,https://www.focus.de/finanzen/landwirtschaftsverbaende-verhalfen-bayer-im-rechtsstreit-um-krebsvorwuerfe-im-zusammenhang-mit-roundup-zum-sieg-fuenf-tage-spaeter-forderte-bayer-zoelle-auf-genau-jenen-wirkstoff-auf-den-die-landwirte-angewiesen-sind_55076e65-5fa2-4a31-a895-323328fad4b6.html,0,www.focus.de,"Landwirtschaftsverbände verhalfen Bayer im Rechtsstreit um Krebsvorwürfe im Zusammenhang mit Roundup zum Sieg. Fünf Tage später forderte Bayer Zölle auf genau jenen Wirkstoff, auf den die Landwirte angewiesen sind.",Nach dem Glyphosat-Sieg vor dem Supreme Court gerät Bayer erneut unter Druck. US-Bauern kritisieren den Konzern wegen geplanter Strafzölle auf Glyphosat aus China.,"https://quadro.burda-forward.de/ctf/cf5d306f-829e-4522-a5a7-60a9b86a1ba4.3d39ecda-3499-480f-970b-4e9c34c2a1b3.jpg?im=RegionOfInterestCrop=(1200,630),regionOfInterest=(472,308)&hash=faf444f18162ca6d2d6ca1b60f7c50cd6af2a118f1386b8bfed32bcc97ef8893",2026-07-10T13:05:00Z,,Der Leverkusener Chemie- und Pharmakonzern Bayer hat im Glyphosat-Streit in den USA gerade erst einen wichtigen Erfolg vor Gericht erzielt und sorgt nun für neuen Ärger. Wie das US-Wirtschaftsmagazin… [+3240 chars],,de,'Landwirtschaft'
https://www.bild.de/news/inland/bodensee-duerre-laesst-deutschlands-groessten-see-austrocknen-6a4f445443b7fd5185003100,https://www.bild.de/news/inland/bodensee-duerre-laesst-deutschlands-groessten-see-austrocknen-6a4f445443b7fd5185003100,0,www.bild.de,Historischer Rekord gebrochen - Dürre lässt Bodensee austrocknen,Hitze und Trockenheit machen derzeit auch dem größten Binnensee Deutschlands zu schaffen. Der Pegelstand des Bodensees sinkt weiter.,"https://images.bild.de/6a4f445443b7fd5185003100/8ddd9e05dcdbaa0c4e1602627caeaaae,77aedc71?w=1280",2026-07-10T13:19:07Z,,TTS-Player überspringenArtikel weiterlesenKonstanz (Baden-Württemberg) Hitze und Trockenheit machen derzeit auch dem größten Binnensee Deutschlands zu schaffen. Der Pegelstand des Bodensees liegt deu… [+2619 chars],,de,'Dürre'
https://www.zeit.de/politik/deutschland/2026-07/neue-regeln-fuer-heizungen-was-aendert-sich-neues-heizungsgesetz-oel-gas-waermepumpe,https://www.zeit.de/politik/deutschland/2026-07/neue-regeln-fuer-heizungen-was-aendert-sich-neues-heizungsgesetz-oel-gas-waermepumpe,0,www.zeit.de,Neues Regeln für Heizungen: Was sich durch das neue Gebäudemodernisierungsgesetz verändert,"Öl- und Gasheizungen erleben ein Comeback, die »Biotreppe« soll die Klimabilanz aufbessern, die genauen Kosten sind ungewiss: Was das neue Heizungsgesetz ändert.",https://img.zeit.de/politik/deutschland/2026-07/gebaeudemodernisierungsgesetz-heizungen-65-prozent-foerderung-foto-1/wide__1300x731,2026-07-10T13:42:00Z,,"Es ist vielleicht das umstrittenste Gesetz der Ampelregierung gewesen, um das sich zudem viele falsche Mythen rankten. Jetzt ist das Gebäudeenergiegesetz im Volksmund als Heizungsgesetz bekannt in wi… [+5894 chars]",,de,'Gas'
https://www.bild.de/sport/mehr-sport/windsurf-weltcup-philip-koester-gewinnt-erstes-heimspiel-in-pozo-6a50d34c36e98236c4bc3f64,https://www.bild.de/sport/mehr-sport/windsurf-weltcup-philip-koester-gewinnt-erstes-heimspiel-in-pozo-6a50d34c36e98236c4bc3f64,0,www.bild.de,Windsurf-Weltcup - Philip Köster gewinnt erstes „Heimspiel“,Der fünfmalige Windsurf-Weltmeister Philip Köster ist auf Gran Canaria (fast) unschlagbar. Und peilt nach seinem 9. Sieg in Pozo erneut den WM-Titel an.,"https://images.bild.de/6a50d34c36e98236c4bc3f64/322081e790691f2855741d7d95eebee4,e977b9fd?w=1280",2026-07-10T13:44:37Z,,"TTS-Player überspringenArtikel weiterlesenZu Hause ist Philip Köster (32) unschlagbar. Der fünfmalige Weltmeister im Windsurfen lebt auf Gran Canaria, nur ein paar Brettlängen vom kargen Strand entfe… [+2573 chars]",,de,'Wind'
https://www.faz.net/aktuell/wirtschaft/helium-exportverbot-china-kaempft-gegen-versorgungsluecke-201018132.html,https://www.faz.net/aktuell/wirtschaft/helium-exportverbot-china-kaempft-gegen-versorgungsluecke-201018132.html,0,www.faz.net,Exportverbot: Heliummangel gefährdet Chinas Zukunftsindustrien,"Chinas Industrie ruft Alarm. Der Grund: Der größte Helium-Lieferant Qatar fällt aus, der zweitgrößte Russland liefert viel weniger. Peking greift zu einer Notfallmaßnahme.",https://media0.faz.net/image/w1200h627/9892c2272e92/w3808h1989x0y277o/202603/43601.0.1913584055/vom-iran-schwer-beschaedigt.webp,2026-07-10T13:47:12Z,,China hat den Export von Helium untersagt. Das teilten das Handelsministerium und der Zoll am Freitag in einer gemeinsamen Erklärung mit. Das vorübergehende Ausfuhrverbot trete ab sofort in Kraft. Ei… [+2893 chars],,de,'Gas'
https://www.sueddeutsche.de/wirtschaft/heizungsgesetz-deutschland-aenderungen-folgen-klimaschutz-li.3513439,https://www.sueddeutsche.de/wirtschaft/heizungsgesetz-deutschland-aenderungen-folgen-klimaschutz-li.3513439,0,www.sueddeutsche.de,"Klimapolitik: Drei Dinge, die sich vom Heizungsgesetz lernen lassen","Kaum etwas hat die Deutschen so gegen Klimapolitik aufgebracht wie der Plan, ihnen saubere Heizungen vorzuschreiben. Seit diesem Freitag ist das Gesetz Geschichte. Ein paar Erkenntnisse bleiben.",https://www.sueddeutsche.de/2026/07/10/ec4ee146-baaf-4c53-b570-6c219f14d2ea.jpg?q=60&fm=webp&width=1200&rect=0%2C209%2C4000%2C2250,2026-07-10T14:01:19Z,,"Alles schien wie gemacht für den großen Wurf, damals, im März 2022. Der Einmarsch Russlands in die Ukraine lag gerade einen Monat zurück, die Gaskrise nahm ihren Lauf. Da beschloss ein Koalitionsauss… [+369 chars]",,de,'Heizung'
https://www.morgenpost.de/berlin/article412540472/berlins-waffenverbotszonen-polizei-stellt-hunderte-messer-sicher.html,https://www.morgenpost.de/berlin/article412540472/berlins-waffenverbotszonen-polizei-stellt-hunderte-messer-sicher.html,0,www.morgenpost.de,Berlins Waffenverbotszonen: Polizei stellt Hunderte Messer sicher,Nach mehr als einem Jahr der Messer- und Waffenverbotszonen blickt die Berliner Polizei auf Tausende Kontrollen zurück – und Hunderte Funde.,https://img.sparknews.funkemedien.de/410044618/410044618_1783692099_v16_9_1600.jpeg,2026-07-10T14:01:37Z,,"Seit mehr als einem Jahr hat Berlin ausgewiesene Messer- und Waffenverbotszonen definiert, die durch die Polizei kontrolliert werden. Seit dem 15. Februar 2025 haben die Beamten insgesamt mehr als 50… [+1751 chars]",,de,'Tau'
https://www.bild.de/news/ausland/duerre-und-hitze-frankreichs-laengster-fluss-wird-zur-sandbank-6a509ee8bb0cf80de56a4495,https://www.bild.de/news/ausland/duerre-und-hitze-frankreichs-laengster-fluss-wird-zur-sandbank-6a509ee8bb0cf80de56a4495,0,www.bild.de,Schier endlose Dürre und Hitze - Frankreichs längster Fluss wird zur Sandbank,Das Loiretal wird oft als „Garten Frankreichs“ bezeichnet. Weinberge wechseln sich mit Schlössern und Städten ab. Doch seit Wochen haben Hitze und fehlender Regen Frankreich im Würgegriff. Vielerorts vertrocknen Felder und eben auch Flüsse.,"https://images.bild.de/6a509ee8bb0cf80de56a4495/ab96e6cc22a0751ab50826743774bfaf,81be3500?w=1280",2026-07-10T14:27:36Z,,TTS-Player überspringenArtikel weiterlesenPays de la Loire (Frankreich) Solche Bilder wirken immer wie aus einem Science-Fiction-Film. Ein ausgetrocknetes Flussbett mit ein paar übrig gebliebenen Pfü… [+1904 chars],,de,'Wein'
https://orf.at/stories/3435043/,https://orf.at/stories/3435043/,0,orf.at,Stones liefern Exzellenz in der Spätlese,"Oft schon nannte man die Altherren-Combo der Rolling Stones „Rock-Opas“ oder verglich sie mit gut gereiftem Wein. Ihre Arbeitswut aber ist ungebrochen, der Output kann sich hören lassen. Dass sie aber nach „Hackney Diamonds“ 2023 mit dem Album „Foreign Tongue…",https://ibs.orf.at/news?image=https%3A%2F%2Fassets.orf.at%2Fmims%2F2026%2F27%2F63%2Fcrops%2Fw%3D1200%2Ch%3D630%2Cq%3D75%2F3097776_master_1199763_rolling_stones_foreign_tongues_v1_n.jpg%3Fs%3D641f8d4ded29d6abc72a8b04d6a8a7216a6769ee,2026-07-10T14:42:35Z,,"Nach 64 Jahren im Rock-n-Roll-Zirkus wissen die Stones, wie PR geht. Und das ist auch merkbar beim Release von Foreign Tongues. Erst ein paar Interviews mit Andeutungen, dann eine Single-Auskopplung … [+3054 chars]",,de,'Wein'
https://www.faz.net/aktuell/rhein-main/region-und-hessen/75-jahre-weinfest-hochheim-201018244.html,https://www.faz.net/aktuell/rhein-main/region-und-hessen/75-jahre-weinfest-hochheim-201018244.html,0,www.faz.net,75 Jahre Weinfest: Weinselig durchs Wirtschaftswunder,Feiern können die Hochheimer. Seit 75 Jahren stellen sie das jährlich mit ihrem Weinfest unter Beweis. Eine Ausstellung blickt nun zurück.,https://media0.faz.net/image/w1200h627/11541fcba06c/w3591h1876x0y129o/202607/43601.0.2321597464/wo-man-freunde-und-nachbarn.webp,2026-07-10T15:43:06Z,,"Übersehen kann man die Ausstellung kaum. Sechs Meter hoch prangt Hochheims allererste Weinkönigin Renate Dienst an der Fassade. Im Jahr 1950 wurde Dienst aus mehreren Bewerberinnen ausgewählt, um die… [+3545 chars]",,de,'Wein'
https://www.faz.net/aktuell/wirtschaft/unternehmen/uber-und-bolt-cleverer-angriff-auf-taxen-201017766.html,https://www.faz.net/aktuell/wirtschaft/unternehmen/uber-und-bolt-cleverer-angriff-auf-taxen-201017766.html,0,www.faz.net,Uber und Bolt: Die Taxen taumeln,"Das Taxigewerbe genießt Privilegien – zu Recht, da Taxen die Daseinsvorsorge im ÖPNV sichern. Druck durch den Wettbewerb mit Uber, Bolt und Co. tut der Branche dennoch gut.",https://media0.faz.net/image/w1200h627/e7854b1ef2c3/w4778h2496x186y366o/202606/43601.0.2175117939/mobilitaetsdienstleister-und.webp,2026-07-10T15:50:37Z,,"Uber, Bolt und Co. machen es clever. Seit je greifen sie Taxen dort an, wo diese am schwächsten sind. Ob bei der Digitalisierung: Auto und Fahrer per App bestellen, statt anzurufen. Oder bei der Tran… [+1670 chars]",,de,'ÖPNV'
https://ooe.orf.at/stories/3362112/,https://ooe.orf.at/stories/3362112/,0,ooe.orf.at,Anhaltende Dürre verschärft die Lage,In Hartkirchen (Bezirk Eferding) standen in der Nacht auf Donnerstag 40 Feuerwehrleute wegen eines Feldbrands im Einsatz. Wegen der anhaltenden Trockenheit sind viele Wiesen und Felder stark ausgetrocknet. In Oberösterreich kündigt sich bereits die nächste Tr…,https://ibs.orf.at/ooe?image=https%3A%2F%2Foekastatic.orf.at%2Fmims%2F2026%2F28%2F29%2Fcrops%2Fw%3D1200%2Ch%3D627%2Cq%3D75%2F3108905_master_1204229_downloadmedium.jpg%3Fs%3D57c83c70e5ff0ebb22ed0b7cb472fad3a1a66066,2026-07-10T16:06:00Z,,"Die Dürre ist in Oberösterreich angekommen. Bilder, die man früher nur aus Südeuropa kannte, gibt es heuer zum Leidwesen der Landwirte auch hierzulande. Andreas Kastner, Landwirt in Naarn (Bezirk Gri… [+2978 chars]",,de,'Landwirtschaft'
https://www.bild.de/regional/nordrhein-westfalen/todesraser-sah-die-kleine-avin-drueckte-trotzdem-aufs-gas-6a5109f936e98236c4bc45b7,https://www.bild.de/regional/nordrhein-westfalen/todesraser-sah-die-kleine-avin-drueckte-trotzdem-aufs-gas-6a5109f936e98236c4bc45b7,0,www.bild.de,"Jetzt kommt er ins Gefängnis - Todesraser sah Avin (10), drückte trotzdem aufs Gas",Vier Sekunden lang zeigte die Ampel schon Rot. Dennoch raste Matwej D. (21) über einen Fußgängerüberweg – und tötete zwei Menschen.,"https://images.bild.de/6a5109f936e98236c4bc45b7/b49e4197c7f6daf7269227d129d12ad7,e0490d4c?w=1280",2026-07-10T16:30:07Z,,TTS-Player überspringenArtikel weiterlesenHürth (NRW) Vier Sekunden lang zeigte die Ampel schon Rot. Dennoch raste Matwej D. (21) einfach weiter und erfasste eine Gruppe Viertklässler. Die zehnjährig… [+1776 chars],,de,'Gas'
https://www.tagesschau.de/wirtschaft/verbraucher/heizen-gebaeudemodernisierungsgesetz-foerderung-100.html,https://www.tagesschau.de/wirtschaft/verbraucher/heizen-gebaeudemodernisierungsgesetz-foerderung-100.html,0,www.tagesschau.de,Neue Regeln für Wärmepumpe und Gas: Was sich beim Heizen ändert,Der Einbau einer Erdgas-Heizung in Neubauten ist künftig wieder möglich - wobei Experten vor den Kosten warnen. Und der Staat zahlt weniger Förderung für den Umstieg auf Wärmepumpen. Ein Überblick.,https://images.tagesschau.de/image/2cdfe5bc-c7ce-4c52-9335-c89282c12c74/AAABn0tnEMw/AAABnSSvrFg/16x9-big/waermepumpe-254.jpg?width=1280,2026-07-10T16:53:16Z,,"Stand: 10.07.2026 18:53 Uhr
Der Einbau einer Erdgas-Heizung in Neubauten ist künftig wieder möglich - wobei Experten vor den Kosten warnen. Und der Staat zahlt weniger Förderung für den Umstieg auf … [+7567 chars]",,de,'Heizung'
https://www.tagesschau.de/wissen/technologie/waermepumpe-zum-kuehlen-100.html,https://www.tagesschau.de/wissen/technologie/waermepumpe-zum-kuehlen-100.html,0,www.tagesschau.de,Wie Wärmepumpen auch kühlen können,"An heißen Sommertagen sorgt eine Klimaanlage für erträgliche Temperaturen. Doch auch eine moderne Wärmepumpe, die sonst zum Heizen dient, kann ein Haus kühlen. Diese Optionen gibt es. Von Daniel Peter.",https://images.tagesschau.de/image/2fe137f3-48b7-45e7-9315-23d0694ad5a9/AAABn0Xz3jY/AAABnSSvrFg/16x9-big/waermepumpe-264.jpg?width=1280,2026-07-10T16:54:46Z,,"Stand: 10.07.2026 18:54 Uhr
An heißen Sommertagen sorgt eine Klimaanlage für erträgliche Temperaturen. Doch auch eine moderne Wärmepumpe, die sonst zum Heizen dient, kann ein Haus kühlen. Diese Opti… [+3623 chars]",,de,'Kälte'
https://www.morgenpost.de/politik/article412544284/blitzkrieg-in-der-fdp-doch-kubickis-rechnung-geht-auf.html,https://www.morgenpost.de/politik/article412544284/blitzkrieg-in-der-fdp-doch-kubickis-rechnung-geht-auf.html,0,www.morgenpost.de,Dringend gesucht: Regierender Bürgermeister/in für Berlin,"Die Kassenreform, Kai Wegner und das neue Heizungsgesetz. Jörg Quoos nimmt Sie mit hinter die Kulissen der Hauptstadt",https://img.sparknews.funkemedien.de/412542097/412542097_1783691090_v16_9_1600.jpeg,2026-07-10T17:15:59Z,,"Liebe Leserin, lieber Leser,
wer hätte das gedacht in Deutschland geht es bei den Reformen jetzt doch noch schneller voran.
Rechtzeitig vor der Sommerpause hat der Bundesrat im Eiltempo die Kassenr… [+5912 chars]",,de,'Heizung'
https://www.welt.de/wirtschaft/article6a50e1f41aef3ee586480703/studie-zeigt-negativ-rekord-der-naechste-investitions-tiefpunkt-am-standort-deutschland.html,https://www.welt.de/wirtschaft/article6a50e1f41aef3ee586480703/studie-zeigt-negativ-rekord-der-naechste-investitions-tiefpunkt-am-standort-deutschland.html,0,www.welt.de,Jede fünfte Firma in Deutschland verzichtet ganz auf Investitionen,Eine neue IW-Umfrage bescheinigt Deutschland eine veritable Investitionskrise. Es sei „die längste Investitionsschwäche in Deutschland“ – als Grund geben die befragten Unternehmen hohe Lohn- und Energiekosten an.,https://images.welt.de/6a50e1f41aef3ee586480703/77bf1cdec3df00abf8ef43458dde898a-master/ci16x9-w1200/gettyimages-726800747-jpg,2026-07-10T23:03:01Z,,Eine neue IW-Umfrage bescheinigt Deutschland eine veritable Investitionskrise. Es sei die längste Investitionsschwäche in Deutschland als Grund geben die befragten Unternehmen hohe Lohn- und Energiek… [+3399 chars],,de,'Energiekosten'
https://www.autobild.de/artikel/nissan-micra-test-28699909.html,https://www.autobild.de/artikel/nissan-micra-test-28699909.html,0,www.autobild.de,"Cooles City-E-Auto, das seinen Preis hat","Die 6. Serie des Nissan Micra tut es dem einst als ""kleiner Freund"" Kult gewordenen Bruder Renault 5 gleich und fährt elektrisch vor. Ein Test!",https://i.auto-bild.de/ir_img/4/0/7/8/0/4/3/Nissan-Micra-2869-2182x1228-5f252abd9800ca7a.jpg?impolicy=og_images,2026-07-11T03:47:00Z,,"Kleinwagen als Kulturgut für alle diese massenbewegende Idee reklamiert Nissan schon viele Jahrzehnte für sich. Etwa mit dem Micra, der nach vier Jahren Pause jetzt vollelektrisch zurückkehrt.
Und s… [+4857 chars]",,de,'Wärmepumpe'
https://www.morgenpost.de/bezirke/charlottenburg-wilmersdorf/article412542792/konzerte-in-westend-so-wollen-bvg-und-s-bahn-ein-chaos-verhindern.html,https://www.morgenpost.de/bezirke/charlottenburg-wilmersdorf/article412542792/konzerte-in-westend-so-wollen-bvg-und-s-bahn-ein-chaos-verhindern.html,0,www.morgenpost.de,Konzerte in Westend: So wollen BVG und S-Bahn ein Chaos verhindern,Tote Hosen im Olympiastadion und Pet Shop Boys auf der Waldbühne bringen den ÖPNV an die Grenzen. So klappt die Abreise schneller.,https://img.sparknews.funkemedien.de/412543482/412543482_1783699999_v16_9_1600.jpeg,2026-07-11T04:00:00Z,,"Wenn am Sonnabend Die Toten Hosen im Olympiastadion und die Pet Shop Boys in der nur 1,5 Kilometer entfernten Waldbühne auftreten, strömen nach Konzertende gleichzeitig Zehntausende Fans nach Westend… [+3100 chars]",,de,'ÖPNV'
https://www.focus.de/finanzen/2100-euro-weniger-fuer-waermepumpe-verbraucher-verzichtet-vorerst-auf-kauf_d7138f42-e35d-4df0-a3f5-1df303a0ebbb.html,https://www.focus.de/finanzen/2100-euro-weniger-fuer-waermepumpe-verbraucher-verzichtet-vorerst-auf-kauf_d7138f42-e35d-4df0-a3f5-1df303a0ebbb.html,0,www.focus.de,2100 Euro weniger für Wärmepumpe – Verbraucher verzichtet vorerst auf Kauf,"Neue Regeln machen den Heizungstausch weniger lukrativ als vorher. Ein Fallbeispiel zeigt, wie viel Geld Verbraucher dadurch verlieren können.","https://quadro.burda-forward.de/ctf/ac65933d-2f19-4c29-b620-b0033eba6388.3641145a-fb53-4cd0-9ef2-e4161e5cb763.jpg?im=RegionOfInterestCrop=(1200,630),regionOfInterest=(1058,542)&hash=b1f6fe0504e81d8a1cc1f910652b11ca40f92dd04f6ab715616f7f66e5cc4199",2026-07-11T09:05:00Z,,"Die Bundesregierung will die Förderung für klimafreundliche Heizungen überarbeiten. Die wichtige Förderung fällt erst einmal aus. Ein Fallbeispiel zeigt, dass Verbraucher teilweise nur wenige Stunden… [+4979 chars]",,de,'Wärmepumpe'
https://www.diepresse.com/36697276/usa-fordern-energisch-hormuz-oeffnung-zweifel-an-atomdeal,https://www.diepresse.com/36697276/usa-fordern-energisch-hormuz-oeffnung-zweifel-an-atomdeal,0,www.diepresse.com,USA fordern energisch Hormuz-Öffnung – Zweifel an Atomdeal,"Die USA hatten in den vergangenen Tagen Ziele im Iran angegriffen und das mit Angriffen auf Handelsschiffe in der für den globalen Handel mit Öl, Gas und Dünger wichtigen Meerenge begründet. Irans Außenamtssprecher Behauptungen zurück, Teheran habe um Verhand…",https://img.diepresse.com/public/incoming/j1b2yr-iran-crisisoman-hormuz/alternates/WEBP_WIDE_1200/IRAN-CRISISOMAN-HORMUZ,2026-07-11T09:17:46Z,,"Die Presse auf Google als bevorzugte Nachrichtenquelle hinzufügen.
 Die USA fordern Berichten zufolge ein Bekenntnis des Iran zu einer freien und sicheren Schifffahrt in der Straße von Hormuz. Die i… [+6050 chars]",,de,'Gas'
https://www.focus.de/finanzen/news/billiges-gas-aus-russland-ist-ein-mythos-sachlich-widerlegt-afd-mitglied-die-parteilinie_02fa613d-641b-4269-932f-cd767420d734.html,https://www.focus.de/finanzen/news/billiges-gas-aus-russland-ist-ein-mythos-sachlich-widerlegt-afd-mitglied-die-parteilinie_02fa613d-641b-4269-932f-cd767420d734.html,0,www.focus.de,„Billiges Gas aus Russland ist ein Mythos”: Sachlich widerlegt AfD-Mitglied die Parteilinie,Eine Rückkehr zum russischen Gas soll Deutschlands Wirtschaft ankurbeln: So argumentiert die AfD seit Jahren. Ein Mitglied stellt sich dagegen.,"https://quadro.burda-forward.de/ctf/8fa176d1-7076-43e5-9f00-c312098c2b49.3f92387c-8f97-4e3a-94bd-cd17e4743d5e.jpg?im=RegionOfInterestCrop=(1200,630),regionOfInterest=(960,499)&hash=2734ba0c6f2be327523f9f260c67f3fa741f593519cca0e8cfe470ad920d39b5",2026-07-11T10:05:00Z,,"Billiges Gas aus Russland ist ein Mythos. Mit deutlichen Worten widerspricht Rainer Kraft, AfD-Bundestagsmitglied aus Augsburg, der AfD-Parteilinie. In einem ausführlichen Post auf X (vormals Twitter… [+4393 chars]",,de,'Gas'
https://www.zeit.de/news/2026-07/11/mann-ueberrollt-mit-maehdrescher-versehentlich-seine-ehefrau,https://www.zeit.de/news/2026-07/11/mann-ueberrollt-mit-maehdrescher-versehentlich-seine-ehefrau,0,www.zeit.de,Arbeitsunfall Landwirtschaft: Mann überrollt mit Mähdrescher versehentlich seine Ehefrau,Hier finden Sie Informationen zu dem Thema „Arbeitsunfall Landwirtschaft“. Lesen Sie jetzt „Mann überrollt mit Mähdrescher versehentlich seine Ehefrau“.,https://img.zeit.de/news/2026-07/11/mann-ueberrollt-mit-maehdrescher-versehentlich-seine-ehefrau-image-group/wide__1300x731,2026-07-11T10:29:45Z,,"Ein Mann hat bei Feldarbeiten in Ammerbuch (Landkreis Tübingen) versehentlich seine Ehefrau mit seinem Mähdrescher überrollt. Die Frau kam mit schweren Verletzungen an einem Bein ins Krankenhaus, wie… [+388 chars]",,de,'Landwirtschaft'
https://www.nzz.ch/wissenschaft/eine-mysterioese-seuche-rafft-in-kasachstans-steppe-tausende-saiga-antilopen-dahin-forscher-schlagen-alarm-ld.10013483,https://www.nzz.ch/wissenschaft/eine-mysterioese-seuche-rafft-in-kasachstans-steppe-tausende-saiga-antilopen-dahin-forscher-schlagen-alarm-ld.10013483,0,www.nzz.ch,Eine mysteriöse Seuche rafft in Kasachstans Steppe Tausende Saiga-Antilopen dahin. Forscher schlagen Alarm,Einst standen die Huftiere mit der seltsamen Nase kurz vor dem Aussterben. Dann wurden sie zu einem Paradebeispiel für erfolgreichen Artenschutz. Doch plötzlich sterben die Tiere wie die Fliegen; die Behörden spielen die Gefahr herunter.,"https://img-msp-prod.nzz.ch/2026/07/08/2d7650e7-3bbb-4af4-afa0-eccb00084fc1.jpg?width=1200&height=675&fit=bounds&quality=75&auto=webp&crop=5850,3291,x0,y601&wmark=nzz",2026-07-12T03:30:00Z,,"Der Tod schwebt in der Luft, klebt an den Rändern der Pfützen und den Reifen des Pick-up-Trucks, der in der Steppe im Westen Kasachstans steht. «Pass auf, welche Luft du einatmest», sagt ein Mann mit… [+14483 chars]",,de,'Gas'
https://www.n-tv.de/politik/Merkels-Wirtschaftsberater-erklaert-die-Energiepolitik-der-Altkanzlerin-id31067552.html,https://www.n-tv.de/politik/Merkels-Wirtschaftsberater-erklaert-die-Energiepolitik-der-Altkanzlerin-id31067552.html,0,www.n-tv.de,"""Russisches Gas war Strategie"": Merkels Wirtschaftsberater erklärt die Energiepolitik der Altkanzlerin","Als Wladimir Putin 2022 die Ukraine angreift, wird deutlich: Die deutsche Energieversorgung ist von einem Kriegsverbrecher abhängig. Wie konnte es so weit kommen? Im Interview legt der langjährige wirtschaftspolitische Berater von Altkanzlerin Merkel seine Si…",https://www.n-tv.de/img/31068359/1783611253/Img_16_9/1200/ARCHIV-Bundeskanzlerin-Angela-Merkel-CDU-steht-am-25-11-2015-in-Berlin-im-Bundeskanzleramt-zusammen-mit-ihrem-wirtschaftspolitischen-Berater-Lars-Hendrik-Roeller-r-Foto-Kay-Nietfeld-dpa-ACHTUNG-Die-Aufnahnme-wurde-durch-eine-Glasscheibe-gemacht-zu-dpa-Merkels-Sherpa-oder-Gipfelkunst-namens-Roeller-vom-25-05.jpg,2026-07-12T05:08:34Z,,"Wo die Kanzlerin war, war auch Lars-Hendrik Röller nicht weit entfernt: Der Ökonom war von 2011 bis 2021 wirtschaftspolitischer Berater von Angela Merkel und Leiter der Wirtschafts- und Finanzabteilu… [+8308 chars]",,de,'Gas'
https://www.zeit.de/mobilitaet/2026-07/tempolimit-autobahnen-unfaelle-tote-studie-siegfried-brockmann,https://www.zeit.de/mobilitaet/2026-07/tempolimit-autobahnen-unfaelle-tote-studie-siegfried-brockmann,0,www.zeit.de,Tempolimit auf Autobahnen: Tempolimit könnte Zahl der Unfalltoten laut Studie deutlich senken,Laut einer Untersuchung könnte ein Tempolimit die Zahl von Unfalltoten auf Autobahnen um 30 Prozent senken. Das entspräche in Deutschland 90 geretteten Leben pro Jahr.,https://img.zeit.de/mobilitaet/2026-07/tempolimit-autobahnen-unfaelle-tote-studie-siegfried-brockmann-foto-1/wide__1300x731,2026-07-12T06:48:31Z,,Die Einführung eines Tempolimits auf deutschen Autobahnen könnte einer Studie zufolge die Zahl der Unfalltoten erheblich senken. »Bei einer Maximalgeschwindigkeit von 130 Kilometern pro Stunde wären … [+2182 chars],,de,'Tempolimit'
https://taz.de/Tempolimit/!6195390/,https://taz.de/Tempolimit/!6195390/,0,taz.de,Tempolimit: Studie geht von viel weniger Verkehrstoten aus,Sollte die Geschwindigkeit auf Autobahnen begrenzt werden? Eine neue Studie beschäftigt sich mit dieser Frage und kommt zu einer eindeutigen Antwort.,https://taz.de/picture/8605637/1200/41339487.jpeg,2026-07-12T08:07:00Z,,Sollte die Geschwindigkeit auf Autobahnen begrenzt werden? Eine neue Studie beschäftigt sich mit dieser Frage und kommt zu einer eindeutigen Antwort. mehr...,,de,'Tempolimit'
https://www.zeit.de/news/2026-07/12/heuballenpresse-brennt-bei-ernte-350-000-euro-schaden,https://www.zeit.de/news/2026-07/12/heuballenpresse-brennt-bei-ernte-350-000-euro-schaden,0,www.zeit.de,Landwirtschaft: Heuballenpresse brennt bei Ernte – 350.000 Euro Schaden,Hier finden Sie Informationen zu dem Thema „Landwirtschaft“. Lesen Sie jetzt „Heuballenpresse brennt bei Ernte – 350.000 Euro Schaden“.,https://img.zeit.de/news/2026-07/12/heuballenpresse-brennt-bei-ernte-350-000-euro-schaden-image-group/wide__1300x731,2026-07-12T10:03:08Z,,Bei Feldarbeiten ist eine Heuballenpresse bei Aulendorf (Kreis Ravensburg) in Flammen aufgegangen. Der 22 Jahre alte Fahrer des Traktors bemerkte das Feuer während der Ernte am Samstag und fuhr von d… [+717 chars],,de,'Landwirtschaft'
https://www.zeit.de/news/2026-07/12/63-jaehrige-stirbt-beim-baden-im-arendsee,https://www.zeit.de/news/2026-07/12/63-jaehrige-stirbt-beim-baden-im-arendsee,0,www.zeit.de,Notfall: 63-Jährige stirbt beim Baden im Arendsee,Hier finden Sie Informationen zu dem Thema „Notfall“. Lesen Sie jetzt „63-Jährige stirbt beim Baden im Arendsee“.,https://img.zeit.de/news/2026-07/12/63-jaehrige-stirbt-beim-baden-im-arendsee-image-group/wide__1300x731,2026-07-12T10:07:13Z,,"Beim Baden im Arendsee (Altmarkkreis Salzwedel) ist eine Frau gestorben. Rettungstaucher hätten die 63-Jährige in einer Tiefe von rund 18 Metern aufgefunden, teilte die Polizei mit. «Eine Reanimation… [+430 chars]",,de,'Not'
https://www.tagesspiegel.de/politik/verbindung-zu-geschaft-mit-warmepumpen-lobbycontrol-kritisiert-habecks-wechsel-in-die-wirtschaft-scharf-15831393.html,https://www.tagesspiegel.de/politik/verbindung-zu-geschaft-mit-warmepumpen-lobbycontrol-kritisiert-habecks-wechsel-in-die-wirtschaft-scharf-15831393.html,0,www.tagesspiegel.de,Verbindung zu Geschäft mit Wärmepumpen: Lobbycontrol kritisiert Habecks Wechsel in die Wirtschaft scharf,"Den Ex-Wirtschaftsminister zieht es zu einem Unternehmen, dessen Teilhaber in einem Bereich tätig ist, den der Grüne früher fördern wollte. Kritiker sehen das Vertrauen in die Politik beschädigt.",https://www.tagesspiegel.de/images/15831429/alternates/BASE_16_9_W1400/1783852052000/ex-vizekanzler-robert-habeck.jpeg,2026-07-12T10:43:17Z,,Der Verein Lobbycontrol sieht den angekündigten Wechsel von Ex-Vizekanzler Robert Habeck zur dänischen Investmentgesellschaft Urban Partners kritisch. Ein solcher Schritt könne dem Politikvertrauen s… [+2861 chars],,de,'Wärmepumpe'
https://kaernten.orf.at/stories/3362326/,https://kaernten.orf.at/stories/3362326/,0,kaernten.orf.at,Durchwachsene Beerenernte,"Die Obstbauern in Kärnten haben in diesem Jahr mit Herausforderungen wie einem trockenen Frühjahr, Spätfrost im Mai und einer Hitzewelle zu kämpfen. Laut der Landwirtschaftskammer sind die bisherigen Erträge unterdurchschnittlich, insbesondere für Betriebe oh…",https://ibs.orf.at/ktn?image=https%3A%2F%2Foekastatic.orf.at%2Fmims%2F2026%2F29%2F36%2Fcrops%2Fw%3D1200%2Ch%3D627%2Cq%3D75%2F3110389_master_1204836_kh_durchwachsene_beerenernte_cf_260710_00_00_57_18.jpg%3Fs%3Dc109674b176b8330db96e5b690eda7f7301c321f,2026-07-12T11:06:25Z,,"In der Kärntner Früchtewelt in Ebenthal beginnt die Heidelbeersaison. Auf fünf Hektar wachsen Tausende Sträucher, gut geschützt vor Hagel und Vögeln. Seit zehn Jahren baut Familie Matschnig Heidelbee… [+1780 chars]",,de,'Landwirtschaft'
https://www.faz.net/aktuell/besser-leben/essen/was-beim-weintrinken-so-alles-passieren-kann-accg-201013137.html,https://www.faz.net/aktuell/besser-leben/essen/was-beim-weintrinken-so-alles-passieren-kann-accg-201013137.html,0,www.faz.net,So isst Politik: Was beim Weintrinken so alles passieren kann,"Was macht ein Winzer beim Hessenfest? Und was ein Tabaklobbyist, der etwas von Wein versteht? Erkenntnisse aus der Weinlounge der hessischen Landesvertretung in Berlin.",https://media0.faz.net/image/w1200h627/f215cf20880a/w4032h2106x0y435o/202607/43601.0.2317535564/roeckemann-testet-in-der-vdp.webp,2026-07-12T15:49:41Z,,"Was verbindet Politiker und Lobbyisten? Zum Beispiel Wein. Davon kann Stephan Röckemann berichten, Leiter Konzernrepräsentanz &amp; Government Affairs beim Tabakkonzern Philip Morris. Doch nicht nur … [+2574 chars]",,de,'Wein'
https://www.dw.com/de/wetter-was-el-ni%C3%B1o-2026-f%C3%BCr-afrika-bedeutet-auswirkungen-effekt-d%C3%BCrre-%C3%BCberschwemmung-extremwetter/a-77885044,https://www.dw.com/de/wetter-was-el-ni%C3%B1o-2026-f%C3%BCr-afrika-bedeutet-auswirkungen-effekt-d%C3%BCrre-%C3%BCberschwemmung-extremwetter/a-77885044,0,www.dw.com,Klima: Was der El Niño 2026 für Afrika bedeutet,"Dürren, Überschwemmungen und Vertreibungen - das könnten die Auswirkungen des Klimaphänomens El Niño in diesem Jahr in Teilen Afrikas sein, warnt die Weltorganisation für Meteorologie. Sind die Länder darauf vorbereitet?",https://static.dw.com/image/75915517_6.jpg,2026-07-12T16:20:00Z,,"""Für Afrika gibt es nicht die eine Klimageschichte. Die Auswirkungen werden je nach Region sehr unterschiedlich ausfallen"", sagt Kgaugelo Mkumbeni, Forschungsreferentin im Projekt Climate Risk and Hu… [+9042 chars]",,de,'Dürre'
https://www.dw.com/de/was-el-ni%C3%B1o-f%C3%BCr-afrika-bedeutet-d%C3%BCrre-%C3%BCberschwemmung-extremwetter/a-77885044,https://www.dw.com/de/was-el-ni%C3%B1o-f%C3%BCr-afrika-bedeutet-d%C3%BCrre-%C3%BCberschwemmung-extremwetter/a-77885044,0,www.dw.com,Was El Niño für Afrika bedeutet,"Dürren, Überschwemmungen und Vertreibungen - das könnte das Klimaphänomen El Niño noch diesem Jahr in Teilen Afrikas auslösen, warnt die Weltorganisation für Meteorologie. Sind die Regierungen darauf vorbereitet?",https://static.dw.com/image/75915517_6.jpg,2026-07-12T16:20:00Z,,"""Für Afrika gibt es nicht die eine Klimageschichte. Die Auswirkungen werden je nach Region sehr unterschiedlich ausfallen"", sagt Kgaugelo Mkumbeni, Forschungsreferentin im Projekt Climate Risk and Hu… [+9042 chars]",,de,'Dürre'
https://www.zeit.de/news/2026-07/13/trockene-weine-im-trend,https://www.zeit.de/news/2026-07/13/trockene-weine-im-trend,0,www.zeit.de,Weinbau: Trockene Weine im Trend,Hier finden Sie Informationen zu dem Thema „Weinbau“. Lesen Sie jetzt „Trockene Weine im Trend“.,https://img.zeit.de/news/2026-07/13/trockene-weine-im-trend-image-group/wide__1300x731,2026-07-13T01:30:05Z,,Der Trend zu trockenen und Weißweinen in Deutschland hält an. Nach Auswertung der bundesweiten Qualitätsweinprüfung wurden im vergangenen Jahr 53 Prozent aller deutschen Qualitäts- und Prädikatsweine… [+2016 chars],,de,'Wein'
https://www.tagesschau.de/wirtschaft/verbraucher/agrar-preise-ernte-trockenheit-100.html,https://www.tagesschau.de/wirtschaft/verbraucher/agrar-preise-ernte-trockenheit-100.html,0,www.tagesschau.de,Landwirte reagieren auf veränderte klimatische Bedingungen,"Der Klimawandel beeinflusst auch die Landwirtschaft. Starkregen, Dürren, Schädlingsbefall treiben Kosten und Preise in die Höhe - häufig zu Lasten der Endkunden. Von Noel Schmidt.",https://images.tagesschau.de/image/b1ae66bd-3fb3-4475-a1ef-3f3abd7329c5/AAABn0FGmiA/AAABnSSvrFg/16x9-big/trockenheit-238.jpg?width=1280,2026-07-13T05:13:51Z,,"Stand: 13.07.2026 07:13 Uhr
Der Klimawandel beeinflusst auch die Landwirtschaft. Starkregen, Dürren, Schädlingsbefall treiben Kosten und Preise in die Höhe - häufig zu Lasten der Endkunden.
Landwir… [+3041 chars]",,de,'Landwirtschaft'
https://www.gameswelt.de/warframe/news/die-reise-nach-tau-matthew-mercer-als-noir-detektiv-und-crossover-mit-fortnite-334226,https://www.gameswelt.de/warframe/news/die-reise-nach-tau-matthew-mercer-als-noir-detektiv-und-crossover-mit-fortnite-334226,0,www.gameswelt.de,"Warframe - Die Reise nach Tau, Matthew Mercer als Noir-Detektiv und Crossover mit Fortnite","Auf der elften TennoCon enthüllte das Studio mit Warframe: Tau das nächste kostenlose Story-Kapitel, das Spieler in ein völlig neues Sternensystem katapultiert.",https://img.gameswelt.de/public/images/202006/b4e0ccb2ea4eb47fabddd20dd2a40bb2.jpg,2026-07-13T07:36:00Z,,Vor Tausenden Zuschauern vor Ort und Millionen Fans im Livestream hat Entwickler Digital Extremes die Zukunft seines Science-Fiction-Dauerbrenners Warframe zementiert. Zum Abschluss des Events präsen… [+3188 chars],,de,'Tau'
https://www.iphone-ticker.de/airshow-und-abfahrt-bringen-groessere-ueberarbeitungen-281344/,https://www.iphone-ticker.de/airshow-und-abfahrt-bringen-groessere-ueberarbeitungen-281344/,0,www.iphone-ticker.de,Airshow und Abfahrt! bringen größere Überarbeitungen,"Zwei Apps, die wir in den vergangenen Monaten mehrfach vorgestellt haben, erhalten größere Funktionsupdates. Der Podcast-Player Airshow überarbeitet mit Version 3.0 seine Bedienung und Suche. Die ÖPNV-Anwendung Abfahrt! erweitert ihre internationale Reiseplan…",https://images.iphone-ticker.de/wp-content/uploads/2026/07/airshow-abfahrt.png,2026-07-13T09:51:07Z,,"Zwei Apps, die wir in den vergangenen Monaten mehrfach vorgestellt haben, erhalten größere Funktionsupdates. Der Podcast-Player Airshow überarbeitet mit Version 3.0 seine Bedienung und Suche. Die ÖPN… [+2509 chars]",,de,'ÖPNV'
https://www.focus.de/politik/ausland/in-russland-geschieht-derzeit-etwas-unerwartetes-ukrainische-drohnen-sind-der-grund-dafuer_bc66bf04-0a82-4037-8044-2064a495cf7d.html,https://www.focus.de/politik/ausland/in-russland-geschieht-derzeit-etwas-unerwartetes-ukrainische-drohnen-sind-der-grund-dafuer_bc66bf04-0a82-4037-8044-2064a495cf7d.html,0,www.focus.de,In Russland geschieht derzeit etwas Unerwartetes – ukrainische Drohnen sind der Grund dafür,Russlands Gaskonzern Gazprom rüstet auf: Wegen ukrainischer Drohnen sollen nun bewaffnete Reservisten eigene Energieanlagen schützen.,"https://quadro.burda-forward.de/ctf/836b27b6-96f1-475f-a7fc-9b9257f50dab.d914d643-6b25-4452-8e2c-b9500d897702.jpg?im=RegionOfInterestCrop=(1200,630),regionOfInterest=(1368,842)&hash=00cf6070ee93cc216770e4eb7d2a8b2e73bd8150453437f2a9910fa09b6bbc41",2026-07-13T10:37:00Z,,"Der vom russischen Staat dominierte Energieriese Gazprom will laut internen Unterlagen bewaffnete Schutztrupps aufstellen. Sie sollen russische Gasanlagen vor ukrainischen Drohnen schützen, berichtet… [+1778 chars]",,de,'Gas'
https://www.zeit.de/news/2026-07/13/schule-in-friedrichshafen-wegen-gasgeruchs-geraeumt,https://www.zeit.de/news/2026-07/13/schule-in-friedrichshafen-wegen-gasgeruchs-geraeumt,0,www.zeit.de,Notfalleinsatz: Schule in Friedrichshafen wegen Gasgeruchs geräumt,Hier finden Sie Informationen zu dem Thema „Notfalleinsatz“. Lesen Sie jetzt „Schule in Friedrichshafen wegen Gasgeruchs geräumt“.,https://img.zeit.de/news/2026-07/13/schule-in-friedrichshafen-wegen-gasgeruchs-geraeumt-image-group/wide__1300x731,2026-07-13T13:43:57Z,,"Wegen Gasgeruchs ist eine Schule in Friedrichshafen (Bodenseekreis) geräumt worden. Rund 500 Schüler und 40 Lehrer mussten das Gebäude am Morgen verlassen, wie die Polizei mitteilte. Feuerwehrleute u… [+356 chars]",,de,'Gas'
https://www.diepresse.com/36512816/weltmeister-aus-wien-der-klimawindkanal-und-seine-wettermacher,https://www.diepresse.com/36512816/weltmeister-aus-wien-der-klimawindkanal-und-seine-wettermacher,0,www.diepresse.com,Weltmeister aus Wien: Der Klimawindkanal und seine Wettermacher [premium],Von der Straßenbahn bis zum Helikopter: In Floridsdorf simuliert das Rail Tec Arsenal als eines der weltweit führenden Institute brütende Hitze bis eisige Kälte. Für Reisende sind die Erkenntnisse mitunter lebenswichtig.,https://img.diepresse.com/public/incoming/wp4xz5-dwp3872jpg/alternates/WEBP_WIDE_1200/_DWP3872.jpg,2026-07-13T17:55:00Z,,"Jimmy Kenyon soll seinen Ohren nicht getraut haben. Der Direktor des NASA Glenn Research Centers in Cleveland, USA, lauschte 2023 einem Vortrag des Österreichers Hermann Ferschitz. Der Maschinenbauin… [+7329 chars]",,de,'Schnee'
https://www.zeit.de/news/2026-07/13/gas-auf-klinikgelaende-ausgetreten-feuerwehreinsatz,https://www.zeit.de/news/2026-07/13/gas-auf-klinikgelaende-ausgetreten-feuerwehreinsatz,0,www.zeit.de,Feuerwehreinsatz: Gas auf Klinikgelände ausgetreten - Feuerwehreinsatz,Hier finden Sie Informationen zu dem Thema „Feuerwehreinsatz“. Lesen Sie jetzt „Gas auf Klinikgelände ausgetreten - Feuerwehreinsatz“.,https://img.zeit.de/news/2026-07/13/gas-auf-klinikgelaende-ausgetreten-feuerwehreinsatz-image-group/wide__1300x731,2026-07-13T18:16:08Z,,"Eine auslaufende Flüssigkeit hat einen größeren Feuerwehreinsatz in Berlin-Zehlendorf ausgelöst. Rund 70 Feuerwehrleute waren am frühen Nachmittag auf dem Klinikgelände in der Walterhöferstraße, um e… [+528 chars]",,de,'Gas'
https://www.tagesspiegel.de/berlin/feuerwehreinsatz-in-berlin-zehlendorf-stechend-riechendes-gas-auf-klinikgelande-ausgetreten-15835096.html,https://www.tagesspiegel.de/berlin/feuerwehreinsatz-in-berlin-zehlendorf-stechend-riechendes-gas-auf-klinikgelande-ausgetreten-15835096.html,0,www.tagesspiegel.de,Feuerwehreinsatz in Berlin-Zehlendorf: Stechend riechendes Gas auf Klinikgelände ausgetreten,Auf einem Krankenhausgelände in Zehlendorf tritt stechend riechendes Gas aus. Die Feuerwehr rückt mit zahlreichen Kräften an.,https://www.tagesspiegel.de/images/15835095/alternates/BASE_16_9_W1400/1783966634000/feuerwehr-symbolbild.jpeg,2026-07-13T18:17:14Z,,Eine auslaufende Flüssigkeit hat einen größeren Feuerwehreinsatz in Berlin-Zehlendorf ausgelöst. Rund 70 Feuerwehrleute waren am frühen Montagnachmittag auf dem Klinikgelände in der Walterhöferstraße… [+501 chars],,de,'Gas'
https://www.tagesspiegel.de/berlin/feuerwehreinsatz-gas-auf-klinikgelande-ausgetreten-feuerwehreinsatz-15835096.html,https://www.tagesspiegel.de/berlin/feuerwehreinsatz-gas-auf-klinikgelande-ausgetreten-feuerwehreinsatz-15835096.html,0,www.tagesspiegel.de,Feuerwehreinsatz: Gas auf Klinikgelände ausgetreten - Feuerwehreinsatz,Auf einem Krankenhausgelände in Zehlendorf tritt stechend riechendes Gas aus. Die Feuerwehr rückt mit zahlreichen Kräften an.,https://www.tagesspiegel.de/images/15835095/alternates/BASE_16_9_W1400/1783966634000/feuerwehr-symbolbild.jpeg,2026-07-13T18:17:14Z,,"Eine auslaufende Flüssigkeit hat einen größeren Feuerwehreinsatz in Berlin-Zehlendorf ausgelöst. Rund 70 Feuerwehrleute waren am frühen Nachmittag auf dem Klinikgelände in der Walterhöferstraße, um e… [+582 chars]",,de,'Gas'
https://www.diepresse.com/36515764/es-gilt-jetzt-energiesysteme-der-zukunft-zu-bauen,https://www.diepresse.com/36515764/es-gilt-jetzt-energiesysteme-der-zukunft-zu-bauen,0,www.diepresse.com,Es gilt jetzt Energiesysteme der Zukunft zu bauen,"Erneuerbare wie die Windkraft sind Schlüsselfaktor für saubere und sichere, heimische Energie. Sie stärken die Unabhängigkeit, regionale Wertschöpfung und Resilienz gegenüber ausländischen Lieferanten.",https://img.diepresse.com/public/incoming/7iv2jt-001rudolph17607jpg/alternates/DPR_SOCIAL_SPONSORED/001_Rudolph_17607.jpg,2026-07-13T22:01:00Z,,"Die Presse auf Google als bevorzugte Nachrichtenquelle hinzufügen.
 Die weltpolitischen Verwerfungen zeigen, wie verwundbar Europa und damit auch Österreich geworden ist. Kriege, geopolitische Spann… [+9635 chars]",,de,'Wind'
https://www.zeit.de/news/2026-07/14/rwe-erwartet-stabile-strompreise-fuer-haushalte,https://www.zeit.de/news/2026-07/14/rwe-erwartet-stabile-strompreise-fuer-haushalte,0,www.zeit.de,Energiekosten: RWE erwartet stabile Strompreise für Haushalte,Hier finden Sie Informationen zu dem Thema „Energiekosten“. Lesen Sie jetzt „RWE erwartet stabile Strompreise für Haushalte“.,https://img.zeit.de/news/2026-07/14/rwe-erwartet-stabile-strompreise-fuer-haushalte-image-group/wide__1300x731,2026-07-14T01:00:09Z,,"Deutschlands größter Stromerzeuger RWE geht für die kommenden fünf Jahre von insgesamt eher stabilen Preisen für Haushaltskunden aus. RWE-Chef Markus Krebber erwartet nach eigenen Angaben nicht, dass… [+1433 chars]",,de,'Energiekosten'
https://www.telepolis.de/article/Neue-Heizregeln-ab-2029-Gasnetze-dennoch-am-Ende-11362318.html,https://www.telepolis.de/article/Neue-Heizregeln-ab-2029-Gasnetze-dennoch-am-Ende-11362318.html,0,www.telepolis.de,Neue Heizregeln ab 2029: Gasnetze dennoch am Ende?,Bio-Treppe soll Gasnetze vor dem Wärmepumpenboom retten. Doch Experten warnen Verbraucher vor Fehlinvestitionen. Wird die Hoffnung auf Biogas zum teuren Irrweg?,https://heise.cloudimg.io/bound/1200x1200/q85.png-lossy-85.webp-lossy-85.foil1/_www-heise-de_/imgs/18/5/1/1/5/6/1/1/gaszaehler-2F-2-3b30a70a7ef36b27.jpg,2026-07-14T04:00:00Z,,"Bio-Treppe soll Gasnetze vor dem Wärmepumpenboom retten. Doch Experten warnen Verbraucher vor Fehlinvestitionen. Wird die Hoffnung auf Biogas zum teuren Irrweg?
Die Bundesregierung mit Wirtschaftsmi… [+4766 chars]",,de,'Wärmepumpe'
https://kaernten.orf.at/stories/3362494/,https://kaernten.orf.at/stories/3362494/,0,kaernten.orf.at,Hochalpenstraße als Raser-Hotspot,Die Polizei hat am vergangenen Wochenende vier Raser auf der Großglockner Hochalpenstraße gestoppt. Teilweise überschritten sie das Tempolimit um 60 km/h. Dies ist ein bekanntes Problem auf der kurvigen Strecke.,https://ibs.orf.at/ktn?image=https%3A%2F%2Foekastatic.orf.at%2Fmims%2F2025%2F35%2F98%2Fcrops%2Fw%3D1200%2Ch%3D627%2Cq%3D75%2F2745588_master_1057798_image00020.jpeg%3Fs%3Da9e26b1193ab3372a95a85f0e44c30ceba76ba6e,2026-07-14T04:26:07Z,,"Das Problem mit Rasern ist der Polizeiinspektion Heiligenblut wohlbekannt, insbesondere im Sommer sind dort vermehrt Geschwindigkeitskontrollen nötig. Die Polizei führt täglich Geschwindigkeitskontro… [+1253 chars]",,de,'Tempolimit'
https://www.zeit.de/news/2026-07/14/fuer-notfaelle-astronaut-maurer-uebt-zaehne-ziehen,https://www.zeit.de/news/2026-07/14/fuer-notfaelle-astronaut-maurer-uebt-zaehne-ziehen,0,www.zeit.de,Raumfahrt: Für Notfälle: Astronaut Maurer übt Zähne ziehen,Hier finden Sie Informationen zu dem Thema „Raumfahrt“. Lesen Sie jetzt „Für Notfälle: Astronaut Maurer übt Zähne ziehen“.,https://img.zeit.de/news/2026-07/14/fuer-notfaelle-astronaut-maurer-uebt-zaehne-ziehen-image-group/wide__1300x731,2026-07-14T06:04:24Z,,"Astronauten müssen nicht nur gut in Form sein und große körperliche Belastungen aushalten, sie müssen im All zur Not auch unangenehme Dinge tun können, zum Beispiel Zähne ziehen oder Wunden nähen. Üb… [+2793 chars]",,de,'Not'
https://www.faz.net/aktuell/rhein-main/region-und-hessen/seelsorge-wenn-die-kirche-winzern-in-der-krise-hilft-accg-201011340.html,https://www.faz.net/aktuell/rhein-main/region-und-hessen/seelsorge-wenn-die-kirche-winzern-in-der-krise-hilft-accg-201011340.html,0,www.faz.net,Weinbau in der Krise: Wenn die Kirche zu den Winzern kommt,"Zwei Ruhestands-Theologen starten eine Winzerseelsorge für Betriebe in Existenznot. Das Angebot soll helfen, wo finanzielle Sorgen, familiärer Druck und Zukunftsängste zusammenkommen.",https://media0.faz.net/image/w1200h627/c5420c516924/w6678h3489x0y661o/202607/43601.0.2316982843/will-mut-machen-die-pfarrerin.webp,2026-07-14T08:52:58Z,,"Sie ist selbst zwar keine Winzerin, aber mit Wein kennt sich Manuela Rimbach-Sator aus nicht nur als Mitglied der rheinhessischen Weinbruderschaft. Über 20 Jahre lang war sie bis zum Wechsel in den R… [+3739 chars]",,de,'Wein'
https://www.apfelpage.de/news/adac-drive-update-bringt-tempolimit-anzeige-umweltzonen-infos-und-parkposition/,https://www.apfelpage.de/news/adac-drive-update-bringt-tempolimit-anzeige-umweltzonen-infos-und-parkposition/,0,www.apfelpage.de,"ADAC Drive: Update bringt Tempolimit-Anzeige, Umweltzonen-Infos und Parkposition","In vielen Bundesländern hat die Ferienzeit begonnen und damit rollt auch wieder die große Reisewelle über Deutschlands Straßen. Passend dazu hat der ADAC seiner Drive-App ... Weiterlesen ...
Der Beitrag ADAC Drive: Update bringt Tempolimit-Anzeige, Umweltzone…",https://www.apfelpage.de/wp-content/uploads/2026/07/ADAC-Driver-App-6.9.0.jpg,2026-07-14T10:35:37Z,,In vielen Bundesländern hat die Ferienzeit begonnen und damit rollt auch wieder die große Reisewelle über Deutschlands Straßen. Passend dazu hat der ADAC seiner Drive-App ein Update auf Version 6.9.0… [+2069 chars],,de,'Tempolimit'
https://www.zeit.de/news/2026-07/14/windkraftpionier-sowitec-meldet-insolvenz-an,https://www.zeit.de/news/2026-07/14/windkraftpionier-sowitec-meldet-insolvenz-an,0,www.zeit.de,Insolvenzantrag: Windkraftpionier Sowitec meldet Insolvenz an,Hier finden Sie Informationen zu dem Thema „Insolvenzantrag“. Lesen Sie jetzt „Windkraftpionier Sowitec meldet Insolvenz an“.,https://img.zeit.de/news/2026-07/14/windkraftpionier-sowitec-meldet-insolvenz-an-image-group/wide__1300x731,2026-07-14T10:49:41Z,,"Die Sowitec Group GmbH aus Sonnenbühl, ein Entwickler von erneuerbaren Energien-Projekten in den Bereichen Wind und Solar, hat einen Insolvenzantrag gestellt. Wie die Geschäftsführung des Unternehmen… [+856 chars]",,de,'Wind'
https://www.zeit.de/news/2026-07/14/winzer-in-der-krise-mehr-geld-fuer-steillagen,https://www.zeit.de/news/2026-07/14/winzer-in-der-krise-mehr-geld-fuer-steillagen,0,www.zeit.de,Weinbau unter Druck: Winzer in der Krise - Mehr Geld für Steillagen,Hier finden Sie Informationen zu dem Thema „Weinbau unter Druck“. Lesen Sie jetzt „Winzer in der Krise - Mehr Geld für Steillagen“.,https://img.zeit.de/news/2026-07/14/winzer-in-der-krise-mehr-geld-fuer-steillagen-image-group/wide__1300x731,2026-07-14T12:33:05Z,,"Frankens Winzer sollen zur Bewirtschaftung der arbeitsintensiven Steillagen künftig mehr Geld erhalten. «Wir werden ab dem Jahr 2027 die Steillagenförderung um 50 Prozent erhöhen», sagte Landwirtscha… [+2777 chars]",,de,'Wein'
https://www.zeit.de/news/2026-07/14/feuer-im-mueritz-nationalpark-breitet-sich-aus,https://www.zeit.de/news/2026-07/14/feuer-im-mueritz-nationalpark-breitet-sich-aus,0,www.zeit.de,Notfälle: Feuer im Müritz-Nationalpark breitet sich aus,Hier finden Sie Informationen zu dem Thema „Notfälle“. Lesen Sie jetzt „Feuer im Müritz-Nationalpark breitet sich aus“.,https://img.zeit.de/news/2026-07/14/feuer-im-mueritz-nationalpark-breitet-sich-aus-image-group/wide__1300x731,2026-07-14T13:56:46Z,,"Der Brand im Müritz-Nationalpark breitet sich weiter aus. Inzwischen gehe es um 25 Hektar, die brennen oder schon verbrannt sind, sagte ein Sprecher des Landkreises Mecklenburgische Seenplatte. Der W… [+1452 chars]",,de,'Not'
https://www.spektrum.de/news/duerre-in-deutschland-die-boeden-sind-extrem-trocken/2334355,https://www.spektrum.de/news/duerre-in-deutschland-die-boeden-sind-extrem-trocken/2334355,0,www.spektrum.de,Dürre in Deutschland: »Eine Dürre wie sie nur alle 50 Jahre vorkommt«,"Die Zeichen stehen auf ausgeprägter Dürre, die Böden sind vielerorts bis in die Tiefe trocken - und großflächiger Regen nicht in Sicht. Welche Folgen erwarten Experten?",https://static.spektrum.de/fm/912/f1920x1080/604818593_Pa.jpg,2026-07-14T15:05:14Z,,So trocken wie derzeit nicht. Aber das Wasser wird langfristig im Sommerhalbjahr weniger. Das ist ein genereller Trend in Deutschland. Die Dürre im Südwesten ist vergleichbar mit der langwierigen Dür… [+10299 chars],,de,'Dürre'
https://www.zeit.de/news/2026-07/15/typisch-rheinland-pfalz-ein-weinkeller-in-der-staatskanzlei,https://www.zeit.de/news/2026-07/15/typisch-rheinland-pfalz-ein-weinkeller-in-der-staatskanzlei,0,www.zeit.de,Landesgeschichte: Typisch Rheinland-Pfalz: Ein Weinkeller in der Staatskanzlei,Hier finden Sie Informationen zu dem Thema „Landesgeschichte“. Lesen Sie jetzt „Typisch Rheinland-Pfalz: Ein Weinkeller in der Staatskanzlei“.,https://img.zeit.de/news/2026-07/15/typisch-rheinland-pfalz-ein-weinkeller-in-der-staatskanzlei-image-group/wide__1300x731,2026-07-15T01:35:07Z,,Mit einer Portion Ehrfurcht hat der neue rheinland-pfälzische Ministerpräsident Gordon Schnieder den von seinem Vorgänger Helmut Kohl geschaffenen Weinkeller in der Staatskanzlei betreten. «Ich kannt… [+4191 chars],,de,'Wein'
https://www.sueddeutsche.de/wirtschaft/wein-japan-deutschland-li.3507577,https://www.sueddeutsche.de/wirtschaft/wein-japan-deutschland-li.3507577,0,www.sueddeutsche.de,Export nach Deutschland: Rotwein vom Fudschijama,In Japan wollen Winzer mit einer klimaresistenten Traube den Wein neu erfinden. Die Erfahrungen dafür haben sie mit europäischen Rebsorten gesammelt. Das hat vor 100 Jahren schon mal funktioniert – mit einem anderen alkoholischen Getränk.,https://www.sueddeutsche.de/2026/07/15/c0f9a5de-22db-4351-968d-a1061b53070e.jpg?q=60&fm=webp&width=1200&rect=0%2C242%2C2856%2C1606,2026-07-15T13:22:56Z,,"Vielleicht liegt es daran, dass wir Japaner den Wein lieben, sagt Hironori Kobayashi hoch oben in den Weinreben und meint damit die ganze Mühe, die sie hier in den Anbau lenken. Denn die Bedingungen … [+172 chars]",,de,'Wein'
https://www.zeit.de/news/2026-07/15/eu-kommission-milliarden-kosten-durch-stickstoffbelastung,https://www.zeit.de/news/2026-07/15/eu-kommission-milliarden-kosten-durch-stickstoffbelastung,0,www.zeit.de,Landwirtschaft: EU-Kommission: Milliarden-Kosten durch Stickstoffbelastung,Hier finden Sie Informationen zu dem Thema „Landwirtschaft“. Lesen Sie jetzt „EU-Kommission: Milliarden-Kosten durch Stickstoffbelastung“.,https://img.zeit.de/news/2026-07/15/eu-kommission-milliarden-kosten-durch-stickstoffbelastung-image-group/wide__1300x731,2026-07-15T14:32:02Z,,Stickstoffbelastung durch die Landwirtschaft verursacht in der EU nach Einschätzung der Europäischen Kommission jährlich Kosten in Höhe von 68 bis 182 Milliarden Euro. Dabei geht es unter anderem um … [+3076 chars],,de,'Landwirtschaft'
https://www.zeit.de/news/2026-07/15/iw-waermepumpe-erstmals-am-haeufigsten-eingebaute-heizungsart,https://www.zeit.de/news/2026-07/15/iw-waermepumpe-erstmals-am-haeufigsten-eingebaute-heizungsart,0,www.zeit.de,Heizungen in Wohngebäuden: IW: Wärmepumpe erstmals am häufigsten eingebaute Heizungsart,Hier finden Sie Informationen zu dem Thema „Heizungen in Wohngebäuden“. Lesen Sie jetzt „IW: Wärmepumpe erstmals am häufigsten eingebaute Heizungsart“.,https://img.zeit.de/news/2026-07/15/iw-waermepumpe-erstmals-am-haeufigsten-eingebaute-heizungsart-image-group/wide__1300x731,2026-07-15T15:11:49Z,,Wärmepumpen sind beim Heizungstausch inzwischen die erste Wahl. Die Geräte waren 2025 in deutschen Wohngebäuden erstmals die am häufigsten eingebaute Heizungsart. Das zeigt eine Auswertung des Instit… [+2135 chars],,de,'Wärmepumpe'
https://www.tagesschau.de/wissen/klima/ernaehrungswende-landwirtschaft-100.html,https://www.tagesschau.de/wissen/klima/ernaehrungswende-landwirtschaft-100.html,0,www.tagesschau.de,Mehr Gemüse statt Fleisch - wie das die Landwirtschaft verändern würde,"Das aktuelle Ernährungssystem belastet Klima, Umwelt und Gesundheit. Was würde eine globale Umstellung auf eine gesündere, nachhaltigere Ernährung für die Landwirtschaft bedeuten? Das hat eine Studie untersucht. Von Asya Fröhlich.",https://images.tagesschau.de/image/168e831f-38b0-4c2e-89a9-cb05d670a3da/AAABn2Y71F8/AAABnSSvrFg/16x9-big/gemuesefeld-100.jpg?width=1280,2026-07-15T15:12:52Z,,"Stand: 15.07.2026 17:12 Uhr
Das aktuelle Ernährungssystem belastet Klima, Umwelt und Gesundheit. Was würde eine globale Umstellung auf eine gesündere, nachhaltigere Ernährung für die Landwirtschaft … [+6664 chars]",,de,'Landwirtschaft'
https://www.tagesspiegel.de/gesundheit/nicht-die-kalte-totet-im-winter-atemwegsinfekte-treiben-die-zahl-von-herzinfarkten-nach-oben-15842317.html,https://www.tagesspiegel.de/gesundheit/nicht-die-kalte-totet-im-winter-atemwegsinfekte-treiben-die-zahl-von-herzinfarkten-nach-oben-15842317.html,0,www.tagesspiegel.de,Nicht die Kälte tötet im Winter: Atemwegsinfekte treiben die Zahl von Herzinfarkten nach oben,"Wer sich im Winter mit Grippe ansteckt, riskiert mehr als Husten. Neue Daten zeigen, wie eng Atemwegsinfekte und tödliche Herzereignisse zusammenhängen.",https://www.tagesspiegel.de/images/15843127/alternates/BASE_16_9_W1400/1784130553000/young-man-coughing-atem015.jpeg,2026-07-15T16:03:57Z,,"In jedem Winter füllen sich die Wartezimmer, mit Patienten, die unter Husten, Schnupfen und Fieber leiden. Zeitgleich schnellt, meist unbemerkt, eine zweite Kurve nach oben: die der Menschen, die an … [+4221 chars]",,de,'Kälte'
https://www.zeit.de/wirtschaft/2026-07/waermepumpe-heizungstausch-deutschland-iw,https://www.zeit.de/wirtschaft/2026-07/waermepumpe-heizungstausch-deutschland-iw,0,www.zeit.de,Wärmepumpe in Wohngebäuden: Wärmepumpe erstmals am häufigsten eingebaute Heizungsart,Beim Heizungstausch haben Wärmepumpen fossile Heizkessel überholt. Ein Experte sieht dafür mehrere Gründe – und spricht von einer »echten Trendwende im Heizungskeller«.,https://img.zeit.de/wirtschaft/2026-07/waermepumpe-heizungstausch-deutschland-iw-foto-1/wide__1300x731,2026-07-15T16:16:52Z,,Wärmepumpen sind beim Heizungstausch inzwischen die erste Wahl. Die Geräte waren 2025 in deutschen Wohngebäuden erstmals die am häufigsten eingebaute Heizungsart. Das zeigt eine Auswertung des Instit… [+1331 chars],,de,'Wärmepumpe'
https://www.welt.de/sport/fussball/wm/article6a50b8335ee5db799e970d97/wm-2026-aldi-england-nimmt-argentinischen-wein-aus-dem-regal.html,https://www.welt.de/sport/fussball/wm/article6a50b8335ee5db799e970d97/wm-2026-aldi-england-nimmt-argentinischen-wein-aus-dem-regal.html,0,www.welt.de,Aldi England nimmt argentinischen Wein aus dem Regal,"Während Lamine Yamal mit Spanien den Einzug ins WM-Finale feierte, haben Unbekannte versucht, in sein Haus bei Barcelona einzubrechen. Außerdem: Sorgen um Spaniens Torschützen vor dem Finale. Alle News in unserem WM-Ticker.",https://images.welt.de/6a50b8335ee5db799e970d97/949a5d187f3e0a8756e58b7193976a8b/ci16x9-w1200/aldi-wein,2026-07-15T16:20:00Z,,"Der Ball, mit dem Diego Armando Maradona 1986 Fußball-Geschichte schrieb, wird bald wieder versteigert. Mit dem Spielgerät hatte Maradona damals im WM-Viertelfinale beim 2:1 gegen England zuerst das … [+678 chars]",,de,'Wein'
https://www.zeit.de/news/2026-07/16/hitze-und-duerre-machen-jungen-amphibien-zu-schaffen,https://www.zeit.de/news/2026-07/16/hitze-und-duerre-machen-jungen-amphibien-zu-schaffen,0,www.zeit.de,Trockenstress: Hitze und Dürre machen jungen Amphibien zu schaffen,Hier finden Sie Informationen zu dem Thema „Trockenstress“. Lesen Sie jetzt „Hitze und Dürre machen jungen Amphibien zu schaffen“.,https://img.zeit.de/news/2026-07/16/hitze-und-duerre-machen-jungen-amphibien-zu-schaffen-image-group/wide__1300x731,2026-07-16T01:45:05Z,,"Gerade junge Amphibien darben wegen der Dürre. Wegen Hitze und Trockenheit sind sie auch dann noch stark gefährdet, wenn der Übergang der Larvenstadien vom Wasser zum Land erfolgt ist, wie der Fachbe… [+1036 chars]",,de,'Dürre'
https://www.zeit.de/news/2026-07/16/e-autos-sind-im-trend-fast-jeder-dritte-setzt-auf-stromer,https://www.zeit.de/news/2026-07/16/e-autos-sind-im-trend-fast-jeder-dritte-setzt-auf-stromer,0,www.zeit.de,Alternative Antriebe: E-Autos sind im Trend: Fast jeder Dritte setzt auf Stromer,Hier finden Sie Informationen zu dem Thema „Alternative Antriebe“. Lesen Sie jetzt „E-Autos sind im Trend: Fast jeder Dritte setzt auf Stromer“.,https://img.zeit.de/news/2026-07/16/e-autos-sind-im-trend-fast-jeder-dritte-setzt-auf-stromer-image-group/wide__1300x731,2026-07-16T02:05:06Z,,"Wer sich ein Auto kauft, der entscheidet sich immer häufiger für einen Elektroantrieb. Wie aus Zahlen des Kraftfahrt-Bundesamtes hervorgeht, betrug der Anteil der Stromer an allen neu zugelassenen Pk… [+1610 chars]",,de,'E-Auto'
https://www.zeit.de/news/2026-07/16/sattelzug-faehrt-gegen-leitplanke-auf-a93-gas-tritt-aus,https://www.zeit.de/news/2026-07/16/sattelzug-faehrt-gegen-leitplanke-auf-a93-gas-tritt-aus,0,www.zeit.de,Vollsperrung nach Unfall: Sattelzug fährt gegen Leitplanke auf A93 - Gas tritt aus,Hier finden Sie Informationen zu dem Thema „Vollsperrung nach Unfall“. Lesen Sie jetzt „Sattelzug fährt gegen Leitplanke auf A93 - Gas tritt aus“.,https://img.zeit.de/news/2026-07/16/sattelzug-faehrt-gegen-leitplanke-auf-a93-gas-tritt-aus-image-group/wide__1300x731,2026-07-16T06:00:45Z,,Nach einem Zusammenstoß zwischen einem Sattelzug und der Leitplanke auf der A93 bei Marktredwitz (Landkreis Wunsiedel im Fichtelgebirge) ist Gas aus dem Tank des Trucks ausgetreten. Der Fahrer wurde … [+481 chars],,de,'Gas'
https://www.derstandard.at/story/3000000331578/von-solarenergie-zu-gasturbinen-elon-musk-kauft-fossiles-energieunternehmen,https://www.derstandard.at/story/3000000331578/von-solarenergie-zu-gasturbinen-elon-musk-kauft-fossiles-energieunternehmen,0,www.derstandard.at,Von Solarenergie zu Gasturbinen: Elon Musk kauft fossiles Energieunternehmen,Mit den portablen Gas- und Dieselturbinen sollen Rechenzentren betrieben werden,https://i.ds.at/UgAzxw/rs:fill:1200:600/plain/lido-images/2026/07/15/ab542ec4-cb1b-4bd6-8ca5-b1d50d961f40.jpg,2026-07-16T08:00:00Z,,"Sie entscheiden darüber, wie Sie unsere Inhalte nutzen wollen. Ihr Gerät erlaubt uns derzeit leider nicht, die entsprechenden Optionen anzuzeigen.
Bitte deaktivieren Sie sämtliche Hard- und Software… [+180 chars]",,de,'Gas'
https://www.sueddeutsche.de/kultur/kelela-album-new-avatar-kritik-li.3515199,https://www.sueddeutsche.de/kultur/kelela-album-new-avatar-kritik-li.3515199,0,www.sueddeutsche.de,"Pop: „Nichts als Verfall, also verfallen auch wir“","Eine Dystopie voll von Dürre, Brandstiftung und Einsamkeit: Kelela besingt den Untergang – und die Resilienz, die trotzdem Hoffnung spendet.",https://www.sueddeutsche.de/2026/07/13/9c058b25-1205-4719-b31e-d2263c8c1845.jpg?q=60&fm=webp&width=1200&rect=0%2C0%2C4000%2C2250,2026-07-16T08:41:50Z,,"Der Song beginnt mit einem einfachen Gitarrenriff, das zwischen zwei Akkorden oszilliert. Darunter legt sich ein sanftes Bassrauschen, und Kelela erzählt von einer Dystopie: von Dürre, Brandstiftung … [+499 chars]",,de,'Dürre'
https://www.tagesspiegel.de/wirtschaft/konflikte-exportkontrollen-auf-helium-china-will-versorgung-sichern-15845592.html,https://www.tagesspiegel.de/wirtschaft/konflikte-exportkontrollen-auf-helium-china-will-versorgung-sichern-15845592.html,0,www.tagesspiegel.de,Konflikte: Exportkontrollen auf Helium - China will Versorgung sichern,"Peking beschränkt die Ausfuhr des wichtigen Edelgases Helium. Hintergrund ist, die eigene Versorgung zu sichern. Doch warum fürchtet China, dass das Gas nicht reichen könnte?",https://www.tagesspiegel.de/images/15845591/alternates/BASE_16_9_W1400/1784191664000/chinas-sprecher-yadong-im-handelsministerium.jpeg,2026-07-16T08:47:44Z,,"Nach einer Ankündigung von Exportkontrollen auf Helium hat China weitere Details für seine Maßnahmen bekannt gemacht. Die Volksrepublik sei ein wichtiger Importeur des Edelgases, sagte der Sprecher d… [+1799 chars]",,de,'Gas'
https://www.diepresse.com/37721447/china-verhaengt-ausfuhrverbot-fuer-helium,https://www.diepresse.com/37721447/china-verhaengt-ausfuhrverbot-fuer-helium,0,www.diepresse.com,China verhängt Ausfuhrverbot für Helium,"Die Exportkontrollen auf das wichtige Gas sollen die inländische Versorgung
sicherstellen, heißt es aus Peking.",https://img.diepresse.com/public/incoming/uh2q6n-iran-crisistech-pcb/alternates/WEBP_WIDE_1200/IRAN-CRISISTECH-PCB,2026-07-16T09:29:54Z,,"Die Presse auf Google als bevorzugte Nachrichtenquelle hinzufügen.
 Nach einer Ankündigung von Exportkontrollen auf Helium hat China weitere Details für seine Maßnahmen bekannt gemacht. Die Volksrep… [+1743 chars]",,de,'Gas'
https://www.welt.de/regionales/hamburg/article6a58c4bbdc7c0a2fc7a38bea/baumbestand-warum-jeder-alte-baum-fuer-hamburg-immer-wertvoller-und-gleichzeitig-teurer-wird.html,https://www.welt.de/regionales/hamburg/article6a58c4bbdc7c0a2fc7a38bea/baumbestand-warum-jeder-alte-baum-fuer-hamburg-immer-wertvoller-und-gleichzeitig-teurer-wird.html,0,www.welt.de,Warum jeder alte Baum für Hamburg immer wertvoller und gleichzeitig teurer wird,Hamburg rüstet seine grüne Klimaanlage auf. Die Stadt meldet erstmals wieder mehr als 231.000 Straßenbäume und investiert hohe Summen in Altenpflege. Doch Dürren und Krankheiten treiben die Kosten für jeden neuen Baum nach oben,https://images.welt.de/6a58c4bbdc7c0a2fc7a38bea/e049d99a1ac1847feecdb1e85d57efe6-master/ci16x9-w1200/dpa-com-260716-936-41597-jpg,2026-07-16T12:52:12Z,,"Hamburg rüstet seine grüne Klimaanlage auf. Die Stadt meldet erstmals wieder mehr als 231.000 Straßenbäume. Ein Schatz, der in Zeiten knapper Kassen auch zu einer Kostenfrage wird, wie die jüngste Ba… [+9776 chars]",,de,'Dürre'
https://steiermark.orf.at/stories/3362933/,https://steiermark.orf.at/stories/3362933/,0,steiermark.orf.at,Steirer hilft Erdbebenopfern in Venezuela,"Drei Wochen ist es mittlerweile her, dass ein Erdbeben in Venezuela eine humanitäre Katastrophe ausgelöst hat. Der Steirer Wolfgang Wedan ist für die Hilfsorganisation „Jugend eine Welt“ als Nothilfe-Koordinator in Venezuela. Man könne den Tod riechen, sagte …",https://ibs.orf.at/stm?image=https%3A%2F%2Foekastatic.orf.at%2Fmims%2F2026%2F29%2F13%2Fcrops%2Fw%3D1200%2Ch%3D627%2Cq%3D75%2F3115707_master_1207113_apavenezuela_-_earthquake_-_aftermath_.jpg%3Fs%3D0e632204f33847e658a0a4be053d2634db266fdc,2026-07-16T14:17:00Z,,Offiziell gibt es nach dem Beben in Venezuela bisher 4.400 Tote und fast 17.000 Verletzte mehr dazu in Erdbeben in Venezuela: Bereits über 4.300 Tote (news.ORF.at; 11.7.2026). Doch unter den Trümmern… [+2356 chars],,de,'Gas'
https://www.faz.net/aktuell/gesellschaft/menschen/folgen-der-hitzewelle-geht-uns-im-sommer-das-trinkwasser-aus-201034289.html,https://www.faz.net/aktuell/gesellschaft/menschen/folgen-der-hitzewelle-geht-uns-im-sommer-das-trinkwasser-aus-201034289.html,0,www.faz.net,Knappheit im Sommer: Geht uns das Trinkwasser aus?,"Ein heißer Frühsommer, weniger Niederschläge, Dürre: Viele Kommunen in Deutschland schränken den Wasserkonsum ein. Wie steht es um unser Grundwasser und die Trinkwasserqualität?",https://media0.faz.net/image/w1200h627/ae57f6c735d8/w6144h3210x0y123o/202607/43601.0.2341657357/trockengelegt-der.webp,2026-07-16T15:09:02Z,,"Die Hitzewelle hat Spuren hinterlassen. In Deutschland wurde nicht nur geschwitzt und geschimpft sondern auch viel Wasser verbraucht. Nun befürchten manche Regionen, dass das Wasser knapp wird. Desha… [+8964 chars]",,de,'Dürre'
https://www.diepresse.com/36963445/schnelle-hilfe-im-notfall-wir-sind-keine-helden-aber-geben-unser-bestes,https://www.diepresse.com/36963445/schnelle-hilfe-im-notfall-wir-sind-keine-helden-aber-geben-unser-bestes,0,www.diepresse.com,"Schnelle Hilfe im Notfall: »Wir sind keine Helden, aber geben unser Bestes« [premium]","Die drei Crewmitglieder eines ÖAMTC-Notarzthubschraubers sind top ausgebildet, haben viel Erfahrung und können sich in jeder Situation aufeinander verlassen.",https://img.diepresse.com/public/incoming/sey7oi-helijpg/alternates/WEBP_WIDE_1200/heli.jpg,2026-07-16T18:23:43Z,,"Wenn ein schwerer Motorradunfall passiert, ein Kind bewusstlos aus einem See geholt wird, ein Wanderer abstürzt oder ein Herz stehenbleibt, sind sie zur Stelle: Die gelben Notarzthubschrauber des ÖAM… [+3340 chars]",,de,'Tau'
https://www.zeit.de/news/2026-07/17/duerre-experte-muessen-wissen-wer-wie-viel-wasser-nutzt,https://www.zeit.de/news/2026-07/17/duerre-experte-muessen-wissen-wer-wie-viel-wasser-nutzt,0,www.zeit.de,"Trockene Böden: Dürre-Experte: Müssen wissen, wer wie viel Wasser nutzt","Hier finden Sie Informationen zu dem Thema „Trockene Böden“. Lesen Sie jetzt „Dürre-Experte: Müssen wissen, wer wie viel Wasser nutzt“.",https://img.zeit.de/news/2026-07/17/duerre-experte-muessen-wissen-wer-wie-viel-wasser-nutzt-image-group/wide__1300x731,2026-07-17T02:00:04Z,,Der Hydrologe und Dürre-Experte Andreas Marx vom Leipziger Helmholtz-Zentrum für Umweltforschung fordert ein flächendeckendes Monitoring zur Nutzung von Grund- und Oberflächenwasser. Angesichts trock… [+2753 chars],,de,'Dürre'
https://www.tagesspiegel.de/berlin/festival-das-sollten-gaste-des-lollapalooza-festivals-wissen-15848110.html,https://www.tagesspiegel.de/berlin/festival-das-sollten-gaste-des-lollapalooza-festivals-wissen-15848110.html,0,www.tagesspiegel.de,Festival: Das sollten Gäste des Lollapalooza-Festivals wissen,Tausende feiern am Wochenende beim Lollapalooza Festival auf dem Gelände des Berliner Olympiastadions. Wer tritt auf? Und gibt es noch Tickets? Einige wichtige Fragen und Antworten.,https://www.tagesspiegel.de/images/15848109/alternates/BASE_16_9_W1400/1784257293000/lollapalooza-festival-berlin.jpeg,2026-07-17T03:01:33Z,,Mit internationalen Top-Acts wird am Wochenende auf dem Gelände des Berliner Olympiastadions das Lollapalooza-Festival gefeiert. An beiden Tagen werden nach Angaben einer Pressesprecherin rund 50.000… [+2970 chars],,de,'Tau'
https://www.tagesspiegel.de/berlin/lollapalooza-berlin-2026-lineup-tickets-lageplan--die-wichtigsten-infos-fur-das-festival-15848110.html,https://www.tagesspiegel.de/berlin/lollapalooza-berlin-2026-lineup-tickets-lageplan--die-wichtigsten-infos-fur-das-festival-15848110.html,0,www.tagesspiegel.de,"Lollapalooza Berlin 2026: Lineup, Tickets, Lageplan – die wichtigsten Infos für das Festival",Tausende feiern am Wochenende beim Lollapalooza Festival auf dem Gelände des Berliner Olympiastadions. Wer tritt auf? Und gibt es noch Tickets? Einige wichtige Fragen und Antworten.,https://www.tagesspiegel.de/images/15848109/alternates/BASE_16_9_W1400/1784257293000/lollapalooza-festival-berlin.jpeg,2026-07-17T03:01:33Z,,Mit internationalen Top-Acts wird am Wochenende auf dem Gelände des Berliner Olympiastadions das Lollapalooza-Festival gefeiert. An beiden Tagen werden nach Angaben einer Pressesprecherin rund 50.000… [+3083 chars],,de,'Tau'
https://www.focus.de/politik/briefing/stadt-vs-land-die-gefaehrlichste-spaltung-der-republik_6b7938cb-0e22-4503-babb-ac1da9a15dde.html,https://www.focus.de/politik/briefing/stadt-vs-land-die-gefaehrlichste-spaltung-der-republik_6b7938cb-0e22-4503-babb-ac1da9a15dde.html,0,www.focus.de,Stadt vs. Land – die gefährlichste Spaltung der Republik,CSU-Landwirtschaftsminister Alois Rainer will die Provinz fördern und den vergifteten Heimat-Begriff reanimieren. Aber auch da hat die selbst ernannte „demokratische Mitte“ der AfD eher das Feld bereitet.,"https://quadro.burda-forward.de/ctf/ae99043d-2696-4c0b-9cd1-20135ecaa614.86800204-5e87-4f13-8157-899d07d9d78f.jpeg?im=RegionOfInterestCrop=(1200,630),regionOfInterest=(1531,636)&hash=f98dcafceb3c81095e10f442c7b42643e7ce8428c2979d234b7075601529b094",2026-07-17T05:13:00Z,,"Politiker-Reisen in die Provinz können viele Gründe haben: 1. Es ist ihr Wahlkreis, und sie müssen sich beim Firmenjubiläum eines solventen Parteispenders blicken lassen. 2. Nach irgendeiner Naturkat… [+3396 chars]",,de,'Landwirtschaft'
https://www.faz.net/aktuell/rhein-main/waggons-entgleist-bahnstrecke-hanau-friedberg-gesperrt-aktuelle-nachrichten-aus-frankfurt-hessen-faz-19735361.html,https://www.faz.net/aktuell/rhein-main/waggons-entgleist-bahnstrecke-hanau-friedberg-gesperrt-aktuelle-nachrichten-aus-frankfurt-hessen-faz-19735361.html,0,www.faz.net,Rhein-Main-Liveblog: Waggons entgleist: Bahnstrecke Hanau-Friedberg gesperrt,Opfer des Absturzes nahe Bad Arolsen identifiziert +++ E-Auto brennt in Wiesbaden: Feuerwehr rettet Familie +++ Kräftige Gewitter über Hessen erwartet +++ Hochtaunuskreis: Bei Verhaftung falscher Polizisten fällt ein Schuss +++ Liveblog zu Rhein-Main und Hess…,https://media0.faz.net/image/w1200h627/2240dbc40322/w4032h2106x0y496o/202607/43601.0.2342600721/entgleist-einer-der-beiden.webp,2026-07-17T08:08:00Z,,Kassel/Wölfersheim. Der Hessische Verwaltungsgerichtshof in Kassel hat den neuen Beschluss der Regionalversammlung Südhessen für den Bau eines Logistikzentrums von Rewe in Wölfersheim in der nördlich… [+2333 chars],,de,'Landwirtschaft'
https://www.urlaubspiraten.de/pauschalreisen/kreta-nostos-beach-boutique-hotel,https://www.urlaubspiraten.de/pauschalreisen/kreta-nostos-beach-boutique-hotel,0,www.urlaubspiraten.de," Nur 10m zum Strand: Wein, Tzatziki & echtes Kreta-Feeling!","Einfach noch mal eine Woche die Füße im Sand vergraben, die warme spätsommerliche Sonne auf der Haut spüren und dem Meeresrauschen lauschen – klingt nach dem perfekten Plan, oder? Genau für diese kleine Auszeit haben wir ein richtig tolles Boutique-Hotel fü…",https://image.urlaubspiraten.de/720/image/upload/v1784283871/Impressions%20and%20Other%20Assets/HER_90101_nostos-beach-boutique_ou6zuf.jpg,2026-07-17T08:30:00Z,,"Nostos Beach Boutique Hotel 
Das Nostos Beach Boutique Hotel ist der absolute Geheimtipp für alle, die das echte, persönliche Griechenland-Gefühl suchen. Das Hotel bietet mit nur 4 Apartments und 11… [+1336 chars]",,de,'Wein'
https://www.nzz.ch/international/zu-ehren-von-lindsey-nach-dem-ploetzlichen-tod-von-senator-graham-stehen-die-russland-sanktionen-kurz-vor-dem-durchbruch-ld.10015633,https://www.nzz.ch/international/zu-ehren-von-lindsey-nach-dem-ploetzlichen-tod-von-senator-graham-stehen-die-russland-sanktionen-kurz-vor-dem-durchbruch-ld.10015633,0,www.nzz.ch,«Zu Ehren von Lindsey»: Nach dem plötzlichen Tod von Senator Graham stehen die Russland-Sanktionen kurz vor dem Durchbruch,"Schon lange plant der amerikanische Kongress neue Sanktionen gegen Moskau und Strafzölle gegen Käufer von russischem Öl und Gas. Präsident Trump sperrte sich dagegen, doch nun, nach dem Ableben seines persönlichen Freundes, äussert er sich wohlwollend.","https://img-msp-prod.nzz.ch/2026/07/17/3f8c484b-ea53-4812-928e-d0bb29c17904.jpg?width=1200&height=675&fit=bounds&quality=75&auto=webp&crop=8192,4608,x0,y382&wmark=nzz",2026-07-17T08:50:52Z,,"Schon lange plant der amerikanische Kongress neue Sanktionen gegen Moskau und Strafzölle gegen Käufer von russischem Öl und Gas. Präsident Trump sperrte sich dagegen, doch nun, nach dem Ableben seine… [+5348 chars]",,de,'Gas'
https://www.welt.de/wissenschaft/article6a59d104bb3fbf9dba98745b/trockenheit-wer-entnimmt-wasser-duerre-experte-fordert-ueberwachung-des-grundwassers.html,https://www.welt.de/wissenschaft/article6a59d104bb3fbf9dba98745b/trockenheit-wer-entnimmt-wasser-duerre-experte-fordert-ueberwachung-des-grundwassers.html,0,www.welt.de,„Wer entnimmt Wasser?“ – Dürre-Experte fordert flächendeckende Überwachung des Grundwassers,"Zu wenig Regen, anhaltende Trockenheit: Deutschland erlebt eine Dürre-Phase. Der Hydrologe Andreas Marx fordert deshalb nun ein bundesweites Monitoring, damit Deutschland künftig besser vorbereitet ist.",https://images.welt.de/6a59d104bb3fbf9dba98745b/db7034b103947d16385694eb69c460e4-master/ci16x9-w1200/gettyimages-1167700600-jpg,2026-07-17T08:52:55Z,,"Zu wenig Regen, anhaltende Trockenheit: Deutschland erlebt eine Dürre-Phase. Der Hydrologe Andreas Marx fordert deshalb nun ein bundesweites Monitoring, damit Deutschland künftig besser vorbereitet i… [+3108 chars]",,de,'Dürre'
https://www.derstandard.at/story/3000000331807/der-teure-irrtum-vom-zeitgewinn-beim-rasen,https://www.derstandard.at/story/3000000331807/der-teure-irrtum-vom-zeitgewinn-beim-rasen,0,www.derstandard.at,Der teure Irrtum vom Zeitgewinn beim Rasen,"Eine Auswertung von 120 Millionen US-Fahrten zeigt: Wer das Tempolimit überschreitet, spart im Schnitt kaum eine Minute pro Tag – verschwendet aber enorme Mengen Sprit",https://i.ds.at/Bb3Q-A/rs:fill:1200:600/plain/lido-images/2026/07/16/041b022f-1823-491e-a607-00030287bfa5.jpg,2026-07-17T10:00:00Z,,"Sie entscheiden darüber, wie Sie unsere Inhalte nutzen wollen. Ihr Gerät erlaubt uns derzeit leider nicht, die entsprechenden Optionen anzuzeigen.
Bitte deaktivieren Sie sämtliche Hard- und Software… [+180 chars]",,de,'Tempolimit'
https://www.zeit.de/news/2026-07/17/von-oel-und-gas-zu-strom-eu-kommission-prueft-ziel-fuer-2040,https://www.zeit.de/news/2026-07/17/von-oel-und-gas-zu-strom-eu-kommission-prueft-ziel-fuer-2040,0,www.zeit.de,Energie: Von Öl und Gas zu Strom: EU-Kommission prüft Ziel für 2040,Hier finden Sie Informationen zu dem Thema „Energie“. Lesen Sie jetzt „Von Öl und Gas zu Strom: EU-Kommission prüft Ziel für 2040“.,https://img.zeit.de/news/2026-07/17/von-oel-und-gas-zu-strom-eu-kommission-prueft-ziel-fuer-2040-image-group/wide__1300x731,2026-07-17T11:24:24Z,,"Anlagen in Industrie, Gebäuden und Verkehr sollen nach dem Willen der Europäischen Kommission künftig häufiger mit Strom betrieben werden. Die Brüsseler Behörde prüft ein Elektrifizierungsziel von 46… [+2940 chars]",,de,'Gas'
https://www.tagesspiegel.de/wirtschaft/energie-von-ol-und-gas-zu-strom-eu-kommission-pruft-ziel-fur-2040-15850197.html,https://www.tagesspiegel.de/wirtschaft/energie-von-ol-und-gas-zu-strom-eu-kommission-pruft-ziel-fur-2040-15850197.html,0,www.tagesspiegel.de,Energie: Von Öl und Gas zu Strom: EU-Kommission prüft Ziel für 2040,Europa soll unabhängiger von fossilen Energieträgern werden. Damit könnte man auch klimaschädliche Emissionen einsparen. Dafür soll unter anderem Strom erschwinglicher werden.,https://www.tagesspiegel.de/images/15850196/alternates/BASE_16_9_W1400/1784287540000/elektroautos.jpeg,2026-07-17T11:25:40Z,,"Anlagen in Industrie, Gebäuden und Verkehr sollen nach dem Willen der Europäischen Kommission künftig häufiger mit Strom betrieben werden. Die Brüsseler Behörde prüft ein Elektrifizierungsziel von 46… [+3000 chars]",,de,'Gas'
https://www.n-tv.de/wirtschaft/Deutsche-Gasfoerderung-steigt-erstmals-seit-20-Jahren-wieder-id31098206.html,https://www.n-tv.de/wirtschaft/Deutsche-Gasfoerderung-steigt-erstmals-seit-20-Jahren-wieder-id31098206.html,0,www.n-tv.de,Neues Feld verantwortlich: Deutsche Gasförderung steigt erstmals seit 20 Jahren wieder,Ein Gasfeld vor Borkum sorgt für eine Trendwende: Erstmals seit mehr als 20 Jahren wird mehr Gas in Deutschland gefördert. Beim Rohöl setzt sich derweil der Trend fort.,https://www.n-tv.de/img/31098199/1784302081/Img_16_9/1200/Blick-auf-die-Bohrinsel-des-niederlaendischen-Unternehmens-One-Dyas-in-der-Nordsee.jpg,2026-07-17T14:14:27Z,,"Die Bohrinsel vor Borkum ist umstritten. (Foto: picture alliance/dpa)
Ein Gasfeld vor Borkum sorgt für eine Trendwende: Erstmals seit mehr als 20 Jahren wird mehr Gas in Deutschland gefördert. Beim … [+2229 chars]",,de,'Gas'
https://www.faz.net/aktuell/rhein-main/hofheim-e-scooter-wurf-von-hochhaus-passant-knapp-verfehlt-aktuelle-nachrichten-aus-frankfurt-hessen-faz-19735361.html,https://www.faz.net/aktuell/rhein-main/hofheim-e-scooter-wurf-von-hochhaus-passant-knapp-verfehlt-aktuelle-nachrichten-aus-frankfurt-hessen-faz-19735361.html,0,www.faz.net,Rhein-Main-Liveblog: Hofheim: E-Scooter-Wurf aus Hochhaus – Fußgänger knapp verfehlt,Streik im Einzelhandel am Samstag +++ Opfer des Absturzes nahe Bad Arolsen identifiziert +++ E-Auto brennt in Wiesbaden: Feuerwehr rettet Familie +++  Liveblog zu Rhein-Main und Hessen,https://media0.faz.net/image/w1200h627/a4137bd17927/w7948h4152x0y574o/202607/43601.0.2339110078/wenige-meter-neben-dem.webp,2026-07-17T15:03:00Z,,Kassel/Wölfersheim. Der Hessische Verwaltungsgerichtshof in Kassel hat den neuen Beschluss der Regionalversammlung Südhessen für den Bau eines Logistikzentrums von Rewe in Wölfersheim in der nördlich… [+2333 chars],,de,'Landwirtschaft'
https://www.faz.net/aktuell/rhein-main/entgleister-gueterzug-in-nidderau-bahn-rechnet-mit-millionenschaden-aktuelle-nachrichten-aus-frankfurt-hessen-faz-19735361.html,https://www.faz.net/aktuell/rhein-main/entgleister-gueterzug-in-nidderau-bahn-rechnet-mit-millionenschaden-aktuelle-nachrichten-aus-frankfurt-hessen-faz-19735361.html,0,www.faz.net,Rhein-Main-Liveblog: Entgleister Güterzug in Nidderau: Bahn rechnet mit Millionenschaden,Hofheim: Unbekannte werfen E-Scooter von Hochhaus +++ Streik im Einzelhandel am Samstag +++ Opfer des Absturzes nahe Bad Arolsen identifiziert +++ E-Auto brennt in Wiesbaden: Feuerwehr rettet Familie +++  Liveblog zu Rhein-Main und Hessen,https://media0.faz.net/image/w1200h627/8009bd7b42d1/w4032h2106x0y459o/202607/43601.0.2342940728/weshalb-der-zug-entgleiste-sei.webp,2026-07-17T17:00:00Z,,Kassel/Wölfersheim. Der Hessische Verwaltungsgerichtshof in Kassel hat den neuen Beschluss der Regionalversammlung Südhessen für den Bau eines Logistikzentrums von Rewe in Wölfersheim in der nördlich… [+2333 chars],,de,'Landwirtschaft'
https://www.zeit.de/news/2026-07/17/wind-und-wetter-sorgen-fuer-einsaetze-in-sachsen,https://www.zeit.de/news/2026-07/17/wind-und-wetter-sorgen-fuer-einsaetze-in-sachsen,0,www.zeit.de,Wetter: Wind und Wetter sorgen für Einsätze in Sachsen,Hier finden Sie Informationen zu dem Thema „Wetter“. Lesen Sie jetzt „Wind und Wetter sorgen für Einsätze in Sachsen“.,https://img.zeit.de/news/2026-07/17/wind-und-wetter-sorgen-fuer-einsaetze-in-sachsen-image-group/wide__1300x731,2026-07-17T17:16:32Z,,Die für Teile Sachsens befürchteten starken Unwetter haben nur vereinzelt für Einsätze von Feuerwehren und Rettungskräften gesorgt. Wegen umgefallener Bäume und herabgefallener Äste kam es teils zu V… [+1107 chars],,de,'Wind'
https://www.freitag.de/autoren/der-freitag/kuba-im-ausnahmezustand-ohne-strom-ohne-gas-ohne-schlaf,https://www.freitag.de/autoren/der-freitag/kuba-im-ausnahmezustand-ohne-strom-ohne-gas-ohne-schlaf,0,www.freitag.de,"Kuba II | Kuba im Ausnahmezustand: Ohne Strom, ohne Gas, ohne Schlaf","Die USA hungern Kuba aus, sie warten auf den Kollaps und eine Kapitulation ohne Kampf. Doch die Streitkräfte der Inselrepublik wollen sich nicht geschlagen geben Vor gut vier Monaten begann die US-Ölblockade. Die Kubaner erfahren seither, wie die Ressourcen d…",https://www.freitag.de/autoren/der-freitag/kuba-im-ausnahmezustand-ohne-strom-ohne-gas-ohne-schlaf/@@images/image/great,2026-07-18T02:00:00Z,,"Vor gut vier Monaten begann die US-Ölblockade. Die Kubaner erfahren seither, wie die Ressourcen der Insel schwinden und der staatliche Stromversorger darum kämpft, wenigstens ein paar Stunden am Tag … [+5830 chars]",,de,'Gas'
https://www.zeit.de/news/2026-07/18/bvg-will-ueberwachung-mit-neuen-kameras-ausbauen,https://www.zeit.de/news/2026-07/18/bvg-will-ueberwachung-mit-neuen-kameras-ausbauen,0,www.zeit.de,Sicherheit im ÖPNV: BVG will Überwachung mit neuen Kameras ausbauen,Hier finden Sie Informationen zu dem Thema „Sicherheit im ÖPNV“. Lesen Sie jetzt „BVG will Überwachung mit neuen Kameras ausbauen“.,https://img.zeit.de/news/2026-07/18/bvg-will-ueberwachung-mit-neuen-kameras-ausbauen-image-group/wide__1300x731,2026-07-18T02:30:04Z,,Die Berliner Verkehrsbetriebe wollen den Einsatz von besonderen Kameras mit einer automatischen Erkennung von fremden Personen etwa in Gleisbereichen stärker ausbauen als zunächst geplant. Bis Ende d… [+2169 chars],,de,'ÖPNV'
https://www.zeit.de/news/2026-07/18/mehr-als-50-millionen-euro-fuer-e-auto-praemien-tesla-vorne,https://www.zeit.de/news/2026-07/18/mehr-als-50-millionen-euro-fuer-e-auto-praemien-tesla-vorne,0,www.zeit.de,Mobilität: Mehr als 50 Millionen Euro für E-Auto-Prämien - Tesla vorne,Hier finden Sie Informationen zu dem Thema „Mobilität“. Lesen Sie jetzt „Mehr als 50 Millionen Euro für E-Auto-Prämien - Tesla vorne“.,https://img.zeit.de/news/2026-07/18/mehr-als-50-millionen-euro-fuer-e-auto-praemien-tesla-vorne-image-group/wide__1300x731,2026-07-18T02:30:05Z,,Über die neuen staatlichen Kaufprämien für Elektroautos sind inzwischen mehr als 50 Millionen Euro ausgezahlt worden - vorerst am meisten gefragt waren Modelle der US-Marke Tesla. Bis 30. Juni wurden… [+1577 chars],,de,'E-Auto'
https://www.tagesspiegel.de/berlin/sicherheit-im-opnv-bvg-will-uberwachung-mit-neuen-kameras-ausbauen-15852428.html,https://www.tagesspiegel.de/berlin/sicherheit-im-opnv-bvg-will-uberwachung-mit-neuen-kameras-ausbauen-15852428.html,0,www.tagesspiegel.de,Sicherheit im ÖPNV: BVG will Überwachung mit neuen Kameras ausbauen,Mit neuen Kameras will die BVG Vandalismus und unerlaubtes Betreten von Gleisen besser verhindern. Allein am U-Bahnhof Schloßstraße sind inzwischen Dutzende Geräte im Einsatz.,https://www.tagesspiegel.de/images/15852427/alternates/BASE_16_9_W1400/1784341883000/videouberwachung-im-u-bahnhof-schlo-stra-e.jpeg,2026-07-18T02:31:23Z,,Die Berliner Verkehrsbetriebe wollen den Einsatz von besonderen Kameras mit einer automatischen Erkennung von fremden Personen etwa in Gleisbereichen stärker ausbauen als zunächst geplant. Bis Ende d… [+2227 chars],,de,'ÖPNV'
https://www.faz.net/aktuell/wirtschaft/auto-verkehr/elektroauto-kaufpraemien-50-millionen-euro-ausgezahlt-accg-201042491.html,https://www.faz.net/aktuell/wirtschaft/auto-verkehr/elektroauto-kaufpraemien-50-millionen-euro-ausgezahlt-accg-201042491.html,0,www.faz.net,Tesla vorne: Mehr als 50 Millionen Euro für E-Auto-Prämien,"Seit knapp zwei Monaten gibt es wieder eine staatliche Förderung, um das Geschäft mit Elektroautos in Deutschland anzukurbeln. Wie viel Geld floss schon - und welche Marken profitierten zum Start?",https://media0.faz.net/image/w1200h627/f87c72218137/w6144h3210x0y699o/202607/43601.0.2335203831/vor-der-gigafactory-berlin.webp,2026-07-18T03:49:57Z,,Über die neuen staatlichen Kaufprämien für Elektroautos sind inzwischen mehr als 50 Millionen Euro ausgezahlt worden - vorerst am meisten gefragt waren Modelle der US-Marke Tesla. Bis 30. Juni wurden… [+1532 chars],,de,'E-Auto'
https://www.focus.de/immobilien/experte-warnt-wer-beim-heizungstausch-wartet-bekommt-weniger-geld_70cc606b-43cf-4646-a5a6-5efd3d249f07.html,https://www.focus.de/immobilien/experte-warnt-wer-beim-heizungstausch-wartet-bekommt-weniger-geld_70cc606b-43cf-4646-a5a6-5efd3d249f07.html,0,www.focus.de,"Experte warnt: Wer beim Heizungstausch wartet, bekommt weniger Geld",Ab dem 21. Juli gilt eine neue Förderung für Wärmepumpen. Verbraucher kriegen so weniger Geld als vorher. Ein Experte rät vom Abwarten ab.,"https://quadro.burda-forward.de/ctf/536bd372-4015-4df9-a14f-5e8ae8a14252.7a6c302d-de9e-4fef-8a2b-6ef2d56f6807.jpg?im=RegionOfInterestCrop=(1200,630),regionOfInterest=(2140,1144)&hash=71ce14ebd4dba279a4d6fbcb612a01c4d6a69de24f5fef9fd87a1962d2a12be3",2026-07-18T04:04:00Z,,"Zwischen dem 7. und 8. Juli ging ein Beben durch den Heizungsmarkt. Es wurde bekannt, dass die wichtige Förderbank KfW ein Portal zur Heizungsförderung auf Eis legt, um Anpassungen vorzunehmen. Kunde… [+5046 chars]",,de,'Heizung'
https://stadt-bremerhaven.de/e-auto-kaufpraemie-tesla-an-der-spitze-der-ersten-foerderwelle/,https://stadt-bremerhaven.de/e-auto-kaufpraemie-tesla-an-der-spitze-der-ersten-foerderwelle/,0,stadt-bremerhaven.de,E-Auto-Kaufprämie: Tesla an der Spitze der ersten Förderwelle,"Die neuen staatlichen Kaufprämien für Elektroautos laufen gut an. Seit dem Start des Antragsportals am 19. Mai wurden laut dpa-Informationen bis zum Stichtag am 30. Juni bereits über 50 Millionen Euro ausgezahlt. Genauer gesagt beläuft sich die Summe auf 53,9…",https://stadt-bremerhaven.de/wp-content/uploads/2025/04/Autobahn.jpg,2026-07-18T05:30:15Z,,"Autobahn / Symbolbild
Die neuen staatlichen Kaufprämien für Elektroautos laufen gut an. Seit dem Start des Antragsportals am 19. Mai wurden laut dpa-Informationen bis zum Stichtag am 30. Juni bereit… [+1535 chars]",,de,'E-Auto'
https://www.faz.net/aktuell/rhein-main/wirtschaft/neues-foerdergesetz-warum-man-sich-beim-kauf-einer-waermepumpe-sputen-sollte-accg-201032526.html,https://www.faz.net/aktuell/rhein-main/wirtschaft/neues-foerdergesetz-warum-man-sich-beim-kauf-einer-waermepumpe-sputen-sollte-accg-201032526.html,0,www.faz.net,Neue Förderregeln: Warum man sich sputen sollte beim Heizungstausch,"Für den Einbau einer Wärmepumpe gibt es vom Staat für die meisten Haushalte künftig weniger Zuschüsse. Die Beträge sinken schrittweise. Wer schnell plant, profitiert.",https://media0.faz.net/image/w1200h627/3d07fd69a39d/w5568h2909x0y401o/202606/43601.0.2208219789/kompliziert-in-die.webp,2026-07-18T07:14:35Z,,Die Nachbarn sind sauer. Das Pärchen hat im Frankfurter Umland ein Haus gekauft und will im Zuge der Sanierung auch eine Wärmepumpe einbauen lassen. Im Vertrauen auf bisherige Aussagen aus der Politi… [+6734 chars],,de,'Heizung'
https://taz.de/Kritik-an-daenischer-Werft/!6197080/,https://taz.de/Kritik-an-daenischer-Werft/!6197080/,0,taz.de,Kritik an dänischer Werft: Noch eben die russische Gas-Flotte frisch machen?,Die Fayard-Werft in Odense wartet russische LNG-Tanker – und erntet dafür Kritik. Ab 2027 ist das Geschäft durch EU-Sanktionsregeln verboten.,https://taz.de/picture/8617746/1200/39461614.jpeg,2026-07-18T07:56:00Z,,Die Fayard-Werft in Odense wartet russische LNG-Tanker – und erntet dafür Kritik. Ab 2027 ist das Geschäft durch EU-Sanktionsregeln verboten. mehr...,,de,'Gas'
https://www.n-tv.de/wirtschaft/Thermondo-lobt-sinkend-Foerderung-Schwarz-Rot-steckt-den-Pfad-klar-ab-Es-bleibt-nur-die-Waermepumpe-id31096645.html,https://www.n-tv.de/wirtschaft/Thermondo-lobt-sinkend-Foerderung-Schwarz-Rot-steckt-den-Pfad-klar-ab-Es-bleibt-nur-die-Waermepumpe-id31096645.html,0,www.n-tv.de,"Anbieter lobt sinkende Förderung: ""Schwarz-Rot steckt den Pfad klar ab: Es bleibt nur die Wärmepumpe""","Vergangene Woche überrumpelt die schwarz-rote Koalition die Heizungsbranche. Sie stellt die Wärmepumpen-Förderung um. Ohne Vorwarnung. ""Viele Kunden haben über Nacht 3600 Euro Förderung verloren"", sagt Thermondo-Chef Plog im Interview. Dennoch ist er nicht un…",https://www.n-tv.de/img/31098207/1784302760/Img_16_9/1200/Heat-pump-installers-Simon-Mockler-L-and-Richard-Wilkins-R-from-Lotus-Energy-carry-a-Vaillant-aroTHERM-plus-heat-pump-into-a-residential-property-for-installation-in-Farnham-Surrey-southwest-of-London-on-June-2-2025.jpg,2026-07-18T09:06:46Z,,"Im Südwesten von London wird eine Wärmepumpe installiert: Das ist in Großbritannien deutlich günstiger als in Deutschland. (Foto: AFP)
In der vergangenen Woche überrumpelt die schwarz-rote Koalition… [+12787 chars]",,de,'Wärmepumpe'
https://www.zeit.de/news/2026-07/18/gemeinsam-aufs-gas-15-jaehrige-bauen-unfall-mit-mopedauto,https://www.zeit.de/news/2026-07/18/gemeinsam-aufs-gas-15-jaehrige-bauen-unfall-mit-mopedauto,0,www.zeit.de,Parkplatz in Zwickau: Gemeinsam aufs Gas: 15-Jährige bauen Unfall mit Mopedauto,Hier finden Sie Informationen zu dem Thema „Parkplatz in Zwickau“. Lesen Sie jetzt „Gemeinsam aufs Gas: 15-Jährige bauen Unfall mit Mopedauto“.,https://img.zeit.de/news/2026-07/18/gemeinsam-aufs-gas-15-jaehrige-bauen-unfall-mit-mopedauto-image-group/wide__1300x731,2026-07-18T12:44:29Z,,Gemeinsam das Gaspedal betätigt: Zwei 15-Jährige sind in Zwickau mit einem Mopedauto gegen einen Fahnenmast gefahren. Das Leichtfahrzeug kollidierte am Freitagabend mit einem Poller und dann mit dem … [+710 chars],,de,'Gas'
https://www.faz.net/aktuell/wirtschaft/klima-nachhaltigkeit/elektroautos-und-waermepumpen-der-wandel-ist-nicht-mehr-zu-stoppen-201036137.html,https://www.faz.net/aktuell/wirtschaft/klima-nachhaltigkeit/elektroautos-und-waermepumpen-der-wandel-ist-nicht-mehr-zu-stoppen-201036137.html,0,www.faz.net,E-Autos und Wärmepumpen: Klimaschutz geht wie von selbst,"Die Bundesregierung kürzt am Klimaschutz, doch die Deutschen kaufen so viele E-Autos und Wärmepumpen wie nie zuvor. Mit Kulturkampf lässt sich die Elektrowende nicht mehr aufhalten.",https://media0.faz.net/image/w1200h627/2e90f9310857/w8256h4313x0y595o/202606/43601.0.2252952813/windraeder-in-mittelfranken.webp,2026-07-18T16:46:09Z,,"Es sind Nachrichten, die so gar nicht in den Zeitgeist passen wollen. Der Verband der Internationalen Kraftfahrzeughersteller verkündet: Fast zwei Drittel der neu zugelassenen Fahrzeuge haben in Deut… [+3882 chars]",,de,'Wärmepumpe'
https://www.nzz.ch/wissenschaft/permakultur-sorgt-fuer-besseres-wassermanagement-auf-dem-bauernhof-ld.10008860,https://www.nzz.ch/wissenschaft/permakultur-sorgt-fuer-besseres-wassermanagement-auf-dem-bauernhof-ld.10008860,0,www.nzz.ch,Auf dem Katzhof soll Permakultur das Paradies auf Erden schaffen – oder wenigstens vor Dürre und Überschwemmung schützen,"Permakultur umfasst viele Ideen, von Wassermanagement bis Bodenaufbau. Für Bauern ist diese Art der Landwirtschaft eine riesige Umstellung. Sie braucht viel Handarbeit – richtig gemacht kann sie aber sehr produktiv sein.","https://img-msp-prod.nzz.ch/2026/07/15/4fac6625-9772-43f9-b7fb-bbb1cf5116e7.jpg?width=1200&height=675&fit=bounds&quality=75&auto=webp&crop=1920,1080,x0,y0&wmark=nzz",2026-07-19T03:30:00Z,,"Permakultur umfasst viele Ideen, von Wassermanagement bis Bodenaufbau. Für Bauern ist diese Art der Landwirtschaft eine riesige Umstellung. Sie braucht viel Handarbeit  richtig gemacht kann sie aber … [+10475 chars]",,de,'Dürre'
https://www.n-tv.de/wirtschaft/Das-ist-kein-Niedergang-sondern-eine-Veraenderung-id31044676.html,https://www.n-tv.de/wirtschaft/Das-ist-kein-Niedergang-sondern-eine-Veraenderung-id31044676.html,0,www.n-tv.de,"Mär der Deindustrialisierung: ""Das ist kein Niedergang, sondern eine Veränderung""","Die deutsche Industrie befindet sich im freien Fall. Sie wird von Energiekosten, Bürokratie und Klimaschutz  erdrosselt. So lautet die Erzählung. Ein Industrieexperte widerspricht. Er sagt im Interview: Die Daten werden fehlinterpretiert. Absichtlich. Ihm zuf…",https://www.n-tv.de/img/31092331/1784201576/Img_16_9/1200/Dampfschwaden-steigen-in-den-Abendhimmel-am-Kohlekraftwerk-Neurath-des-Stromkonzerns-RWE-Die-deutsche-Industrie-soll-mit-einem-Industriestrompreis-wieder-wettbewerbsfaehiger-werden-Themenbild-Symbolbild-Bergheim-02-06.jpg,2026-07-19T04:12:04Z,,"Die deutsche Industrie befindet sich im freien Fall? Ein Industrieexperte widerspricht: Sie schlägt sich besser als gedacht. (Foto: picture alliance / Panama Pictures)
Die deutsche Industrie befinde… [+14442 chars]",,de,'Energiekosten'
https://www.welt.de/wissenschaft/klimabilanz/plus6a55ef7904bf7e616bda7e98/wetter-die-vergessene-mega-duerre-deutschlands-schlimmste-naturkatastrophe.html,https://www.welt.de/wissenschaft/klimabilanz/plus6a55ef7904bf7e616bda7e98/wetter-die-vergessene-mega-duerre-deutschlands-schlimmste-naturkatastrophe.html,0,www.welt.de,Die vergessene Mega-Dürre – Deutschlands schlimmste Naturkatastrophe,"Wenn sonniges Wetter einfach nicht aufhört: Im Jahr 1540 erlebte Deutschland eine singuläre Katastrophe – der Regen blieb aus, fast das ganze Jahr. Es begann mit ähnlicher Witterung wie derzeit.",https://images.welt.de/6a55ef7904bf7e616bda7e98/6e21e24b06189748e4d4004c07655b49-master/ci16x9-w1200/dwosb-axel-bojanowski-klimaabgruende-cw-ds-ki-jpg,2026-07-19T05:53:33Z,,Die WELT als ePaper: Die vollständige Ausgabe steht Ihnen bereits am Vorabend zur Verfügung so sind Sie immer hochaktuell informiert. Weitere Informationen https://epaper.welt.de,,de,'Dürre'
https://www.n-tv.de/panorama/Wettervorhersage-fuer-KW30-Auf-und-ab-der-Temperaturen-id31102101.html,https://www.n-tv.de/panorama/Wettervorhersage-fuer-KW30-Auf-und-ab-der-Temperaturen-id31102101.html,0,www.n-tv.de,Die Wetterwoche im Schnellcheck: Die Temperaturen fahren nächste Woche Achterbahn,Nach heißen Sommertagen sorgen starke Winde in der kommenden Woche für etwas Abkühlung und wechselhaftes Wetter. Vielerorts kann der Schirm eingepackt und in Doppelfunktion gegen Sonne und Regen genutzt werden. Die Natur kann sich freuen.,https://www.n-tv.de/img/31102155/1784464591/Img_16_9/1200/Fulda-Hessen-Deutschland-Regenbogen-am-Abend.jpg,2026-07-19T11:29:36Z,,"Zur Wochenmitte werden Regenwolken landeinwärts ziehen und für Temperaturen zwischen 18 und 28 Grad sorgen. (Foto: picture alliance / dts-Agentur)
Nach heißen Sommertagen sorgen starke Winde in der … [+2960 chars]",,de,'Wind'
https://www.faz.net/aktuell/rhein-main/frankfurt/frankfurt-17-000-besucher-beim-christopher-street-day-csd-accg-201043486.html,https://www.faz.net/aktuell/rhein-main/frankfurt/frankfurt-17-000-besucher-beim-christopher-street-day-csd-accg-201043486.html,0,www.faz.net,Christopher Street Day: Mit Regenbogenfarben gegen politische Rückschritte,"Bunte Outfits, laute Musik und Tausende Menschen auf den Straßen: Der Frankfurter Christopher Street Day (CSD) ist ein Fest der Sichtbarkeit. Zwischen Regenbogenfahnen und Partybussen geht es um Ausgrenzung und den Kampf um Gleichberechtigung.",https://media0.faz.net/image/w1200h627/41b151e57559/w3464h1809x0y430o/202607/43601.0.2348579319/schwungvoll-die-csd-besucher.webp,2026-07-19T11:50:48Z,,"Stefan Hochberger war sechs Jahre lang nicht mehr beim Christopher Street Day (CSD). Nach Corona habe ich ein bisschen die Lust verloren, sagt er. Umso mehr freue er sich, wieder dabei zu sein. Gerad… [+8874 chars]",,de,'Tau'
https://www.faz.net/aktuell/gesellschaft/ungluecke/waldbraende-in-spanien-13-000-hektar-bei-guadalajara-verbrannt-accg-201044688.html,https://www.faz.net/aktuell/gesellschaft/ungluecke/waldbraende-in-spanien-13-000-hektar-bei-guadalajara-verbrannt-accg-201044688.html,0,www.faz.net,Über 13.000 Hektar verbrannt: Eine Serie von Waldbränden wütet in Spanien,Nordöstlich von Madrid hat ein Waldbrand bei Guadalajara bereits Tausende Hektar verbrannt. Allein in einer Nacht fraßen sich die Flammen 14 Kilometer voran. Es gibt aber auch gute Nachrichten.,https://media0.faz.net/image/w1200h627/fd1bd0eee764/w6048h3160x0y751o/202607/43601.0.2349906374/vom-brand-zerstoerte.webp,2026-07-19T12:34:05Z,,Nordöstlich der spanischen Hauptstadt Madrid sind nach Angaben der Behörden bei einem Waldbrand bereits rund 13.000 Hektar verbrannt. Das entspricht mehr als 18.000 Fußballfeldern. Bisher seien die F… [+2300 chars],,de,'Dürre'
https://www.nzz.ch/der-andere-blick/ruecktritt-von-jens-spahn-die-ganze-union-hat-ein-glaubwuerdigkeitsproblem-ld.10016123,https://www.nzz.ch/der-andere-blick/ruecktritt-von-jens-spahn-die-ganze-union-hat-ein-glaubwuerdigkeitsproblem-ld.10016123,0,www.nzz.ch,DER ANDERE BLICK - Die Union hat ein grösseres Problem als Jens Spahn: Ein Rücktritt allein wird ihre Glaubwürdigkeit nicht wiederherstellen,"Jens Spahn hat mit den Diensten einer Leihmutter den Kardinalfehler begangen, Wasser zu predigen und Wein zu trinken. Allerdings beherrschen das in der Union auch andere.","https://img-msp-prod.nzz.ch/2026/07/19/1a3a5175-b2f0-4f7f-a745-3de06cbfd79b.jpg?width=1200&height=674&fit=bounds&quality=75&auto=webp&crop=4959,2789,x427,y323&wmark=nzz",2026-07-20T02:30:00Z,,"Jens Spahn hat mit den Diensten einer Leihmutter den Kardinalfehler begangen, Wasser zu predigen und Wein zu trinken. Allerdings beherrschen das in der Union auch andere.
20.07.2026, 04.30 Uhr
18 K… [+4383 chars]",,de,'Wein'
https://www.nzz.ch/schweiz/der-virtuelle-sommelier-zwei-westschweizer-bringen-jungen-den-wein-naeher-ld.10015843,https://www.nzz.ch/schweiz/der-virtuelle-sommelier-zwei-westschweizer-bringen-jungen-den-wein-naeher-ld.10015843,0,www.nzz.ch,Der virtuelle Sommelier – zwei Westschweizer bringen Jungen den Wein näher,Viele Junge trinken keinen Wein mehr. Ein Startup geht nun auf die Bedürfnisse der digitalaffinen Generation ein.,"https://img-msp-prod.nzz.ch/2026/07/17/27c4c18d-9b14-4538-86d8-8fe07cca0425.jpg?width=1200&height=674&fit=bounds&quality=75&auto=webp&crop=4744,2668,x0,y360&wmark=nzz",2026-07-20T04:27:49Z,,"Viele Junge trinken keinen Wein mehr. Ein Startup geht nun auf die Bedürfnisse der digitalaffinen Generation ein.
Zusammenfassung
Junge trinken weniger, aber besseren Wein.
IL21 / iStockphoto / Ge… [+6246 chars]",,de,'Wein'
https://www.golem.de/sonstiges/zustimmung/auswahl.html?from=https://www.golem.de/news/grossbritannien-e-autos-sollen-kuenftig-kilometerweise-besteuert-werden-2607-211043.html&referer=https://t.co/4817c055e0,https://www.golem.de/sonstiges/zustimmung/auswahl.html?from=https://www.golem.de/news/grossbritannien-e-autos-sollen-kuenftig-kilometerweise-besteuert-werden-2607-211043.html&referer=https://t.co/4817c055e0,0,www.golem.de,Großbritannien: E-Autos sollen künftig kilometerweise besteuert werden,"Ab 2028 zahlen E-Auto-Besitzer in Großbritannien für jeden gefahrenen Kilometer extra. (Elektroauto, Auto)",,2026-07-20T06:35:02Z,,"Besuchen Sie Golem.de wie gewohnt mit Werbung und Tracking,
 indem Sie der Nutzung aller Cookies zustimmen.
 Details zum Tracking finden Sie im Privacy Center.
Skript wurde nicht geladen. Informat… [+607 chars]",,de,'E-Auto'
https://www.zeit.de/wissenschaft/umwelt/2026-07/erdbeerernte-deutschland-ernte-ertrag-anbauflaeche,https://www.zeit.de/wissenschaft/umwelt/2026-07/erdbeerernte-deutschland-ernte-ertrag-anbauflaeche,0,www.zeit.de,Landwirtschaft: Schlechte Ernte für Erdbeeren und Spargel,Deutsche Landwirte haben im laufenden Jahr so wenige Erdbeeren geerntet wie seit 30 Jahren nicht mehr. Auch beim Spargel ging die Erntemenge zurück.,https://img.zeit.de/wissenschaft/umwelt/2026-07/erdbeerernte-deutschland-ernte-ertrag-anbauflaeche-foto-1/wide__1300x731,2026-07-20T07:09:58Z,,Die Landwirte in Deutschland haben 2026 so wenige Erdbeeren geerntet wie seit über 30 Jahren nicht mehr. Auch beim Spargel ging die Erntemenge nach Angaben des Statistischen Bundesamts zurück. Als Gr… [+383 chars],,de,'Landwirtschaft'
https://www.n-tv.de/wissen/Wo-bleibt-die-E-Revolution-auf-Deutschlands-Aeckern-id31061555.html,https://www.n-tv.de/wissen/Wo-bleibt-die-E-Revolution-auf-Deutschlands-Aeckern-id31061555.html,0,www.n-tv.de,"""Nicht vor späten 2020er-Jahren"": Wo bleibt die E-Revolution auf Deutschlands Äckern?",Die Mobilität wird zunehmend elektrisch - zumindest im Autoverkehr. Doch was ist mit der Landwirtschaft? Bisher ist Diesel noch die Energiequelle der Wahl. Ein Wandel zu E-Traktoren zeigt sich bisher nur in zarten Ansätzen - doch es gibt sie bereits.,https://www.n-tv.de/img/31065715/1783585271/Img_16_9/1200/Ein-Traktor-mit-einer-Einzelkornsaemaschine-aufgenommen-in-Diehsa-10-04-2026.jpg,2026-07-20T07:25:52Z,,"Derzeit setzen Landwirte in Deutschland fast ausschließlich noch auf Diesel als Kraftstoff für Traktoren. (Foto: picture alliance / photothek.de)
Die Mobilität wird zunehmend elektrisch - zumindest … [+8451 chars]",,de,'Landwirtschaft'
https://www.sueddeutsche.de/wirtschaft/usa-news-liveblog-trump-zoelle-kanada-li.3511620,https://www.sueddeutsche.de/wirtschaft/usa-news-liveblog-trump-zoelle-kanada-li.3511620,0,www.sueddeutsche.de,USA: Von Hockeyschlägern bis Wein: Neue Trump-Zölle gegen Kanada,Wegen eines Urteils des Obersten Gerichtshofs musste der US-Präsident mit seiner Zollpolitik erst kürzlich zurückrudern. Jetzt kündigt Trump schon wieder neue Zölle an - unter anderem auf kanadisches Sport-Equipment.,https://www.sueddeutsche.de/2026/07/20/75ff3cfa-4c58-42ad-9fbe-cf3bf36fe61e.jpg?q=60&fm=webp&width=1200&rect=0%2C183%2C3500%2C1969,2026-07-20T08:29:00Z,,"Nach Spekulationen über die Sicherheit der neuen Air Force One hat US-Präsident Donald Trump eine Nachrüstung des Präsidentenflugzeugs angekündigt. Das aktuelle Flugzeug des US-Präsidenten, eine Masc… [+1035 chars]",,de,'Wein'
https://www.zeit.de/mobilitaet/2026-07/elektroautos-preise-verbrenner-icct-fraunhofer-isi,https://www.zeit.de/mobilitaet/2026-07/elektroautos-preise-verbrenner-icct-fraunhofer-isi,0,www.zeit.de,Elektromobilität: Preise von E-Autos binnen fünf Jahren um 18 Prozent gesunken,Die Preise für Elektroautos sind zwischen 2020 und 2025 laut einer Studie um mehr als ein Sechstel zurückgegangen. Verbrenner wurden in dieser Zeit zwei Prozent teurer.,https://img.zeit.de/mobilitaet/2026-07/elektroautos-preise-verbrenner-icct-fraunhofer-isi-foto-1/wide__1300x731,2026-07-20T09:00:58Z,,Elektroautos sind in Deutschland zwischen 2020 und 2025 deutlich günstiger geworden. Das ist das Ergebnis einer Studie des International Council on Clean Transportation (ICCT) und des Fraunhofer-Inst… [+1035 chars],,de,'E-Auto'
https://www.focus.de/panorama/2500-euro-mehr-wassercent-bringt-landwirt-in-existenznot_924030b3-3e9a-474d-8750-b7cd34a87882.html,https://www.focus.de/panorama/2500-euro-mehr-wassercent-bringt-landwirt-in-existenznot_924030b3-3e9a-474d-8750-b7cd34a87882.html,0,www.focus.de,2500 Euro mehr: „Wassercent” bringt Landwirt in Existenznot,Seit Juli wird von Landwirten in Bayern der sogenannte „Wassercent“ erhoben. Die steigende Wasserkosten sorgen etwa bei Bauer Georg Pischeltsrieder für Unmut. Auf einem Milchviehbetrieb schlägt die Erhöhung mit Tausenden Euro pro Jahr zu Buche.,"https://quadro.burda-forward.de/ctf/60448f0b-cee5-4f30-a5b4-3d97953a299e.e0012d10-3415-4732-9a19-d3845a3b6e68.jpg?im=RegionOfInterestCrop=(1200,630),regionOfInterest=(990,623)&hash=d4e29eef0b27832dc4521919b21752b5535db62dae74a4e507da6e62ba50d071",2026-07-20T09:25:00Z,,"Auf seinem Milchviehbetrieb in Rieder, einem Ortsteil der Gemeinde Münsing, hält Pischeltsrieder 35 Milchkühe. Die Erhöhung des Wasserpreises um einen Euro pro Kubikmeter trifft ihn hart: Es macht 25… [+2054 chars]",,de,'Tau'
https://steiermark.orf.at/stories/3363426/,https://steiermark.orf.at/stories/3363426/,0,steiermark.orf.at,Bäuerinnen am Zug: Spitzenwert in Europa,"Im europäischen Vergleich ist der Anteil von 38 Prozent bei Hofführerinnen ein Spitzenwert. Im Fokus der aktuellen Woche der Landwirtschaft stehen die weiblichen Betriebsführerinnen. Sie übernehmen Verantwortung für Stall, Forst oder Gemüsefelder.",https://ibs.orf.at/stm?image=https%3A%2F%2Foekastatic.orf.at%2Fmims%2F2026%2F22%2F54%2Fcrops%2Fw%3D1200%2Ch%3D627%2Cq%3D75%2F3050752_master_1180654_6.jpg%3Fs%3Df2183449dfeac82f053e0d6b097b6987dd43a1ab,2026-07-20T10:21:25Z,,Auch die UNO hat das Jahr 2026 zum Internationalen Jahr der Frauen in der Landwirtschaft ausgerufen. Der Anteil der Land- und Forstwirtinnen liegt in der Steiermark laut Landwirtschaftskammer-Präside… [+1430 chars],,de,'Landwirtschaft'
https://www.tagesschau.de/wirtschaft/verbraucher/elektroautos-preise-kaufpraemie-100.html,https://www.tagesschau.de/wirtschaft/verbraucher/elektroautos-preise-kaufpraemie-100.html,0,www.tagesschau.de,Elektroautos sind seit 2020 deutlich günstiger geworden,"E-Autos sind zwischen 2020 und 2025 um rund 18 Prozent günstiger geworden. Dazu kommen die staatlichen Kaufprämien, über die schon mehr als 50 Millionen Euro ausgezahlt wurden - vor allem für Tesla-Modelle.",https://images.tagesschau.de/image/55ee9843-06f8-426e-ac6b-78e4b0a00ef7/AAABn342p9M/AAABnSSvrFg/16x9-big/tesla-452.jpg?width=1280,2026-07-20T10:41:31Z,,"Stand: 20.07.2026 12:41 Uhr
E-Autos sind zwischen 2020 und 2025 um rund 18 Prozent günstiger geworden. Dazu kommen die staatlichen Kaufprämien, über die schon mehr als 50 Millionen Euro ausgezahlt w… [+3745 chars]",,de,'E-Auto'
https://www.zeit.de/news/2026-07/20/eu-kommission-fuer-aussetzung-von-strafe-bei-methan-verstoessen,https://www.zeit.de/news/2026-07/20/eu-kommission-fuer-aussetzung-von-strafe-bei-methan-verstoessen,0,www.zeit.de,Nach Druck der US-Gaslobby: EU-Kommission für Aussetzung von Strafe bei Methan-Verstößen,Hier finden Sie Informationen zu dem Thema „Nach Druck der US-Gaslobby“. Lesen Sie jetzt „EU-Kommission für Aussetzung von Strafe bei Methan-Verstößen“.,https://img.zeit.de/news/2026-07/20/eu-kommission-fuer-aussetzung-von-strafe-bei-methan-verstoessen-image-group/wide__1300x731,2026-07-20T14:58:09Z,,Nach erheblichem Druck der US-Gaslobby will die EU-Kommission die Durchsetzung von Klimaschutzvorschriften in der Öl- und Gasindustrie vorübergehend abschwächen. Konkret empfiehlt die Behörde den Mit… [+2339 chars],,de,'Gas'
https://www.tagesspiegel.de/wirtschaft/nach-druck-der-us-gaslobby-eu-kommission-fur-aussetzung-von-strafe-bei-methan-verstossen-15859452.html,https://www.tagesspiegel.de/wirtschaft/nach-druck-der-us-gaslobby-eu-kommission-fur-aussetzung-von-strafe-bei-methan-verstossen-15859452.html,0,www.tagesspiegel.de,Nach Druck der US-Gaslobby: EU-Kommission für Aussetzung von Strafe bei Methan-Verstößen,"Die Europäische Union will mit Regeln für weniger klimaschädliche Methan-Emissionen aus dem Energiesektor sorgen. Trotzdem empfiehlt sie, Strafen auszusetzen - und verweist auf die Weltlage.",https://www.tagesspiegel.de/images/15859451/alternates/BASE_16_9_W1400/1784559555000/olhafen-des-seehafens-rostock.jpeg,2026-07-20T14:59:15Z,,Nach erheblichem Druck der US-Gaslobby will die EU-Kommission die Durchsetzung von Klimaschutzvorschriften in der Öl- und Gasindustrie vorübergehend abschwächen. Konkret empfiehlt die Behörde den Mit… [+2393 chars],,de,'Gas'
https://www.zeit.de/news/2026-07/20/studie-warnt-eu-agrarreform-trifft-ostdeutschland-staerker,https://www.zeit.de/news/2026-07/20/studie-warnt-eu-agrarreform-trifft-ostdeutschland-staerker,0,www.zeit.de,Große Landwirtschaftsbetriebe: Studie warnt: EU-Agrarreform trifft Ostdeutschland stärker,Hier finden Sie Informationen zu dem Thema „Große Landwirtschaftsbetriebe“. Lesen Sie jetzt „Studie warnt: EU-Agrarreform trifft Ostdeutschland stärker“.,https://img.zeit.de/news/2026-07/20/studie-warnt-eu-agrarreform-trifft-ostdeutschland-staerker-image-group/wide__1300x731,2026-07-20T16:19:24Z,,Die geplante Agrarreform der Europäischen Union könnte die Landwirtschaft in Ostdeutschland deutlich stärker treffen als in vielen anderen Regionen Europas. Davor warnt eine Studie des Leibniz-Instit… [+2464 chars],,de,'Landwirtschaft'
https://www.tagesspiegel.de/berlin/grosse-landwirtschaftsbetriebe-studie-warnt-eu-agrarreform-trifft-ostdeutschland-starker-15859730.html,https://www.tagesspiegel.de/berlin/grosse-landwirtschaftsbetriebe-studie-warnt-eu-agrarreform-trifft-ostdeutschland-starker-15859730.html,0,www.tagesspiegel.de,Große Landwirtschaftsbetriebe: Studie warnt: EU-Agrarreform trifft Ostdeutschland stärker,"Große Agrarbetriebe sind im Osten weit verbreitet. Genau das könnte nach Einschätzung von Forschenden zum Problem werden, wenn die EU ihre Agrarpolitik wie geplant umbaut.",https://www.tagesspiegel.de/images/15859729/alternates/BASE_16_9_W1400/1784564423000/eu-agrarreform.jpeg,2026-07-20T16:20:23Z,,Die geplante Agrarreform der Europäischen Union könnte die Landwirtschaft in Ostdeutschland deutlich stärker treffen als in vielen anderen Regionen Europas. Davor warnt eine Studie des Leibniz-Instit… [+2524 chars],,de,'Landwirtschaft'
https://noe.orf.at/stories/3363517/,https://noe.orf.at/stories/3363517/,0,noe.orf.at,50 Prozent Einbußen bei Herbsternte befürchtet,Die Trockenheit der vergangenen Wochen belastet die Landwirtschaft schwer. Die Weizenernte wurde heuer beispielsweise rund zwei Wochen früher als üblich gestartet. Für die Herbsternte wird mit Ausfällen von rund 50 Prozent und mehr gerechnet.,https://ibs.orf.at/noe?image=https%3A%2F%2Foekastatic.orf.at%2Fmims%2F2026%2F30%2F69%2Fcrops%2Fw%3D1200%2Ch%3D627%2Cq%3D75%2F3121119_master_1209269_260720_situation_ernte_00_01_19_04.jpg%3Fs%3Dc1e8954dbcf29b3199384524c80723c1beafff9a,2026-07-20T17:24:01Z,,Bereits vor Erntebeginn mehrerer Getreide- und Gemüsesorten herrschte große Sorge bei vielen niederösterreichischen Landwirtinnen und Landwirten. Denn die Trockenheit setzt ihren Feldern zu. Ende Jun… [+2468 chars],,de,'Landwirtschaft'
https://www.zeit.de/news/2026-07/21/behindertenbeauftragter-vielerorts-gehen-aufzuege-oft-nicht,https://www.zeit.de/news/2026-07/21/behindertenbeauftragter-vielerorts-gehen-aufzuege-oft-nicht,0,www.zeit.de,Barrierefreiheit im ÖPNV: Behindertenbeauftragter: Vielerorts gehen Aufzüge oft nicht,Hier finden Sie Informationen zu dem Thema „Barrierefreiheit im ÖPNV“. Lesen Sie jetzt „Behindertenbeauftragter: Vielerorts gehen Aufzüge oft nicht“.,https://img.zeit.de/news/2026-07/21/behindertenbeauftragter-vielerorts-gehen-aufzuege-oft-nicht-image-group/wide__1300x731,2026-07-21T01:00:07Z,,"Der Behindertenbeauftragte des Bundes beklagt mitunter hohe Hürden bei Reisen von Menschen mit körperlichen Einschränkungen. «Vielerorts funktionieren die Aufzüge oft wochenlang nicht, gerade in länd… [+3737 chars]",,de,'ÖPNV'
https://www.tagesspiegel.de/gesellschaft/panorama/barrierefreiheit-im-opnv-behindertenbeauftragter-vielerorts-gehen-aufzuge-oft-nicht-15860036.html,https://www.tagesspiegel.de/gesellschaft/panorama/barrierefreiheit-im-opnv-behindertenbeauftragter-vielerorts-gehen-aufzuge-oft-nicht-15860036.html,0,www.tagesspiegel.de,Barrierefreiheit im ÖPNV: Behindertenbeauftragter: Vielerorts gehen Aufzüge oft nicht,"Der ADAC hat stichprobenartig Haltestellen untersucht, ob sie für Menschen mit Behinderung gut zu erreichen sind. Wie das Ergebnis ausfällt und welche Reaktionen es gibt.",https://www.tagesspiegel.de/images/15860035/alternates/BASE_16_9_W1400/1784595688000/barrierefreiheit.jpeg,2026-07-21T01:01:28Z,,"Der Behindertenbeauftragte des Bundes beklagt mitunter hohe Hürden bei Reisen von Menschen mit körperlichen Einschränkungen. Vielerorts funktionieren die Aufzüge oft wochenlang nicht, gerade in ländl… [+3781 chars]",,de,'ÖPNV'
https://www.zeit.de/news/2026-07/21/e-auto-foerderung-geht-haeufig-an-haushalte-mit-wenig-geld,https://www.zeit.de/news/2026-07/21/e-auto-foerderung-geht-haeufig-an-haushalte-mit-wenig-geld,0,www.zeit.de,Zugang zur E-Mobilität: E-Auto-Förderung geht häufig an Haushalte mit wenig Geld,Hier finden Sie Informationen zu dem Thema „Zugang zur E-Mobilität“. Lesen Sie jetzt „E-Auto-Förderung geht häufig an Haushalte mit wenig Geld“.,https://img.zeit.de/news/2026-07/21/e-auto-foerderung-geht-haeufig-an-haushalte-mit-wenig-geld-image-group/wide__1300x731,2026-07-21T03:00:22Z,,Fast jede zweite Bewilligung der neuen staatlichen E-Auto-Förderung geht an einkommensschwächere Haushalte. Bis zum 10. Juli entfielen 48 Prozent der bewilligten Anträge auf Haushalte mit einem zu ve… [+1769 chars],,de,'E-Auto'
https://www.zeit.de/gesellschaft/2026-07/barrierefreiheit-oepnv-juergen-dusel-busse-haltestellen,https://www.zeit.de/gesellschaft/2026-07/barrierefreiheit-oepnv-juergen-dusel-busse-haltestellen,0,www.zeit.de,Barrierefreiheit: Behindertenbeauftragter beklagt mangelnde Barrierefreiheit im ÖPNV,Kaputte Aufzüge und enge Flächen erschweren Menschen mit Behinderung die Nutzung des Nahverkehrs. Dabei müsste bereits seit Jahren flächendeckend Barrierefreiheit gelten.,https://img.zeit.de/gesellschaft/2026-07/barrierefreiheit-oepnv-juergen-dusel-busse-haltestellen-foto-1/wide__1300x731,2026-07-21T05:49:37Z,,"Der Behindertenbeauftragte des Bundes, Jürgen Duse, hat hohe Hürden
bei der Nutzung des Öffentlichen Nahverkehrs für Menschen mit Behinderungen beklagt. »Vielerorts funktionieren
die Aufzüge oft wo… [+1062 chars]",,de,'ÖPNV'
https://stadt-bremerhaven.de/deutsche-bahn-greift-durch-alkoholverbot-an-allen-5-400-bahnhoefen-kommt/,https://stadt-bremerhaven.de/deutsche-bahn-greift-durch-alkoholverbot-an-allen-5-400-bahnhoefen-kommt/,0,stadt-bremerhaven.de,Deutsche Bahn greift durch: Alkoholverbot an allen 5.400 Bahnhöfen kommt,"Die Deutsche Bahn macht Ernst in Sachen Hausrecht und plant ein radikales Alkoholverbot für alle 5.400 Bahnhöfen in Deutschland. Wie Bild berichtet und die Bahn mittlerweile gegenüber der dpa bestätigt hat, soll das Trinken von Bier, Wein, Schnaps und Co....Z…",https://stadt-bremerhaven.de/wp-content/uploads/2025/04/Bahn-Zug.jpg,2026-07-21T06:00:37Z,,Die Deutsche Bahn macht Ernst in Sachen Hausrecht und plant ein radikales Alkoholverbot für alle 5.400 Bahnhöfen in Deutschland. Wie Bild berichtet und die Bahn mittlerweile gegenüber der dpa bestäti… [+1525 chars],,de,'Wein'
https://www.zeit.de/wirtschaft/2026-07/digitalisierung-umwelt-kuenstliche-intelligenz-klimaschaden-emissionshandel,https://www.zeit.de/wirtschaft/2026-07/digitalisierung-umwelt-kuenstliche-intelligenz-klimaschaden-emissionshandel,0,www.zeit.de,Digitalisierung und Umwelt: Die KI wird ein Ökokiller,"Die Nutzung künstlicher Intelligenz droht den Planeten zu zerstören, wenn sich nichts ändert, meint unser Gastautor. Diskutieren Sie jetzt live mit ihm!",https://img.zeit.de/wirtschaft/2026-07/digitalisierung-umwelt-kuenstliche-intelligenz-klimaschaden-emissionshandel-bild/wide__1300x731,2026-07-21T07:58:53Z,,"Der
Jurist und Rechtsphilosoph Felix Ekardt arbeitet als Leiter der Leipziger Forschungsstelle Nachhaltigkeit und Klimapolitik
sowie Professor an der Uni Rostock und forscht zu Politik, Recht und E… [+6356 chars]",,de,'Gas'
https://www.zeit.de/news/2026-07/21/adac-test-mainzer-haltestellen-oft-nicht-barrierefrei,https://www.zeit.de/news/2026-07/21/adac-test-mainzer-haltestellen-oft-nicht-barrierefrei,0,www.zeit.de,ÖPNV: ADAC-Test: Mainzer Haltestellen oft nicht barrierefrei,Hier finden Sie Informationen zu dem Thema „ÖPNV“. Lesen Sie jetzt „ADAC-Test: Mainzer Haltestellen oft nicht barrierefrei“.,https://img.zeit.de/news/2026-07/21/adac-test-mainzer-haltestellen-oft-nicht-barrierefrei-image-group/wide__1300x731,2026-07-21T08:32:56Z,,Bei einem bundesweiten Test des ADAC zur Barrierefreiheit des öffentlichen Personennahverkehrs zeigt sich für Mainz ein zwiespältiges Bild: An allen untersuchten Bus- und Straßenbahnhaltesteigen sind… [+2118 chars],,de,'ÖPNV'
https://www.tagesspiegel.de/berlin/verkehrspolitik-verkehrsverbande-stellen-senat-schlechte-bilanz-aus-15861077.html,https://www.tagesspiegel.de/berlin/verkehrspolitik-verkehrsverbande-stellen-senat-schlechte-bilanz-aus-15861077.html,0,www.tagesspiegel.de,Verkehrspolitik: Verkehrsverbände stellen Senat schlechte Bilanz aus,"Ob Auto, Fahrrad oder ÖPNV: Die verkehrspolitische Bilanz des scheidenden Senats fällt aus Sicht mehrerer alternativer Verkehrsverbände mangelhaft aus. Besonders der CDU werfen sie Versagen vor.",https://www.tagesspiegel.de/images/15861076/alternates/BASE_16_9_W1400/1784626243000/fahrradfahrer-auf-der-stra-e.jpeg,2026-07-21T09:30:43Z,,Im vergangenen Wahlkampf hat die Berliner CDU sich gegen Einschränkungen für Autofahrer eingesetzt - doch aus Sicht mehrerer Verkehrsverbände haben selbst diese von der Verkehrspolitik des scheidende… [+1435 chars],,de,'ÖPNV'
https://www.bild.de/leben-wissen/reisen/wegen-rohrbruch-beliebte-straende-in-kroatien-gesperrt-6a5f373b2937e4865893e3d1,https://www.bild.de/leben-wissen/reisen/wegen-rohrbruch-beliebte-straende-in-kroatien-gesperrt-6a5f373b2937e4865893e3d1,0,www.bild.de,Meerwasser verunreinigt - Wegen Rohrbruch! Zwei Strände in Kroatien gesperrt,Badeverbot an der kroatischen Adriaküste: In Medulin im Süden Istriens dürfen Touristen derzeit an zwei beliebten Stränden nicht ins Wasser.,"https://images.bild.de/6a5f373b2937e4865893e3d1/3a77a9a9edfadd80e104b04d18daf8b4,56ea171c?w=1280",2026-07-21T10:12:34Z,,TTS-Player überspringenArtikel weiterlesenBadeverbot an der kroatischen Adriaküste: In der Urlaubsregion Medulin im Süden Istriens dürfen Einheimische und Touristen derzeit an zwei beliebten Stränden… [+1882 chars],,de,'Rohrbruch'
https://www.faz.net/aktuell/rhein-main/region-und-hessen/kloster-eberbach-verkauft-weine-aus-der-schatzkammer-online-201050492.html,https://www.faz.net/aktuell/rhein-main/region-und-hessen/kloster-eberbach-verkauft-weine-aus-der-schatzkammer-online-201050492.html,0,www.faz.net,Weine aus der Schatzkammer: Historisches Erbe,Die Hessischen Staatsweingüter bieten Raritäten aus ihrer Schatzkammer zum Kauf an. Das ist kein Skandal – im Gegenteil.,https://media0.faz.net/image/w1200h627/382143f90e29/w4252h2221x0y209o/201309/431.0.41773446/historisches-erbe.webp,2026-07-21T10:35:00Z,,"Die Geschichte reicht gut 900 Jahre zurück. Schon für die Mönche des Zisterzienserordens, die sich Anfang des 12. Jahrhunderts im Rheingau niederließen und das Kloster Eberbach gründeten, war der Wei… [+2309 chars]",,de,'Wein'
https://www.faz.net/aktuell/rhein-main/region-und-hessen/gaskraftwerk-fuer-rechenzentrum-in-mainz-accg-201050223.html,https://www.faz.net/aktuell/rhein-main/region-und-hessen/gaskraftwerk-fuer-rechenzentrum-in-mainz-accg-201050223.html,0,www.faz.net,Notfallversorgung: Neues Gaskraftwerk für das Mainzer Rechenzentrum,Bis 2028 soll das neue Mainzer Rechenzentrum auf der Ingelheimer Aue  fertiggestellt sein. Dann braucht es für alle Fälle auch eine Notstromversorgung.,https://media0.faz.net/image/w1200h627/8e7415ef375a/w3491h1824x260y70o/202606/43601.0.2236985042/energiezentrale-fuer-die.webp,2026-07-21T12:33:21Z,,"Die Pläne für ein Zukunftskraftwerk, in dem fortan mit grünem Wasserstoff also klimaneutral Strom produziert werden sollte, wurden in Mainz erst noch einmal zur Seite gelegt. Der Grund: Aus Sicht vie… [+3151 chars]",,de,'Wind'
https://www.zeit.de/wirtschaft/2026-07/offshore-windenergie-deutschland-nordsee-ostsee-leistung-gxe,https://www.zeit.de/wirtschaft/2026-07/offshore-windenergie-deutschland-nordsee-ostsee-leistung-gxe,0,www.zeit.de,Offshore-Windenergie: Stromproduktion aus Windkraft auf See erreicht Höchstwert,Auf See sind die Kapazitäten zur Umwandlung von Strom zu Wind im ersten Halbjahr 2026 besonders gewachsen. Erstmals produzierte Deutschland dort mehr als zehn Gigawatt.,https://img.zeit.de/wirtschaft/2026-07/offshore-windenergie-deutschland-nordsee-ostsee-leistung-foto-1/wide__1300x731,2026-07-21T13:35:53Z,,Deutschland hat im ersten Halbjahr so viel Offshore-Windenergie produziert wie noch nie. Zum 30. Juni wurde erstmals die Marke von zehn Gigawatt (GW) Leistung überschritten. Wie der Bundesverband Win… [+1544 chars],,de,'Wind'
https://www.zeit.de/mobilitaet/2026-07/elektromobilitaet-ladeinfrastruktur-ausbau-urlaub-eu-ziele,https://www.zeit.de/mobilitaet/2026-07/elektromobilitaet-ladeinfrastruktur-ausbau-urlaub-eu-ziele,0,www.zeit.de,Elektromobilität: Reichweitenangst brauchen Sie nicht mehr zu haben,"Kann ich bedenkenlos mit dem E-Auto in den Urlaub fahren, auch ins Ausland? Eine Analyse zeigt: Europa ist bei Ladesäulen gut aufgestellt – fast überall.",https://img.zeit.de/mobilitaet/2026-07/elektromobilitaet-ladeinfrastruktur-ausbau-urlaub-eu-ziele-bild/wide__1300x731,2026-07-21T13:56:20Z,,"Schließen
Artikelzusammenfassung
Die Reichweitenangst wirkt in Europas E-Auto-Debatte inzwischen wie ein alter Running Gag. Auslöser für den Befund sind neue Daten von Transport &amp; Environment: … [+1238 chars]",,de,'E-Auto'
https://www.zeit.de/news/2026-07/21/krisendestillation-fuer-rotwein-und-ros-moeglich,https://www.zeit.de/news/2026-07/21/krisendestillation-fuer-rotwein-und-ros-moeglich,0,www.zeit.de,Weinmarkt entlasten: Krisendestillation für Rotwein und Rosé möglich,Hier finden Sie Informationen zu dem Thema „Weinmarkt entlasten“. Lesen Sie jetzt „Krisendestillation für Rotwein und Rosé möglich“.,https://img.zeit.de/news/2026-07/21/krisendestillation-fuer-rotwein-und-ros-moeglich-image-group/wide__1300x731,2026-07-21T13:56:31Z,,Die Destillation von Rot- und Roséweinen aus den Anbaugebieten Rheinhessen und Württemberg wird nach Darstellung der neuen rheinland-pfälzischen Weinbauministerin Christine Schneider finanziell von d… [+2488 chars],,de,'Wein'
https://www.morgenpost.de/wirtschaft/article412638915/alkoholverbot-der-bahnsteig-ist-kein-partykeller.html,https://www.morgenpost.de/wirtschaft/article412638915/alkoholverbot-der-bahnsteig-ist-kein-partykeller.html,0,www.morgenpost.de,Alkoholverbot: Der Bahnsteig ist kein Partykeller,"Die Bahn reagiert auf Gewalt und verbietet Bier, Wein und Schnaps auf Bahnhöfen. Tatsächlich geht es vor allem in den Zügen hoch her.",https://img.sparknews.funkemedien.de/412635269/412635269_1784639591_v16_9_1600.jpeg,2026-07-21T14:16:10Z,,Das ganz normale Bahnwochenende: Schon am Samstag um 9 Uhr früh lassen Frauen auf Tour gern die Sektkorken im Großraumwagen knallen. Für Junggesellenabschiede ist die Zugfahrt der Auftakt zum Promill… [+2099 chars],,de,'Wein'
https://www.zeit.de/news/2026-07/21/zu-wenig-konsum-wird-wuerttemberger-wein-zu-putzmittel,https://www.zeit.de/news/2026-07/21/zu-wenig-konsum-wird-wuerttemberger-wein-zu-putzmittel,0,www.zeit.de,Krisendestillation: Zu wenig Konsum - Wird Württemberger Wein zu Putzmittel?,Hier finden Sie Informationen zu dem Thema „Krisendestillation“. Lesen Sie jetzt „Zu wenig Konsum - Wird Württemberger Wein zu Putzmittel?“.,https://img.zeit.de/news/2026-07/21/zu-wenig-konsum-wird-wuerttemberger-wein-zu-putzmittel-image-group/wide__1300x731,2026-07-21T14:30:12Z,,"Weil zu viel Wein auf dem Markt ist, sollen Winzer aus Württemberg ihre überschüssigen Mengen künftig auch zu Industriealkohol weiterverarbeiten können. Einer entsprechenden Marktintervention habe di… [+1566 chars]",,de,'Wein'
https://t3n.de/news/alternative-zu-batterien-so-will-china-200-kilowattstunden-strom-mit-einem-schwungrad-speichern-1753777/,https://t3n.de/news/alternative-zu-batterien-so-will-china-200-kilowattstunden-strom-mit-einem-schwungrad-speichern-1753777/,0,t3n.de,Alternative zu Batterien: So will China 200 Kilowattstunden Strom mit einem Schwungrad speichern,"Wenn Windräder und Solaranlagen viel Strom liefern, können Batteriespeicher das oft nicht aufnehmen und der Vorteil verpufft. In China arbeitet eine Firma nun an einem neuartigen Schwungrad. So soll es Strom mit Bewegung speichern.
weiterlesen auf t3n.de",https://cdn.t3n.de/news/wp-content/uploads/2026/07/Screenshot-2026-07-21-at-13.25.38.jpeg?class=content,2026-07-21T14:30:34Z,,Das Unternehmen Qnetic errichtet in Shanghai eine Testanlage für Schwungrad-Energiespeicher. Sie soll die größte ihrer Art sein. Der erste Prototyp kann bereits 200 Kilowattstunden speichern deutlich… [+1858 chars],,de,'Wind'
https://www.faz.net/aktuell/rhein-main/region-und-hessen/kloster-eberbach-bietet-historische-raritaeten-auch-im-onlineshop-an-201050112.html,https://www.faz.net/aktuell/rhein-main/region-und-hessen/kloster-eberbach-bietet-historische-raritaeten-auch-im-onlineshop-an-201050112.html,0,www.faz.net,Preise von 39 bis 2500 Euro: Historische Raritäten aus der Schatzkammer des Klosters,"Die Hessischen Staatsweingüter bieten Weine aus ihrer Schatzkammer in Kloster Eberbach jetzt auch im Onlineshop an. Aber nur, wenn es von ihnen einen ausreichenden  Bestand gibt, wie Landwirtschaftsminister Ingmar Jung betont.",https://media0.faz.net/image/w1200h627/12999720eeba/w4252h2221x0y85o/201309/431.0.41772479/fluessiges-weingedaechtnis-die.webp,2026-07-21T15:07:28Z,,1954 war ein eleganter Jahrgang mit zeitloser Ausstrahlung. So jedenfalls steht es auf einer Preisliste im Onlineshop von Kloster Eberbach. Mit 2500 Euro ist der Assmannshäuser Höllenberg Spätburgund… [+3392 chars],,de,'Wein'
https://orf.at/stories/3436862/,https://orf.at/stories/3436862/,0,orf.at,Überangebot: Deutscher Wein als Desinfektionsmittel,,https://orf.at/mojo/1_4_1/storyserver//news/common/images/og-fallback-news.png,2026-07-21T15:31:59Z,,"Rot- und Roseweine aus den deutschen Anbaugebieten Rheinhessen und Württemberg könnten bald zu hochprozentigem Alkohol gebrannt und dann etwa für Desinfektionsmittel genutzt werden.
Die EU-Kommissio… [+506 chars]",,de,'Wein'
https://taz.de/Alkoholverbots-Plan-der-Deutschen-Bahn-Sind-Zuege-und-Restaurants-im-Bahnhof-betroffen/!6197820/,https://taz.de/Alkoholverbots-Plan-der-Deutschen-Bahn-Sind-Zuege-und-Restaurants-im-Bahnhof-betroffen/!6197820/,0,taz.de,Alkoholverbot an Bahnhöfen: Bier und Wein im Bordbistro,Die Deutsche Bahn will Alkoholtrinken an allen Bahnhöfen verbieten – für weniger Gewalt. Doch im Zug und in der Bahnhofskneipe wird noch ausgeschenkt.,https://taz.de/picture/8622959/1200/41716694.jpeg,2026-07-21T15:49:00Z,,Die Deutsche Bahn will Alkoholtrinken an allen Bahnhöfen verbieten – für weniger Gewalt. Doch im Zug und in der Bahnhofskneipe wird noch ausgeschenkt. mehr...,,de,'Wein'
https://www.faz.net/aktuell/wirtschaft/klima-nachhaltigkeit/offshore-windkraft-ueberschreitet-erstmals-zehn-gigawatt-201047605.html,https://www.faz.net/aktuell/wirtschaft/klima-nachhaltigkeit/offshore-windkraft-ueberschreitet-erstmals-zehn-gigawatt-201047605.html,0,www.faz.net,In Nord- und Ostsee: Erstmals mehr als zehn Gigawatt Offshore-Windkraft installiert,"Derzeit werden in schneller Folge neue Windanlagen ans Stromnetz angeschlossen. Doch die Investoren zögern mit weiteren Vorhaben. Die Branche hat konkrete Vorschläge, um den Ausbau wieder anzutreiben.",https://media0.faz.net/image/w1200h627/c5d51ea88141/w5000h2612x0y100o/202604/436eb6e36e-3da8-11f1-9031-9ee86fa104c1/schwerlastkran-auf-hoher-see.webp,2026-07-21T16:23:41Z,,"Nord- und Ostsee werden immer relevanter für die Energieversorgung in Deutschland. Allein das, was im ersten Halbjahr an Offshore-Anlagen neu ans Netz angeschlossen wurde, entspricht etwa der Leistun… [+5785 chars]",,de,'Wind'
https://www.tagesschau.de/ausland/europa/frankreich-waldbraende-weinbauern-100.html,https://www.tagesschau.de/ausland/europa/frankreich-waldbraende-weinbauern-100.html,0,www.tagesschau.de,Frankreich: Die Not der Weinbauern nach den Waldbränden,"Seit Wochen wüten in Südfrankreich massive Waldbrände. Eine Region, die es hart getroffen hat, sind die Pyrénées-Orientales - dort fielen den Flammen auch zahlreiche Weinhänge zum Opfer. Die Winzer stehen vor dem Nichts. Von Julia Borutta, ARD Paris",https://images.tagesschau.de/image/8125b3b4-281a-47eb-b370-8ed77ec2a668/AAABn4bBSl8/AAABnSSvrFg/16x9-big/waldbrand-frankreich-140.jpg?width=1280,2026-07-21T22:38:36Z,,"Stand: 22.07.2026 00:38 Uhr
Seit Wochen wüten in Südfrankreich massive Waldbrände. Eine Region, die es hart getroffen hat, sind die Pyrénées-Orientales - dort fielen den Flammen auch zahlreiche Wein… [+3827 chars]",,de,'Not'
https://www.zeit.de/news/2026-07/22/neue-toene-junge-leute-frischer-wind-fuer-herzberg-festival,https://www.zeit.de/news/2026-07/22/neue-toene-junge-leute-frischer-wind-fuer-herzberg-festival,0,www.zeit.de,"Musik: Neue Töne, junge Leute - frischer Wind für Herzberg-Festival","Hier finden Sie Informationen zu dem Thema „Musik“. Lesen Sie jetzt „Neue Töne, junge Leute - frischer Wind für Herzberg-Festival“.",https://img.zeit.de/news/2026-07/22/neue-toene-junge-leute-frischer-wind-fuer-herzberg-festival-image-group/wide__1300x731,2026-07-22T05:48:27Z,,"Love, Peace and Music - schon seit Jahrzehnten steht das Burg Herzberg Festival im osthessischen Breitenbach für diesen Dreiklang. Dass bis heute alljährlich an einem Sommerwochenende rund 10.000 Men… [+5495 chars]",,de,'Wind'
https://www.faz.net/aktuell/rhein-main/region-und-hessen/regionale-produkte-ein-hesse-kauft-was-hessisch-ist-201033579.html,https://www.faz.net/aktuell/rhein-main/region-und-hessen/regionale-produkte-ein-hesse-kauft-was-hessisch-ist-201033579.html,0,www.faz.net,"Regionale Produkte: Ein Hesse kauft, was hessisch ist","Hessens Landwirtschaftsminister Ingmar Jung hat es per Erlass geregelt: Bei staatlichen Veranstaltungen kommen hessische Produkte auf den Tisch. Höchste Zeit, dass wir es ihm gleichtun. Eine Einladung zur Nachdenklichkeit.",https://media0.faz.net/image/w1200h627/5858e926ff4b/w3000h1567x0y232o/202203/43600.0.806832248/immaterielles-weltkulturerbe.webp,2026-07-22T07:30:00Z,,"Frühsommer in Hessen. Auf dem Wochenmarkt auf der Konstablerwache in Frankfurt locken die ersten Erdbeeren des Jahres tiefrot, duftend, frisch aus Südhessen oder der Wetterau. Kaum hundert Meter entf… [+7540 chars]",,de,'Landwirtschaft'
https://www.sueddeutsche.de/magazin/gruss-aus-der-kueche/alkohol-schnupfen-li.3508895,https://www.sueddeutsche.de/magazin/gruss-aus-der-kueche/alkohol-schnupfen-li.3508895,0,www.sueddeutsche.de,Kann Wein für Schnupfen sorgen?,"Die Nase ist dicht oder läuft, kann das ein Alkoholschnupfen sein? Ein Experte klärt auf.",https://www.sueddeutsche.de/2026/07/01/ab76e9ff-1282-4257-bb2b-ecd00bcac6fd.jpg?q=60&fm=webp&width=1200&rect=0%2C229%2C2500%2C1406,2026-07-22T07:57:40Z,,"Dr. med. Christoph Specht ist Präventionsmediziner und Medizinjournalist: 
»Ja, den Alkoholschnupfen gibt es. Dafür können verschiedene Faktoren ausschlaggebend sein: Zum einen wirkt Alkohol gefäßer… [+1410 chars]",,de,'Wein'
https://www.faz.net/aktuell/politik/inland/jens-spahns-ruecktritt-was-die-cdu-basis-denkt-accg-201049690.html,https://www.faz.net/aktuell/politik/inland/jens-spahns-ruecktritt-was-die-cdu-basis-denkt-accg-201049690.html,0,www.faz.net,Nach Spahns Rücktritt: „Das ist wie Wasser predigen und Wein trinken“,Kam Jens Spahns Rücktritt zu spät? Wie sehr hat die Affäre den Landtagswahlkämpfern geschadet? Wir haben uns an der CDU-Basis umgehört.,https://media0.faz.net/image/w1200h627/c54ee82a686b/w5315h2777x0y106o/202607/43601.0.2357609660/wahlplakat-an-der-a2-in.webp,2026-07-22T09:57:56Z,,Auf dem Schützenfest in Hilchenbach musste André Jung am Wochenende öfter mal über Jens Spahn reden. Jung ist Fraktionsvorsitzender der CDU im Rat der Stadt Hilchenbach. Seine Fraktion ist dort die z… [+6342 chars],,de,'Wein'
https://www.welt.de/wirtschaft/video6a607dca8f5bba832e162e8b/spritpreise-steigen-ein-preisdeckel-kann-funktionieren.html,https://www.welt.de/wirtschaft/video6a607dca8f5bba832e162e8b/spritpreise-steigen-ein-preisdeckel-kann-funktionieren.html,0,www.welt.de,„Ein Preisdeckel kann funktionieren“,"In Deutschland steigen wieder die Spritpreise. Daniela Karbe-Geßler, Bundesgeschäftsführerin beim Bund der Steuerzahler, fordert eine höhere Pendlerpauschale: „Die Entlastung muss natürlich her, insbesondere für diejenigen, die zwingend Autofahren müssen“, sa…",https://images.welt.de/6a607dca8f5bba832e162e8b/95683803ca492d6a4034d25f12be77d3/ci16x9-w1200/dpa-com-260716-935-1483834-jpg,2026-07-22T10:00:51Z,,"In Deutschland steigen wieder die Spritpreise. Daniela Karbe-Geßler, Bundesgeschäftsführerin beim Bund der Steuerzahler, fordert eine höhere Pendlerpauschale: Die Entlastung muss natürlich her, insbe… [+133 chars]",,de,'Pendlerpauschale'
https://www.faz.net/aktuell/wissen/ab-in-die-botanik/welche-balkonpflanzen-die-hitze-ueberstehen-201033880.html,https://www.faz.net/aktuell/wissen/ab-in-die-botanik/welche-balkonpflanzen-die-hitze-ueberstehen-201033880.html,0,www.faz.net,Botanik-Kolumne: Der neue Sommerduft,Mit der richtigen Pflanzenauswahl können Gießfaule auch im Sommer bei 37 Grad und Dürre Blütenpracht auf dem Balkon erleben. Die riecht mitunter nach Schokolade oder Weingummi.,https://media0.faz.net/image/w1200h627/2810c99efc84/w4421h2309x0y319o/201807/431.0.19364536/geranien-sind-besonders.webp,2026-07-22T12:54:24Z,,"In diesem Sommer steht man als Hobbygärtner gewissermaßen unter Hausarrest. Bei 37 Grad und Sonne verlangt die botanische Fürsorgepflicht, dass Hortensie, Rosen und Veilchen ausreichend und somit exz… [+3434 chars]",,de,'Dürre'
https://www.zeit.de/news/2026-07/22/ernte-mit-zwei-gesichtern-gute-ertraege-niedrige-preise,https://www.zeit.de/news/2026-07/22/ernte-mit-zwei-gesichtern-gute-ertraege-niedrige-preise,0,www.zeit.de,"Bilanz Landwirtschaft 2026: Ernte mit zwei Gesichtern - «Gute Erträge, niedrige Preise»","Hier finden Sie Informationen zu dem Thema „Bilanz Landwirtschaft 2026“. Lesen Sie jetzt „Ernte mit zwei Gesichtern - «Gute Erträge, niedrige Preise»“.",https://img.zeit.de/news/2026-07/22/ernte-mit-zwei-gesichtern-gute-ertraege-niedrige-preise-image-group/wide__1300x731,2026-07-22T17:25:38Z,,"Trotz eines ungewöhnlich heißen und trockenen Jahres fällt die aktuelle Ernte in Rheinland-Pfalz besser aus als zunächst befürchtet. Vor allem Wintergerste, Winterweizen und Raps erzielten gute bis s… [+2584 chars]",,de,'Landwirtschaft'
https://www.tagesschau.de/wissen/klima/duerre-europa-klimawandel-100.html,https://www.tagesschau.de/wissen/klima/duerre-europa-klimawandel-100.html,0,www.tagesschau.de,Aktuelle Dürre in Europa durch Klimawandel verursacht,"Die aktuelle Dürre ist nicht nur in großen Teilen Deutschlands, sondern in ganz Europa sichtbar. Aktuelle Forschung zeigt: Das ist der Klimawandel. Fehlender Regen spielt eher eine untergeordnete Rolle. Von Florian Zinner.",https://images.tagesschau.de/image/7119e828-caf4-47b5-9337-6dce48d27acf/AAABn4QFZUM/AAABnSSvrFg/16x9-big/niedrigwasser-elbe-160.jpg?width=1280,2026-07-22T23:01:35Z,,"Stand: 23.07.2026 01:01 Uhr
Die aktuelle Dürre ist nicht nur in großen Teilen Deutschlands, sondern in ganz Europa sichtbar. Aktuelle Forschung zeigt: Das ist der Klimawandel. Fehlender Regen spielt… [+5394 chars]",,de,'Dürre'
https://t3n.de/news/ki-agenten-buchen-deine-fahrten-verliert-der-oepnv-die-schnittstelle-zum-kunden-1753947/,https://t3n.de/news/ki-agenten-buchen-deine-fahrten-verliert-der-oepnv-die-schnittstelle-zum-kunden-1753947/,0,t3n.de,KI-Agenten buchen deine Fahrten: Verliert der ÖPNV die Schnittstelle zum Kunden?,"Der Kunde der Zukunft sagt einen Satz und sein KI-Agent kümmert sich um den Rest: wählen, buchen, bezahlen. Die Mobilitätsbranche verliert so die Schnittstelle zu den Kunden an Google und andere Big-Tech-Unternehmen. Ausgerechnet das Abo, ihr stärkstes Bindun…",https://cdn.t3n.de/news/wp-content/uploads/2026/07/Bahn-Navigator-App.jpg?class=content,2026-07-23T05:30:36Z,,"Ich muss morgen um neun im Büro sein, um halb vier mein eines Kind aus der Kita abholen, das andere zum Training bringen und auf dem Rückweg noch den Einkauf abholen. Mehr wird der Kunde der Zukunft … [+10932 chars]",,de,'ÖPNV'
https://www.n-tv.de/politik/Kanada-will-gemeinsame-Bruecke-ohne-USA-einweihen-id31115362.html,https://www.n-tv.de/politik/Kanada-will-gemeinsame-Bruecke-ohne-USA-einweihen-id31115362.html,0,www.n-tv.de,Konflikt um neue US-Zölle: Kanada will gemeinsame Brücke ohne USA einweihen,"Die USA haben den Bau der neuen Brücke, die Windsor in Ontario mit Detroit verbindet, nicht finanziert. Dennoch fordert US-Präsident Trump, sie solle ""mindestens zur Hälfte"" den Vereinigten Staaten gehören. Der Konflikt zwischen den Nachbarländern erreicht vo…",https://www.n-tv.de/img/31115377/1784788302/Img_16_9/1200/Detroit-Michigan-Die-Gordie-Howe-International-Bridge-die-Michigan-und-Ontario-verbindet-ist-groesstenteils-fertiggestellt-und-wird-voraussichtlich-im-Fruehjahr-2026-eroeffnet.jpg,2026-07-23T05:36:23Z,,"Das Bauwerk kostete 4,7 Milliarden Dollar. (Foto: picture alliance / imageBROKER)
Die USA haben den Bau der neuen Brücke, die Windsor in Ontario mit Detroit verbindet, nicht finanziert. Dennoch ford… [+2406 chars]",,de,'Wind'
https://www.faz.net/aktuell/politik/inland/bundesverfassungsgericht-kein-tempolimit-fuer-gesetze-nach-streit-um-ampel-heizungsgesetz-accg-201057136.html,https://www.faz.net/aktuell/politik/inland/bundesverfassungsgericht-kein-tempolimit-fuer-gesetze-nach-streit-um-ampel-heizungsgesetz-accg-201057136.html,0,www.faz.net,Bundesverfassungsgericht: Kein Tempolimit für Gesetze nach Streit um Ampel-Heizungsgesetz,Im Eilverfahren stoppte das Bundesverfassungsgericht noch das alte Heizungsgesetz. Aber nun stellen die Richter klar: Die Abgeordneten hatten damals genug Zeit zur Beratung.,https://media0.faz.net/image/w1200h627/9dc617ab0df1/w6144h3210x0y296o/202607/43601.0.2361616770/der-zweite-senat-des.webp,2026-07-23T08:07:45Z,,Das Bundesverfassungsgericht in Karlsruhe hat die Klage von Bundestagsabgeordneten wegen unzureichender Beratungszeit des früheren Heizungsgesetzes abgewiesen. Mit dem am Donnerstag verkündeten Urtei… [+2972 chars],,de,'Tempolimit'
https://www.n-tv.de/politik/Verfassungsklage-wegen-Beratungszeit-fuer-Heizungsgesetz-gescheitert-id31116077.html,https://www.n-tv.de/politik/Verfassungsklage-wegen-Beratungszeit-fuer-Heizungsgesetz-gescheitert-id31116077.html,0,www.n-tv.de,"Kein ""Tempolimit"" für Gesetze: Verfassungsklage wegen Beratungszeit für Heizungsgesetz gescheitert","Das Bundesverfassungsgericht in Karlsruhe weist die Klage von Bundestagsabgeordneten wegen unzureichender Beratungszeit des früheren Heizungsgesetzes ab. Mit dem Urteil scheitert eine Gruppe um den früheren CDU-Abgeordneten Heilmann im Hauptsacheverfahren, tr…",https://www.n-tv.de/img/31116091/1784801404/Img_16_9/1200/DEU-Deutschland-Germany-Berlin-17-03.jpg,2026-07-23T08:07:48Z,,"Heilmann beklagte zu viel Änderung am Gesetzentwurf und zu wenig Zeit für die Parlamentarier, sich darin einzuarbeiten. (Foto: picture alliance / IPON)
Das Bundesverfassungsgericht in Karlsruhe weis… [+2043 chars]",,de,'Heizung'
https://www.zeit.de/news/2026-07/23/bundesverfassungsgericht-kein-tempolimit-fuer-gesetzgebung,https://www.zeit.de/news/2026-07/23/bundesverfassungsgericht-kein-tempolimit-fuer-gesetzgebung,0,www.zeit.de,Verfassung: Bundesverfassungsgericht: Kein «Tempolimit» für Gesetzgebung,Hier finden Sie Informationen zu dem Thema „Oberstes Gericht“. Lesen Sie jetzt „Bundesverfassungsgericht: Kein «Tempolimit» für Gesetzgebung“.,https://img.zeit.de/news/2026-07/23/bundesverfassungsgericht-kein-tempolimit-fuer-gesetzgebung-image-group/wide__1300x731,2026-07-23T08:19:17Z,,Im Streit um ein verfassungsrechtliches «Tempolimit» für Gesetzgebungsverfahren hat das Bundesverfassungsgericht eine Klage des ehemaligen CDU-Abgeordneten Thomas Heilmann verworfen. «Die Verfassung … [+3285 chars],,de,'Tempolimit'
https://www.tagesspiegel.de/politik/oberstes-gericht-bundesverfassungsgericht-kein-tempolimit-fur-gesetzgebung-15869381.html,https://www.tagesspiegel.de/politik/oberstes-gericht-bundesverfassungsgericht-kein-tempolimit-fur-gesetzgebung-15869381.html,0,www.tagesspiegel.de,Oberstes Gericht: Bundesverfassungsgericht: Kein „Tempolimit“ für Gesetzgebung,Nicht nur inhaltlich war das Heizungsgesetz der Ampel-Regierung umstritten. Auch der zeitliche Ablauf stand in der Kritik. Karlsruhe klärt nun: eine bezifferte Höchstgeschwindigkeit gibt es nicht.,https://www.tagesspiegel.de/images/15869419/alternates/BASE_16_9_W1400/1784795418000/bundesverfassungsgericht-verhandelt-zu-heizungsgesetz.jpeg,2026-07-23T08:20:03Z,,Im Streit um ein verfassungsrechtliches Tempolimit für Gesetzgebungsverfahren hat das Bundesverfassungsgericht eine Klage des ehemaligen CDU-Abgeordneten Thomas Heilmann verworfen. Die Verfassung set… [+3331 chars],,de,'Tempolimit'
https://www.tagesspiegel.de/politik/berlin-brandenburg-bundesverfassungsgericht-kein-tempolimit-fur-gesetzgebung-15869381.html,https://www.tagesspiegel.de/politik/berlin-brandenburg-bundesverfassungsgericht-kein-tempolimit-fur-gesetzgebung-15869381.html,0,www.tagesspiegel.de,Berlin / Brandenburg: Bundesverfassungsgericht: Kein „Tempolimit“ für Gesetzgebung,Bundesverfassungsgericht: Kein „Tempolimit“ für Gesetzgebung,https://www.tagesspiegel.de/images/15869380/alternates/BASE_16_9_W1400/1784794803000/bundesverfassungsgericht-verhandelt-zu-heizungsgesetz.jpeg,2026-07-23T08:20:03Z,,Im Streit um ein verfassungsrechtliches Tempolimit für Gesetzgebungsverfahren hat das Bundesverfassungsgericht eine Klage des ehemaligen CDU-Abgeordneten Thomas Heilmann verworfen. Die Verfassung set… [+273 chars],,de,'Tempolimit'
https://www.morgenpost.de/politik/article412653086/bundesverfassungsgericht-gesetzgebung-bekommt-kein-tempolimit.html,https://www.morgenpost.de/politik/article412653086/bundesverfassungsgericht-gesetzgebung-bekommt-kein-tempolimit.html,0,www.morgenpost.de,Bundesverfassungsgericht: Gesetzgebung bekommt kein „Tempolimit“,Das Bundesverfassungsgericht hat entschieden: Bei der Verabschiedung des Ampel-Heizungsgesetzes ging alles mit rechten Dingen zu.,https://img.sparknews.funkemedien.de/412651787/412651787_1784794881_v16_9_1600.jpeg,2026-07-23T08:21:21Z,,"Kaum ein Vorhaben der Ampel-Regierung sorgte für so hitzige Debatten wie das Heizungsgesetz. Während die schwarz-rote Koalition Kernpunkte kürzlich wieder abschaffte, hat das Bundesverfassungsgericht… [+2983 chars]",,de,'Heizung'
https://www.tagesschau.de/inland/gebaeudeenergiegesetz-verfassungsgericht-urteil-100.html,https://www.tagesschau.de/inland/gebaeudeenergiegesetz-verfassungsgericht-urteil-100.html,0,www.tagesschau.de,"Verfassungsklage wegen Beratungszeit für ""Heizungsgesetz"" gescheitert",Der Zeitplan der damaligen Ampel-Koalition für das Gebäudeenergiegesetz im Sommer 2023 war nicht zu knapp. Das hat das Verfassungsgericht entschieden. Ein CDU-Abgeordneter hatte geklagt - und war im Eilverfahren erfolgreich.,https://images.tagesschau.de/image/5a799948-e126-4eab-b1db-dcdcb3738e3b/AAABn44NSqk/AAABnSSvrFg/16x9-big/bundesverfassungsgericht-338.jpg?width=1280,2026-07-23T08:41:11Z,,"Stand: 23.07.2026 10:41 Uhr
Der Zeitplan der damaligen Ampel-Koalition für das Gebäudeenergiegesetz im Sommer 2023 war nicht zu knapp. Das hat das Verfassungsgericht entschieden. Ein CDU-Abgeordnete… [+2186 chars]",,de,'Tempolimit'
https://www.tagesspiegel.de/politik/entscheidung-in-karlsruhe-verfassungsklage-wegen-beratungszeit-fur-heizungsgesetz-gescheitert-15869347.html,https://www.tagesspiegel.de/politik/entscheidung-in-karlsruhe-verfassungsklage-wegen-beratungszeit-fur-heizungsgesetz-gescheitert-15869347.html,0,www.tagesspiegel.de,Entscheidung in Karlsruhe: Verfassungsklage wegen Beratungszeit für Heizungsgesetz gescheitert,Gesetzgebungsverfahren in Deutschland bekommen kein „Tempolimit“. Das Bundesverfassungsgericht verwarf Anträge des früheren CDU-Abgeordneten Thomas Heilmann und weiterer Kläger.,https://www.tagesspiegel.de/images/15869352/alternates/BASE_16_9_W1400/1784794328000/bundesverfassungsgericht-verhandelt-zu-heizungsgesetz.jpeg,2026-07-23T08:49:49Z,,Das Bundesverfassungsgericht hat die Klage mehrerer teils ehemaliger Bundestagsabgeordneter wegen unzureichender Beratungszeit des früheren Heizungsgesetzes verworfen. Mit dem am Donnerstag verkündet… [+2434 chars],,de,'Tempolimit'
https://www.faz.net/aktuell/politik/inland/urteil-zum-heizungsgesetz-karlsruhe-schuetzt-vor-torheit-nicht-201057238.html,https://www.faz.net/aktuell/politik/inland/urteil-zum-heizungsgesetz-karlsruhe-schuetzt-vor-torheit-nicht-201057238.html,0,www.faz.net,Hektische Gesetze: Karlsruhe schützt vor Torheit nicht,Das Urteil zum Tempolimit in der Gesetzgebung stärkt die Regierungsfraktionen. Sie dürfen Gesetze durchpeitschen.,https://media0.faz.net/image/w1200h627/b01ce2e542ad/w5012h2618x309y878o/202604/43601.0.1984726174/das-reichstagsgebaeude-in.webp,2026-07-23T09:24:32Z,,"Das Gebäudeenergiegesetz (Heizungsgesetz) brachte das Fass zum Überlaufen. Die Ampelkoalition stand im Sommer 2023, als der CDU-Abgeordnete Heilmann gegen das Gesetz wegen seiner Meinung nach überhas… [+3205 chars]",,de,'Tempolimit'
https://www.zeit.de/news/2026-07/23/flaute-beim-windkraft-ausbau-in-thueringen,https://www.zeit.de/news/2026-07/23/flaute-beim-windkraft-ausbau-in-thueringen,0,www.zeit.de,Windräder: Flaute beim Windkraft-Ausbau in Thüringen,Hier finden Sie Informationen zu dem Thema „Windräder“. Lesen Sie jetzt „Flaute beim Windkraft-Ausbau in Thüringen“.,https://img.zeit.de/news/2026-07/23/flaute-beim-windkraft-ausbau-in-thueringen-image-group/wide__1300x731,2026-07-23T10:11:25Z,,"Der Ausbau der Windkraft stockt in Thüringen. Im ersten Halbjahr 2026 ging im Freistaat nur eine neue Windkraftanlage mit einer Leistung von sechs Megawatt (MW) in Betrieb, wie aus Daten der Fachagen… [+1538 chars]",,de,'Wind'
https://www.golem.de/sonstiges/zustimmung/auswahl.html?from=https://www.golem.de/news/wind-und-solar-bohrloch-batterie-speichert-strom-als-kuenstliche-geothermie-2607-211199.html&referer=https://t.co/1778e8282e,https://www.golem.de/sonstiges/zustimmung/auswahl.html?from=https://www.golem.de/news/wind-und-solar-bohrloch-batterie-speichert-strom-als-kuenstliche-geothermie-2607-211199.html&referer=https://t.co/1778e8282e,0,www.golem.de,Wind und Solar: Bohrloch-Batterie speichert Strom als künstliche Geothermie,"Aufgegebene Förderstellen für Öl und Gas können große Energiemengen aufnehmen. Zurück ins Netz gelangt der Strom wie bei einem Geothermiekraftwerk. (Energiewende, Solarenergie)",,2026-07-23T11:14:01Z,,"Besuchen Sie Golem.de wie gewohnt mit Werbung und Tracking,
 indem Sie der Nutzung aller Cookies zustimmen.
 Details zum Tracking finden Sie im Privacy Center.
Skript wurde nicht geladen. Informat… [+607 chars]",,de,'Wind'
https://www.sueddeutsche.de/politik/bundestag-bundesverfassungsgericht-gesetzgebung-li.3520259,https://www.sueddeutsche.de/politik/bundestag-bundesverfassungsgericht-gesetzgebung-li.3520259,0,www.sueddeutsche.de,Bundesverfassungsgericht: Kein Tempolimit für die Gesetzgebung,"Das Bundesverfassungsgericht akzeptiert, dass Gesetze manchmal hektisch verabschiedet werden. Allerdings müssen die Abgeordneten Gelegenheit zur inhaltlichen Debatte haben.",https://www.sueddeutsche.de/2026/07/23/4a25de08-2ad0-413c-b0b5-ee291578353b.jpg?q=60&fm=webp&width=1200&rect=0%2C183%2C4000%2C2250,2026-07-23T11:50:05Z,,"Allerdings ging es vor dem Bundesverfassungsgericht weder um Klima noch um Heizungskeller, sondern um Auswüchse einer politischen Überhitzung: Wie schnell darf ein Gesetz eigentlich durchs Parlament … [+6347 chars]",,de,'Tempolimit'
https://www.faz.net/aktuell/politik/inland/thomas-heilmann-scheitert-mit-klage-zum-heizungsgesetz-accg-201055533.html,https://www.faz.net/aktuell/politik/inland/thomas-heilmann-scheitert-mit-klage-zum-heizungsgesetz-accg-201055533.html,0,www.faz.net,Urteil zum Heizungsgesetz: Warum Karlsruhe doch kein Tempolimit für Gesetze festlegte,Das Bundesverfassungsgericht hat das Vorgehen der Ampel beim Heizungsgesetz gebilligt – vor drei Jahren durchkreuzte es noch deren Zeitpläne. Wie ist das zu erklären?,https://media0.faz.net/image/w1200h627/069195842bc1/w5585h2918x559y428o/202607/43601.0.2363270075/ann-katrin-kaufhold.webp,2026-07-23T13:05:25Z,,"Als der damalige CDU-Bundestagsabgeordnete Thomas Heilmann im Juli 2023 die Bundestagsabstimmung zum Heizungsgesetz mit einem Eilantrag vor dem Bundesverfassungsgericht vorläufig stoppte, war das ein… [+5915 chars]",,de,'Tempolimit'
https://stadt-bremerhaven.de/apple-maps-wandert-tief-ins-infotainment-system-von-fords-naechster-e-auto-plattform/,https://stadt-bremerhaven.de/apple-maps-wandert-tief-ins-infotainment-system-von-fords-naechster-e-auto-plattform/,0,stadt-bremerhaven.de,Apple Maps wandert tief ins Infotainment-System von Fords nächster E-Auto-Plattform,"Apple und Ford machen gemeinsame Sache: Ab 2027 wird Apple Maps als primäres Navigationssystem direkt in die neue Elektroauto-Plattform von Ford (Universal Electric Vehicle Platform, kurz...Zum Beitrag: Apple Maps wandert tief ins Infotainment-System von Ford…",https://stadt-bremerhaven.de/wp-content/uploads/2026/01/apple-logo-2.jpg,2026-07-23T13:15:37Z,,"Apple und Ford machen gemeinsame Sache: Ab 2027 wird Apple Maps als primäres Navigationssystem direkt in die neue Elektroauto-Plattform von Ford (Universal Electric Vehicle Platform, kurz UEV) integr… [+1556 chars]",,de,'E-Auto'
https://taz.de/Urteil-zum-Heizungsgesetz/!6198449/,https://taz.de/Urteil-zum-Heizungsgesetz/!6198449/,0,taz.de,Urteil zum Heizungsgesetz: Zack-Zack-Gesetzgebung ist erlaubt,Das Bundesverfassungsgericht hat die selbst erzeugten Erwartungen nicht erfüllt. Es gebe kein Tempolimit gegen allzu hektische Gesetzgebung.,https://taz.de/picture/8628330/1200/41648376.jpeg,2026-07-23T14:07:00Z,,Das Bundesverfassungsgericht hat die selbst erzeugten Erwartungen nicht erfüllt. Es gebe kein Tempolimit gegen allzu hektische Gesetzgebung. mehr...,,de,'Tempolimit'
https://salzburg.orf.at/stories/3363929/,https://salzburg.orf.at/stories/3363929/,0,salzburg.orf.at,Grenzüberschreitender Protest gegen Verkehr,Im Ringen um ein Tempolimit auf der stark befahrenen Bundesstraße direkt vor ihren Häusern haben sich die Bewohnerinnen und Bewohner des Loferer Ortsteils Hallenstein (Pinzgau) mit ihren deutschen Nachbarn in Schneizlreuth zusammengeschlossen. Auf beiden Seit…,https://ibs.orf.at/sbg?image=https%3A%2F%2Foekastatic.orf.at%2Fmims%2F2026%2F30%2F03%2Fcrops%2Fw%3D1200%2Ch%3D627%2Cq%3D75%2F3124128_master_1210603_auto1.jpg%3Fs%3D6337d67634e534cdf63e42c8d8edef8a70df0b84,2026-07-23T16:00:00Z,,"Mit bis zu 80 Stundenkilometern dürfen Fahrzeuge durch den Loferer Ortsteil Hallenstein fahren zwischen den Häusern hindurch. Für die Bewohnerinnen und Bewohner ist das eine gefährliche Situation, vo… [+2433 chars]",,de,'Tempolimit'
https://www.faz.net/aktuell/wirtschaft/klima-nachhaltigkeit/flusswasserwaermepumpe-wenn-der-rhein-zur-heizung-wird-201059709.html,https://www.faz.net/aktuell/wirtschaft/klima-nachhaltigkeit/flusswasserwaermepumpe-wenn-der-rhein-zur-heizung-wird-201059709.html,0,www.faz.net,Flusswasserwärmepumpe: Wenn der Rhein zur Heizung wird,Der Bau von Europas größter Flusswasserwärmepumpe geht jetzt in die entscheidende Phase. Energieökonomen versprechen sich viel von dieser Art des Heizens – warnen allerdings vor mehreren Hürden.,https://media0.faz.net/image/w1200h627/9d8dded70eb4/w6144h3210x0y142o/202607/43601.0.2364399623/prominenz-fuer-ein.webp,2026-07-23T19:25:59Z,,"Wer das wärmewirtschaftliche Vorzeigeprojekt Kölns sehen möchte, muss ein Stück den Rhein entlangfahren. Den Fluss säumen in dieser Niedrigwasserperiode breite Kiesstrände, vom Ufer her riecht es muf… [+6841 chars]",,de,'Heizung'
https://www.faz.net/aktuell/rhein-main/region-und-hessen/rheinhessen-machen-industriealkohol-aus-rotwein-accg-201057554.html,https://www.faz.net/aktuell/rhein-main/region-und-hessen/rheinhessen-machen-industriealkohol-aus-rotwein-accg-201057554.html,0,www.faz.net,„Krisendestillation“: Winzer machen aus Fasswein notfalls Reinigungsmittel,"Die Keller sind voll, die Lage ist ernst. Deshalb dürfen Winzer aus Rheinhessen überschüssigen Wein nun in hochprozentigen Industriealkohol umwandeln.",https://media0.faz.net/image/w1200h627/14ee6d07906c/w2616h1366x0y104o/202607/e49e43d3-4fda-4415-bec2-674825d3aba1/keine-mangelware-weintrauben.webp,2026-07-24T05:08:00Z,,"Um das bestehende Überangebot an Rot- und Roséweinen abzubauen und den Markt zu entlasten, soll Winzern aus Rheinhessen und Württemberg ausnahmsweise die Krisendestillation erlaubt werden. Die EU hat… [+2371 chars]",,de,'Wein'
https://ooe.orf.at/stories/3364009/,https://ooe.orf.at/stories/3364009/,0,ooe.orf.at,18-Jähriger verirrte sich im Toten Gebirge,Ein Bergsteiger aus Ungarn hat in der Nacht auf Freitag im Toten Gebirge einen Großeinsatz der Bergrettung ausgelöst. Der 18-Jährige hatte sich im Bereich des Schermbergs im Bezirk Gmunden verirrt. Wegen des starken Windes war eine Bergung mit dem Notarzthubs…,https://ibs.orf.at/ooe?image=https%3A%2F%2Foekastatic.orf.at%2Fmims%2F2024%2F27%2F56%2Fcrops%2Fw%3D1200%2Ch%3D627%2Cq%3D75%2F2263901_master_860756_fkstore_106583.jpg%3Fs%3Dbb3bf63424cc1ef62f4e2e9690816a61acd1d9d3,2026-07-24T05:24:43Z,,Donnerstagmittag wollte sich der junge Ungar vom Almsee auf den Weg über das Hochplateau des Toten Gebirges zur Welserhütte machen. Doch er hatte die Weglänge unterschätzt und wollte westlich vom Sch… [+1859 chars],,de,'Wind'
"https://www.gamestar.de/artikel/microsoft-halo-campaign-evolved-xbox-pc-ps5-frueher-zugang,3456885.html","https://www.gamestar.de/artikel/microsoft-halo-campaign-evolved-xbox-pc-ps5-frueher-zugang,3456885.html",0,www.gamestar.de,Promotion/Advertorial: Xbox-Legende - Halo 1 bekommt ein Remake und ihr könnt es jetzt schon spielen [Anzeige],"Mit Halo: Campaign Evolved bekommt der Grund, warum ich mich damals für die Xbox entschieden habe ein geniales Remake, das dem ohnehin schon guten Shooter frischen Wind spendiert.",https://images.cgames.de/images/gamestar/293/halo-advertorial-teaser_6430785.jpg,2026-07-24T06:34:00Z,,"Der Master Chief ist zurück und lässt uns die legendäre Kampagne völlig neu erleben.
Einer der ersten ""richtigen"" Shooter, den ich jemals gespielt habe, war Halo Combat Evolved. Und was soll ich sag… [+4738 chars]",,de,'Wind'
https://www.welt.de/politik/video6a62fcaa75bf9495cb6ad5e6/personalrocharde-bei-der-union-viele-erhoffen-sich-davon-jetzt-frischen-wind-fuer-die-regierung.html,https://www.welt.de/politik/video6a62fcaa75bf9495cb6ad5e6/personalrocharde-bei-der-union-viele-erhoffen-sich-davon-jetzt-frischen-wind-fuer-die-regierung.html,0,www.welt.de,„Viele erhoffen sich davon jetzt frischen Wind für die Regierung“,"Nach dem Wechsel an der Spitze der Unionsfraktion baut Kanzler Friedrich Merz die Bundesregierung und die Parteiführung um. Sein Personalpaket fällt umfangreicher aus, als von vielen erwartet. „Die alten Probleme bleiben, neue Personalien können da immer neue…",https://images.welt.de/6a62fcaa75bf9495cb6ad5e6/95e7123439648f5a5e5bf35178833044/ci16x9-w1200/lara-png,2026-07-24T06:39:05Z,,"Nach dem Wechsel an der Spitze der Unionsfraktion baut Kanzler Friedrich Merz die Bundesregierung und die Parteiführung um. Sein Personalpaket fällt umfangreicher aus, als von vielen erwartet. Die al… [+174 chars]",,de,'Wind'
https://www.tagesspiegel.de/gesellschaft/panorama/feuer-ausser-kontrolle-notstand-waldbrande-in-spanien-und-frankreich-wuten-weiter-15874507.html,https://www.tagesspiegel.de/gesellschaft/panorama/feuer-ausser-kontrolle-notstand-waldbrande-in-spanien-und-frankreich-wuten-weiter-15874507.html,0,www.tagesspiegel.de,Feuer außer Kontrolle: Notstand: Waldbrände in Spanien und Frankreich wüten weiter,Frankreich und Spanien kämpfen weiter gegen ausgedehnte Waldbrände. Zehntausende Menschen mussten bereits ihre Unterkünfte verlassen – ein Ende ist nicht absehbar. Was machen betroffene Touristen?,https://www.tagesspiegel.de/images/15877231/alternates/BASE_16_9_W1400/1784898777000/brande-in-spanien.jpeg,2026-07-24T08:00:16Z,,"Schwere Waldbrände halten Frankreich und Spanien weiter in Atem. Während bei Madrid und in einer anderen spanischen Region der Notstand ausgerufen wurde, mussten an der französischen Atlantikküste Ze… [+5001 chars]",,de,'Not'
https://www.faz.net/aktuell/wissen/erde-klima/duerre-in-deutschland-was-heisst-das-fuer-ein-eigentlich-wasserreiches-land-110586303.html,https://www.faz.net/aktuell/wissen/erde-klima/duerre-in-deutschland-was-heisst-das-fuer-ein-eigentlich-wasserreiches-land-110586303.html,0,www.faz.net,Dürre in Deutschland: Ein Land im Trockenstress,"Das erste Halbjahr des Jahres 2026 war in Deutschland zu trocken. Schon im Winter fiel nicht besonders viel Niederschlag, weder Regen noch Schnee. Die Folge: Dürre. Aber was heißt das in einem Land, das lange als wasserreich galt?",https://media0.faz.net/image/w1200h627/392327cdd358/w2864h1496x292y62o/202507/1.10574819/pp-1-10574819.webp,2026-07-24T08:00:23Z,,"Ein Land im Trockenstress
Von JENS GIESEL, CLAUDIA BOTHE, SANDRA LIERMANN und FRAUKE ZBIKOWSKI
24. Juli 2026 · Das erste Halbjahr des Jahres 2026 war in Deutschland zu trocken wie bereits im letzte… [+5848 chars]",,de,'Dürre'
https://www.faz.net/aktuell/politik/ausland/wiener-oevp-geleakte-aufnahmen-bringen-walter-ruck-und-die-oevp-in-bedraengnis-201061681.html,https://www.faz.net/aktuell/politik/ausland/wiener-oevp-geleakte-aufnahmen-bringen-walter-ruck-und-die-oevp-in-bedraengnis-201061681.html,0,www.faz.net,ÖVP-Funktionär Ruck: Lieber nicht mit Frauen in den Weinkeller,"Deals bei Wein und Zigarre, Personalpolitik beim Skifahren und Politik ohne Frauen: Das Protokoll eines vertraulichen Gesprächs bringt die ÖVP in Bedrängnis.",https://media0.faz.net/image/w1200h627/8b699cc9345d/w5846h3054x0y202o/202607/43601.0.2367536362/walter-ruck-l-und-der-wiener.webp,2026-07-24T15:57:27Z,,"Das Innenleben ihrer Politik konnten die Österreicher zuletzt bei zahlreichen Gelegenheiten kennenlernen. Heimliche Videos,  Tonbandaufnahmen oder durchgestochene Chatverläufe gehören inzwischen bein… [+4931 chars]",,de,'Wein'
https://www.faz.net/aktuell/rhein-main/frankfurt/weinkrise-in-rheinhessen-krisendestillation-als-ausweg-201062353.html,https://www.faz.net/aktuell/rhein-main/frankfurt/weinkrise-in-rheinhessen-krisendestillation-als-ausweg-201062353.html,0,www.faz.net,Weinkrise: Winzer brauchen Perspektive,"Es gibt zu viel Wein, deshalb dürfen jetzt viele Millionen Liter zu Industriealkohol gebrannt werden. Das muss eine Ausnahme bleiben.",https://media0.faz.net/image/w1200h627/48d9b05e47f0/w4064h2123x0y172o/202607/43601.0.2365593836/kulturlandschaft-weinberge-in.webp,2026-07-25T08:54:34Z,,"Die Nachricht muss vielen wehgetan haben, auch denen, die erleichtert sein werden über ihren Inhalt: Um das derzeitige Überangebot an Rosé- und Rotweinen aus Rheinhessen und Württemberg abzubauen und… [+2511 chars]",,de,'Wein'
https://www.faz.net/aktuell/besser-leben/stil/warum-dieser-schaumwein-aus-suedtirol-ueberzeugt-accg-201029638.html,https://www.faz.net/aktuell/besser-leben/stil/warum-dieser-schaumwein-aus-suedtirol-ueberzeugt-accg-201029638.html,0,www.faz.net,Kolumne „Reiner Wein“: Dieser Schaumwein macht mich zu einem besseren Menschen,"Der Gast, der diese Qualität nicht preist, darf getrost zum nächsten Discounter fahren: Unser Kolumnist ist hin und weg vom Produkt einer Winzergenossenschaft aus Südtirol.",https://media0.faz.net/image/w1200h627/f3d1183926ea/w6048h3160x0y432o/202607/43601.0.2367178005/wie-champagner-hergestellt.webp,2026-07-25T17:29:00Z,,"Der Schaumwein war erstaunlich: ein Duft von hellen Früchten und Blüten, von frischem Apfelkompott, dazu Nuss- und Hefenuancen; am Gaumen leicht, präzise, kalkgeprägt, frisch und überaus elegant. Ein… [+4411 chars]",,de,'Wein'
https://www.zeit.de/news/2026-07/26/in-not-auf-nord-und-ostsee-worauf-sportler-achten-sollten,https://www.zeit.de/news/2026-07/26/in-not-auf-nord-und-ostsee-worauf-sportler-achten-sollten,0,www.zeit.de,Häufige Fehler auf See: In Not auf Nord- und Ostsee - Worauf Sportler achten sollten,Hier finden Sie Informationen zu dem Thema „Häufige Fehler auf See“. Lesen Sie jetzt „In Not auf Nord- und Ostsee - Worauf Sportler achten sollten“.,https://img.zeit.de/news/2026-07/26/in-not-auf-nord-und-ostsee-worauf-sportler-achten-sollten-image-group/wide__1300x731,2026-07-26T02:30:05Z,,"Wer das Meer unterschätzt, bringt sich schnell in Gefahr. Wind, Strömung und Gezeiten können selbst erfahrene Sportlerinnen und Sportler überraschen. Die Seenotretter retteten im vergangenen Jahr nac… [+5417 chars]",,de,'Not'
https://www.tagesspiegel.de/potsdam/landeshauptstadt/mobilitatsknoten-am-campus-jungfernsee-ausgebaut-potsdam-hat-umsteigeplatz-perugiaplatz-uberarbeitet-15878637.html,https://www.tagesspiegel.de/potsdam/landeshauptstadt/mobilitatsknoten-am-campus-jungfernsee-ausgebaut-potsdam-hat-umsteigeplatz-perugiaplatz-uberarbeitet-15878637.html,0,www.tagesspiegel.de,Mobilitätsknoten am Campus Jungfernsee ausgebaut: Potsdam hat Umsteigeplatz Perugiaplatz überarbeitet,Am Potsdamer Campus Jungfernsee sind die Umbauarbeiten abgeschlossen. Der erweiterte Knotenpunkt soll den ÖPNV im Norden der Stadt langfristig leistungsfähiger machen.,https://www.tagesspiegel.de/images/15878617/alternates/BASE_16_9_W1400/1785057958000/wendeschleife-am-campus-jungfernsee-mehr-platz-fur-mehr-busse.jpeg,2026-07-26T09:29:25Z,,Am Campus Jungfernsee im Potsdamer Norden sind die Umbauarbeiten am Verkehrsknotenpunkt Perugiaplatz abgeschlossen. Das teilten die Stadt Potsdam und die Potsdamer Verkehrsbetriebe ViP mit. Ziel der … [+2757 chars],,de,'ÖPNV'
https://www.tagesschau.de/inland/gesellschaft/trockenheit-wasserverbrauch-brandenburg-100.html,https://www.tagesschau.de/inland/gesellschaft/trockenheit-wasserverbrauch-brandenburg-100.html,0,www.tagesschau.de,Mit Verboten gegen Wasserknappheit,"Wasserentnahme untersagt, Bewässerung begrenzt: Wegen Trockenheit gelten in Brandenburg teils strenge Regeln. Privatleute müssen sich anpassen - auch im Kleingartenverein. Von Mirja Fiedler.",https://images.tagesschau.de/image/b08dd9f7-6860-45f9-af73-7f951dd9b64e/AAABn5RKH2M/AAABnSSvrFg/16x9-big/gemuesebeet-schrebergarten-100.jpg?width=1280,2026-07-26T09:34:40Z,,"Stand: 26.07.2026 11:34 Uhr
Wasserentnahme untersagt, Bewässerung begrenzt: Wegen Trockenheit gelten in Brandenburg teils strenge Regeln. Privatleute müssen sich anpassen - auch im Kleingartenverein… [+4871 chars]",,de,'Wein'
https://www.faz.net/aktuell/feuilleton/kunstmarkt/ahrenshooper-kunstauktion-2026-accg-201055333.html,https://www.faz.net/aktuell/feuilleton/kunstmarkt/ahrenshooper-kunstauktion-2026-accg-201055333.html,0,www.faz.net,Auktion in Ahrenshoop: Am Leuchtfeuer der Künstler,"Wind und Wellen, Dünen und Weite: Im Ostseebad Ahrenshoop atmen Kreative seit mehr als hundert Jahren auf. Die sommerliche Kunstauktion in der Strandhalle bietet eine Auswahl von dem auf, was sie geschaffen haben.",https://media0.faz.net/image/w1200h627/78f08c98e903/w1920h1003x0y162o/202607/43601.0.2361464889/taxe-12-000-bis-16-000-euro.webp,2026-07-27T08:27:07Z,,"Ist das der Schlot einer Industrieanlage, der da neben einem Strommast in den Himmel ragt? Nein, es ist der Leuchtturm am Darßer Ort, dessen Feuer noch heute Schiffern bei ihrer Fahrt über die Ostsee… [+3883 chars]",,de,'Wind'
https://www.golem.de/sonstiges/zustimmung/auswahl.html?from=https://www.golem.de/news/erneuerbare-energien-china-in-der-energiewendefalle-2607-211307.html&referer=https://t.co/afbfbf8aa2,https://www.golem.de/sonstiges/zustimmung/auswahl.html?from=https://www.golem.de/news/erneuerbare-energien-china-in-der-energiewendefalle-2607-211307.html&referer=https://t.co/afbfbf8aa2,0,www.golem.de,Erneuerbare Energien: China in der Energiewendefalle,"China baut so viel Wind- und Solarleistung aus wie die gesamte restliche Welt zusammen. Jetzt treten Probleme auf, die Europa schon länger kennt. (Energiewende, Solarenergie)",,2026-07-27T09:28:02Z,,"Besuchen Sie Golem.de wie gewohnt mit Werbung und Tracking,
 indem Sie der Nutzung aller Cookies zustimmen.
 Details zum Tracking finden Sie im Privacy Center.
Skript wurde nicht geladen. Informat… [+607 chars]",,de,'Wind'
https://www.dw.com/de/wie-extremwetter-die-landwirtschaft-ver%C3%A4ndert-folgen-aktuell-klimawandel-beispiele-ernte-frost/a-78085051,https://www.dw.com/de/wie-extremwetter-die-landwirtschaft-ver%C3%A4ndert-folgen-aktuell-klimawandel-beispiele-ernte-frost/a-78085051,0,www.dw.com,Wie Extremwetter Deutschlands Landwirtschaft verändert,"Hitze, Trockenheit, Starkregen und Spätfrost setzen den Bauern in Deutschland zu. Doch die reagieren längst mit angepassten Sorten, neuen Kulturen, moderner Züchtung und veränderten Anbaumethoden. Die Hitzewelle Ende Juni kam für viele Landwirte zur Unzeit. W…",https://static.dw.com/image/67629124_6.jpg,2026-07-27T09:33:00Z,,"Die Hitzewelle Ende Juni kam für viele Landwirte zur Unzeit. Während Gerste in vielen Regionen Deutschlands bereits erntereif war, traf die Trockenheit andere Kulturen in einer besonders empfindliche… [+7928 chars]",,de,'Landwirtschaft'
https://www.nzz.ch/schweiz/gummen-furggeli-butzli-wie-in-flurnamen-die-alpensprache-weiterlebt-ld.10016381,https://www.nzz.ch/schweiz/gummen-furggeli-butzli-wie-in-flurnamen-die-alpensprache-weiterlebt-ld.10016381,0,www.nzz.ch,"Gummen, Furggeli, Butzli: wie in Flurnamen die Alpensprache weiterlebt","Die Inuit kennen viele Wörter für Schnee. Die Alpenmundarten besitzen noch mehr Begriffe, um Felsen zu beschreiben. Sie sind präzise und benennen die Natur exakt so, wie sie ist.","https://img-msp-prod.nzz.ch/2026/07/27/f7adceba-118d-419b-a66c-e8f173778b6c.jpg?width=1200&height=675&fit=bounds&quality=75&auto=webp&crop=7857,4420,x0,y451&wmark=nzz",2026-07-28T03:28:00Z,,"Die Inuit kennen viele Wörter für Schnee. Die Alpenmundarten besitzen noch mehr Begriffe, um Felsen zu beschreiben. Sie sind präzise und benennen die Natur exakt so, wie sie ist.
Von Nathalie Hensel… [+8176 chars]",,de,'Schnee'
https://www.zeit.de/news/2026-07/28/familie-aus-dresden-aus-bergnot-gerettet,https://www.zeit.de/news/2026-07/28/familie-aus-dresden-aus-bergnot-gerettet,0,www.zeit.de,Notfall in Österreich: Familie aus Dresden aus Bergnot gerettet,Hier finden Sie Informationen zu dem Thema „Notfall in Österreich“. Lesen Sie jetzt „Familie aus Dresden aus Bergnot gerettet“.,https://img.zeit.de/news/2026-07/28/familie-aus-dresden-aus-bergnot-gerettet-image-group/wide__1300x731,2026-07-28T08:38:13Z,,"Eine Familie aus Dresden ist in Österreich aus Bergnot gerettet worden. Wie die Polizei mitteilte, waren die 35-jährigen Eltern, ihre drei und sechs Jahre alten Töchter sowie der achtjährige Sohn zie… [+709 chars]",,de,'Wind'
https://www.zeit.de/news/2026-07/28/bauern-blicken-mit-sorge-auf-neue-hitzewelle,https://www.zeit.de/news/2026-07/28/bauern-blicken-mit-sorge-auf-neue-hitzewelle,0,www.zeit.de,Wetter & Landwirtschaft: Bauern blicken mit Sorge auf neue Hitzewelle,Hier finden Sie Informationen zu dem Thema „Wetter & Landwirtschaft“. Lesen Sie jetzt „Bauern blicken mit Sorge auf neue Hitzewelle“.,https://img.zeit.de/news/2026-07/28/bauern-blicken-mit-sorge-auf-neue-hitzewelle-image-group/wide__1300x731,2026-07-28T09:03:50Z,,Mit der zurückkehrenden Hitze blicken die Landwirte in Sachsen-Anhalt mit Sorge auf ihre Felder. Die Hitzeperioden dieses Sommers hätten bei mehreren Kulturen bereits Erträge und Qualitäten beeinträc… [+1928 chars],,de,'Landwirtschaft'
https://www.zeit.de/news/2026-07/28/geringere-getreideernte-als-in-den-vorjahren-erwartet,https://www.zeit.de/news/2026-07/28/geringere-getreideernte-als-in-den-vorjahren-erwartet,0,www.zeit.de,Landwirtschaft: Geringere Getreideernte als in den Vorjahren erwartet,Hier finden Sie Informationen zu dem Thema „Landwirtschaft“. Lesen Sie jetzt „Geringere Getreideernte als in den Vorjahren erwartet“.,https://img.zeit.de/news/2026-07/28/geringere-getreideernte-als-in-den-vorjahren-erwartet-image-group/wide__1300x731,2026-07-28T10:19:59Z,,"Bei der diesjährigen Getreideernte werden geringere Erträge als im Durchschnitt der vergangenen fünf Jahre erwartet. Nach einer ersten Schätzung der Thüringer Landwirtschaftsbetriebe dürften rund 2,2… [+1228 chars]",,de,'Landwirtschaft'
https://www.zeit.de/news/2026-07/28/bundesweite-krisenuebung-zu-aussergewoehnlicher-hitze-und-duerre,https://www.zeit.de/news/2026-07/28/bundesweite-krisenuebung-zu-aussergewoehnlicher-hitze-und-duerre,0,www.zeit.de,Auch Niedersachsen dabei: Bundesweite Krisenübung zu außergewöhnlicher Hitze und Dürre,Hier finden Sie Informationen zu dem Thema „Auch Niedersachsen dabei“. Lesen Sie jetzt „Bundesweite Krisenübung zu außergewöhnlicher Hitze und Dürre“.,https://img.zeit.de/news/2026-07/28/bundesweite-krisenuebung-zu-aussergewoehnlicher-hitze-und-duerre-image-group/wide__1300x731,2026-07-28T11:10:42Z,,Im Mittelpunkt steht das Szenario einer außergewöhnlichen Hitze- und Dürrelage: Niedersachsen beteiligt sich im Herbst an der länder- und ressortübergreifenden Krisenmanagementübung LÜKEX. Das teilte… [+2383 chars],,de,'Landwirtschaft'
https://www.sueddeutsche.de/kultur/schnee-von-gestern-handke-salzburger-festspiele-premiere-kritik-wieler-jens-harzer-maria-galic-li.3522191,https://www.sueddeutsche.de/kultur/schnee-von-gestern-handke-salzburger-festspiele-premiere-kritik-wieler-jens-harzer-maria-galic-li.3522191,0,www.sueddeutsche.de,Salzburger Festspiele: Wie ist das auf der Bühne nur auszuhalten?,"In Salzburg wird Peter Handkes „Schnee von gestern, Schnee von morgen“ uraufgeführt. Ein Stück ohne Ereignisse, aber voll schwerer Gedanken.",https://www.sueddeutsche.de/2026/07/27/91032025-830e-4e6d-8705-346b17a6f361.jpg?q=60&fm=webp&width=1200&rect=187%2C340%2C3636%2C2045,2026-07-28T12:42:49Z,,"Die Bühne sieht aus, als hätte hier jemand Ikea-Schränke auseinandergebaut und die Teile herumliegen lassen. Große und kleine Holzplatten vorwiegend in Schwarz und Weiß, leere Regalkörper; so genau i… [+255 chars]",,de,'Schnee'
https://www.focus.de/panorama/welt/rhein-tiefstand-hat-moegliche-folgen-fuer-millionen-haushalte_7681b446-9565-4a22-bee1-c2cc3b4095e4.html,https://www.focus.de/panorama/welt/rhein-tiefstand-hat-moegliche-folgen-fuer-millionen-haushalte_7681b446-9565-4a22-bee1-c2cc3b4095e4.html,0,www.focus.de,Rhein-Tiefstand hat mögliche Folgen für Millionen Haushalte,"Der Rhein hat einen sehr niedrigen Wasserstand erreicht, der den Juli-Rekord für Dürrejahre bricht. Dies könnte die Wasserversorgung von Millionen Menschen gefährden.","https://quadro.burda-forward.de/ctf/6f285b17-04ea-4ae0-81f6-55a30fde7f28.b9fc4fd5-0b47-49be-9d7e-d2aa3dc977db.jpeg?im=RegionOfInterestCrop=(1200,630),regionOfInterest=(1365,893)&hash=6ff795eef6a8203abb1ebd8ec90c17cbbfc3869a59adf01a6dae9e9785775e05",2026-07-28T21:02:00Z,,"Der Rhein transportiert am Pegel Lobith in den Niederlanden nur noch 771 Kubikmeter Wasser pro Sekunde, der niedrigste je für einen Juli gemessene Wert. Den bisherigen Minus-Rekord verzeichnete das D… [+5979 chars]",,de,'Schnee'
https://www.freitag.de/autoren/the-guardian/schneeraeume-9-fakten-ueber-den-luxus-trend-der-milliardaere,https://www.freitag.de/autoren/the-guardian/schneeraeume-9-fakten-ueber-den-luxus-trend-der-milliardaere,0,www.freitag.de,Milliardäre lassen sich eigene „Schneeräume“ einbauen? 9 Fakten über einen absurden Hype,Deutschland stöhnt unter Hitzewellen. Superreiche haben eine Lösung für das Problem: Sie lassen sich künstlichen Schnee ins Wohnzimmer oder auf die Jacht liefern. Wie viel kostet so ein „Schneeraum“? Und bringt er gesundheitliche Vorteile? Während Deutschland…,https://www.freitag.de/autoren/the-guardian/schneeraeume-9-fakten-ueber-den-luxus-trend-der-milliardaere/@@images/social_image,2026-07-29T03:00:00Z,,"Während Deutschland in diesem Sommer von einer Hitzewelle in die nächste taumelt, hat das Robert Koch-Institut bis Ende Juni bereits 5.120 hitzebedingte Todesfälle registriert. Wer sich keine Klimaan… [+2311 chars]",,de,'Schnee'
https://www.nzz.ch/feuilleton/buehne/jossi-wieler-inszeniert-handkes-schnee-von-gestern-schnee-von-morgen--ld.10017258,https://www.nzz.ch/feuilleton/buehne/jossi-wieler-inszeniert-handkes-schnee-von-gestern-schnee-von-morgen--ld.10017258,0,www.nzz.ch,"Peter Handkes Kosmos als Trümmerfeld und als verbrannte Erde, auf der die Sentenzen dampfen und verdampfen","An den Salzburger Festspielen bringt Jossi Wieler Peter Handkes «Schnee von gestern, Schnee von morgen» zur Uraufführung. Die Schauspieler überzeugen. Den Sinn sucht man zwischen den Zeilen.","https://img-msp-prod.nzz.ch/2026/07/28/d76e000a-2b79-46b7-b3e4-985a1c8643d4.jpg?width=1200&height=674&fit=bounds&quality=75&auto=webp&crop=3796,2135,x131,y518&wmark=nzz",2026-07-29T03:30:00Z,,"An den Salzburger Festspielen bringt Jossi Wieler Peter Handkes «Schnee von gestern, Schnee von morgen» zur Uraufführung. Die Schauspieler überzeugen. Den Sinn sucht man zwischen den Zeilen.
Bernd N… [+5783 chars]",,de,'Schnee'
https://www.tagesspiegel.de/wirtschaft/wir-stehen-auf-dem-standstreifen-arbeitgeberprasident-warnt-vor-verlorenem-jahrzehnt-fur-deutsche-wirtschaft-15891217.html,https://www.tagesspiegel.de/wirtschaft/wir-stehen-auf-dem-standstreifen-arbeitgeberprasident-warnt-vor-verlorenem-jahrzehnt-fur-deutsche-wirtschaft-15891217.html,0,www.tagesspiegel.de,„Wir stehen auf dem Standstreifen“: Arbeitgeberpräsident warnt vor verlorenem Jahrzehnt für deutsche Wirtschaft,"Zu hohe Abgaben und Energiekosten, zu viel Bürokratie, dazu eine veraltete Infrastruktur: Die deutsche Wirtschaft steckt in einer langen Schwächephase. Spitzenverbände mahnen einmal mehr Entlastungsschritte an.",https://www.tagesspiegel.de/images/15891216/alternates/BASE_16_9_W1400/1785295918000/arbeitgeberprasident-rainer-dulger.jpeg,2026-07-29T03:31:58Z,,"Spitzenverbände der Wirtschaft fordern die Bundesregierung zu weiteren, tiefgreifenden Reformen auf. Arbeitgeberpräsident Rainer Dulger sagte der Deutschen Presse-Agentur: Dieses Jahrzehnt ist von Re… [+5180 chars]",,de,'Not'
https://www.perlentaucher.de/efeu/2026-07-29.html,https://www.perlentaucher.de/efeu/2026-07-29.html,0,www.perlentaucher.de,"EFEU - DIE KULTURRUNDSCHAU: Ohne Ruder, Segel und Steuer","Festspiele-Fieber in den Feuilletons: Peter Handkes ""Schnee von gestern, Schnee von morgen"" wird in Salzburg uraufgeführt und stößt auf freundliche Reaktionen. Die FAZ verliert sich gern in Handkes uferlosem Text, der Zeit ist die Inszenierung ein wenig zu er…",https://www.perlentaucher.de/static/img/perlentaucher-logo-512x.png,2026-07-29T07:00:00Z,,"Die Festspiele in Salzburg und Bayreuth haben die Feuilletons heute voll in ihrem Griff. Beginnen wir diesmal mit Salzburg und der Uraufführung von Peter Handkes ""Schnee von gestern, Schnee von morge… [+4008 chars]",,de,'Schnee'
https://www.faz.net/aktuell/rhein-main/region-und-hessen/traum-vom-eigenen-weingut-ein-makler-erklaert-worauf-es-beim-kauf-ankommt-accg-201068442.html,https://www.faz.net/aktuell/rhein-main/region-und-hessen/traum-vom-eigenen-weingut-ein-makler-erklaert-worauf-es-beim-kauf-ankommt-accg-201068442.html,0,www.faz.net,Weinberg zu verkaufen: „Die Seele eines Weinguts muss gepflegt werden“,"Weingüter sind derzeit günstig zu haben. Wer seinen Traum verwirklichen will, sollte aber nicht spontan entscheiden und vieles bedenken. Warum Weingutsmakler Erhard Heitlinger Vergleiche mit einem Ferrari zieht.",https://media0.faz.net/image/w1200h627/8d8942261e51/w5551h2900x0y464o/202607/43601.0.2345318166/jede-marktsituation-bietet.webp,2026-07-29T07:43:31Z,,"Herr Heitlinger, Weinberge werden gerodet, Überschussweine destilliert, Erzeuger gehen in die Insolvenz, andere suchen für ihr Weingut händeringend einen Käufer. Wie ist die Lage der Weinbranche aus … [+9930 chars]",,de,'Wein'
https://www.diepresse.com/40102463/bergunfall-zwischenbilanz-tot-in-der-gletscherspalte-unterkuehlt-am,https://www.diepresse.com/40102463/bergunfall-zwischenbilanz-tot-in-der-gletscherspalte-unterkuehlt-am,0,www.diepresse.com,"Bergunfall-Zwischenbilanz: Tot in der Gletscherspalte, unterkühlt am Dachstein [premium]","Zuletzt sind wieder zahlreiche Menschen in den Bergen in Not geraten. Die Bergunfallstatistik zeigt: Es gibt mehr Unfälle, aber weniger Tote als zuletzt. Auffallend: Immer mehr Unverletzte müssen gerettet werden.",https://img.diepresse.com/public/incoming/c4xcor-22730394777785470bldhiresjpg/alternates/WEBP_WIDE_1200/22730394777785470_BLD_HiRes.jpg,2026-07-29T08:48:24Z,,"Wien/Innsbruck. Eine 32-jährige Bergsteigerin, die beim Abstieg von der Wildspitze auf 3712 Metern in einer Gletscherspalte tödlich verunglückte. Ein junger Bursche, der nach dem Ausfall seiner Outdo… [+2802 chars]",,de,'Not'
https://www.faz.net/aktuell/rhein-main/frankfurt/frankfurter-mainfest-das-sind-die-hoehepunkte-2026-201061440.html,https://www.faz.net/aktuell/rhein-main/frankfurt/frankfurter-mainfest-das-sind-die-hoehepunkte-2026-201061440.html,0,www.faz.net,Frankfurt feiert Mainfest: Die Party der Fischer,Ein Rummel mit viel Tradition: Am Wochenende wird in Frankfurt das Mainfest gefeiert. Dann fließt auch wieder Wein aus einem Brunnen.,https://media0.faz.net/image/w1200h627/618c293d61cb/w4917h2569x0y682o/202507/43601.0.1185983693/klassiker-das-fischerstechen.webp,2026-07-29T12:52:43Z,,"Es ist ein Spektakel, bis heute: das sogenannte Fischerstechen. Auf wackeligen Nachen duellieren sich die Teilnehmer dabei mit langen gut gepolsterten Stangen. Wer seinen Gegner in den Main befördert… [+2097 chars]",,de,'Wein'
https://orf.at/stories/3437629/,https://orf.at/stories/3437629/,0,orf.at,Zehntausende kehren trotz Hitzewelle zurück,In Südwesteuropas droht wegen einer neuen Hitzewelle und trockener Winde ein Anfachen der Waldbrände. In der französischen Region um Bordeaux wurden im Laufe des Mittwochs Spitzenwerte von 42 Grad erwartet. In Spanien riefen die Behörden für mindestens sechs …,https://ibs.orf.at/news?image=https%3A%2F%2Fassets.orf.at%2Fmims%2F2026%2F31%2F58%2Fcrops%2Fw%3D1200%2Ch%3D630%2Cq%3D75%2F3130901_master_1213458_klima_waldbraende_mina2_gy.jpg%3Fs%3D0ebf3fc7b0dbd29a21cbcaf92d961a5ed461b6bb,2026-07-29T14:13:03Z,,"In Frankreich erlaubte die Präfektur Bordeaux den Bewohnern und Bewohnerinnen von drei vorsorglich evakuierten Orten, die von dem Feuer verschont blieben, die Rückkehr. Medienberichten zufolge handel… [+4350 chars]",,de,'Wind'
https://www.tagesspiegel.de/gesellschaft/panorama/durch-hitzewelle-und-starken-wind-sudeuropa-kampft-gegen-neue-schwere-waldbrande--tausende-evakuiert-15895479.html,https://www.tagesspiegel.de/gesellschaft/panorama/durch-hitzewelle-und-starken-wind-sudeuropa-kampft-gegen-neue-schwere-waldbrande--tausende-evakuiert-15895479.html,0,www.tagesspiegel.de,Durch Hitzewelle und starken Wind: Südeuropa kämpft gegen neue schwere Waldbrände – Tausende evakuiert,Feuer und kein Ende: In Griechenland und der Türkei sind die Einsatzkräfte im Dauereinsatz. Auch in Frankreich und Spanien wüten die Flammen weiter. An der Grenze zu Portugal brennt es jetzt ebenfalls.,https://www.tagesspiegel.de/images/15896001/alternates/BASE_16_9_W1400/1785387966000/firefighting-efforts-continue-in-bordeaux.jpeg,2026-07-29T15:54:55Z,,"Großalarm in Südeuropa: Von einer Hitzewelle und kräftigem Wind angefachte Brände greifen dort um sich. Viele Menschen müssen ihre Häuser und Wohnungen verlassen. In Frankreich, Spanien, Griechenland… [+5343 chars]",,de,'Tau'
https://www.tagesspiegel.de/gesellschaft/panorama/durch-hitzewelle-und-wind-sudeuropa-kampft-gegen-neue-brande--entspannung-aber-bei-bordeaux-und-in-spanien-15895479.html,https://www.tagesspiegel.de/gesellschaft/panorama/durch-hitzewelle-und-wind-sudeuropa-kampft-gegen-neue-brande--entspannung-aber-bei-bordeaux-und-in-spanien-15895479.html,0,www.tagesspiegel.de,Durch Hitzewelle und Wind: Südeuropa kämpft gegen neue Brände – Entspannung aber bei Bordeaux und in Spanien,"In Griechenland und der Türkei sind die Einsatzkräfte im Dauereinsatz. An der französischen Atlantikküste wird aufgeatmet. Spanien kann den Notstand aufheben, aber an der Grenze zu Portugal brennt es.",https://www.tagesspiegel.de/images/15896001/alternates/BASE_16_9_W1400/1785387966000/firefighting-efforts-continue-in-bordeaux.jpeg,2026-07-29T15:54:55Z,,"Vorsichtige Entwarnung hier, neuer Alarm dort: Von einer Hitzewelle und kräftigem Wind angefachte Brände greifen vor allem in Griechenland und der Türkei um sich. Viele Menschen müssen ihre Häuser un… [+7788 chars]",,de,'Not'
https://www.tagesspiegel.de/gesellschaft/panorama/18-hubschrauber-und-funf-flugzeuge-im-einsatz-waldbrande-wuten-in-urlaubsgebieten-an-turkischer-agaiskuste-15895479.html,https://www.tagesspiegel.de/gesellschaft/panorama/18-hubschrauber-und-funf-flugzeuge-im-einsatz-waldbrande-wuten-in-urlaubsgebieten-an-turkischer-agaiskuste-15895479.html,0,www.tagesspiegel.de,18 Hubschrauber und fünf Flugzeuge im Einsatz: Waldbrände wüten in Urlaubsgebieten an türkischer Ägäisküste,In mehreren türkischen Urlaubsregionen an der Ägäis kämpfen Einsatzkräfte gegen von starkem Wind angefachte Waldbrände. Besonders betroffen ist unter anderem die Provinz Muğla.,https://www.tagesspiegel.de/images/15895495/alternates/BASE_16_9_W1400/1785340287000/firefighters-battle-wildfire-in-mugla-from-air-and-ground.jpeg,2026-07-29T15:54:55Z,,"In der Türkei haben am Mittwoch in mehreren Urlaubsregionen Waldbrände gewütet, die von heftigen Winden angefacht wurden. An einem Brandherd in der Provinz Mula an der Südwestägäis waren fünf Flugzeu… [+2196 chars]",,de,'Wind'
https://www.n-tv.de/politik/Diese-Plaene-sollen-Russland-endgueltig-stoppen-id31138851.html,https://www.n-tv.de/politik/Diese-Plaene-sollen-Russland-endgueltig-stoppen-id31138851.html,0,www.n-tv.de,Ukrainische Armee vor Wandel: Diese Pläne sollen Russland endgültig stoppen,"In der ukrainischen Armee weht ein anderer Wind. Mit Mychajlo Drapatyj führt der wohl beliebteste Militärangehörige des Landes die Streitkräfte - und mit ihm kommen bedeutende Veränderungen auf die Soldaten zu. Es geht um mehr Eigenverantwortung, Technologie …",https://www.n-tv.de/img/31139050/1785346514/Img_16_9/1200/In-this-handout-photograph-taken-and-released-on-July-5-2026-by-the-press-service-of-the-65th-Mechanized-Brigade-of-Ukrainian-Armed-Forces-Ukrainian-servicemen-raise-their-assault-rifles-as-they-take-part-in-a-military-training-at-an-undisclosed-location-amid-the-Russian-invasion-of-Ukraine.jpg,2026-07-29T16:52:53Z,,"Die Ukraine führt ihren Verteidigungskampf derzeit aus einer starken Position heraus. (Foto: AFP)
In der ukrainischen Armee weht ein anderer Wind. Mit Mychajlo Drapatyj führt der wohl beliebteste Mi… [+3339 chars]",,de,'Wind'
https://www.tagesspiegel.de/gesellschaft/panorama/brande-waldbrand-auf-kreta-rund-6000-urlauber-werden-evakuiert-15895670.html,https://www.tagesspiegel.de/gesellschaft/panorama/brande-waldbrand-auf-kreta-rund-6000-urlauber-werden-evakuiert-15895670.html,0,www.tagesspiegel.de,Brände: Waldbrand auf Kreta: Rund 6.000 Urlauber werden evakuiert,Auf Kreta tobt ein großer Waldbrand und bewegt sich in Richtung Südküste. Dort liegt die bei Touristen beliebte Ortschaft Agia Galini. Nun müssen Tausende Urlauber an einen anderen Ort fliehen.,https://www.tagesspiegel.de/images/15895669/alternates/BASE_16_9_W1400/1785344814000/waldbrande-in-griechenland.jpeg,2026-07-29T17:06:54Z,,Wegen des unkontrollierten Waldbrandes auf Kreta hat der griechische Zivilschutz die Evakuierung des Ferienorts Agia Galini an der Südküste der Insel angeordnet. Medienberichten zufolge sollen rund 6… [+1115 chars],,de,'Tau'
https://www.n-tv.de/panorama/Waldbrand-auf-Kreta-ausser-Kontrolle-zwei-Feuerwehrleute-tot-id31139302.html,https://www.n-tv.de/panorama/Waldbrand-auf-Kreta-ausser-Kontrolle-zwei-Feuerwehrleute-tot-id31139302.html,0,www.n-tv.de,Ferienort wird evakuiert: Waldbrand auf Kreta außer Kontrolle - zwei Feuerwehrleute tot,"Auf Kreta gibt es einen verheerenden Waldbrand. Starker Wind verschlimmert die Lage für die Einsatzkräfte, von denen zwei ums Leben kommen. Tausende Einwohner und Touristen müssen sich in Sicherheit bringen.",https://www.n-tv.de/img/31139299/1785352182/Img_16_9/1200/Bei-einem-Waldbrand-am-Rande-der-nordgriechischen-Stadt-Thessaloniki-steigen-Flammen-aus-einem-brennenden-Gebaeude-auf.jpg,2026-07-29T18:33:55Z,,"Neben Frankreich und Spanien wüten auch in Griechenland Waldbrände, hier nahe Thessaloniki. (Foto: picture alliance/dpa/AP)
Auf Kreta gibt es einen verheerenden Waldbrand. Starker Wind verschlimmert… [+1440 chars]",,de,'Wind'
https://www.n-tv.de/politik/Neuer-Verkehrsminister-stellt-Korridorsanierung-der-Bahn-infrage-id31140608.html,https://www.n-tv.de/politik/Neuer-Verkehrsminister-stellt-Korridorsanierung-der-Bahn-infrage-id31140608.html,0,www.n-tv.de,Steffen Bilger im ntv Frühstart: Neuer Verkehrsminister stellt Korridorsanierung der Bahn infrage,"Kaum im Amt, will Verkehrsminister Bilger mit der Bahnchefin über Pünktlichkeit und Streckensperrungen reden. Autofahrern sagt er zu, es werde kein Tempolimit geben.",https://www.n-tv.de/img/31140330/1785399899/Img_16_9/1200/FS.jpg,2026-07-30T07:44:22Z,,"Kaum im Amt, will Verkehrsminister Bilger mit der Bahnchefin über Pünktlichkeit und Streckensperrungen reden. Autofahrern sagt er zu, es werde kein Tempolimit geben.
Der neue Bundesverkehrsminister … [+2701 chars]",,de,'Tempolimit'
https://www.welt.de/vermischtes/article6a6bd3ebef632fe6ede663a0/unwetter-herabfallender-ast-verletzt-zwei-teenager-schwer-paddler-vom-wind-abgetrieben.html,https://www.welt.de/vermischtes/article6a6bd3ebef632fe6ede663a0/unwetter-herabfallender-ast-verletzt-zwei-teenager-schwer-paddler-vom-wind-abgetrieben.html,0,www.welt.de,Herabfallender Ast verletzt zwei Teenager schwer – Paddler vom Wind abgetrieben,Gewitter haben in Mecklenburg-Vorpommern mehrere Wassersportler in Seenot gebracht. Ein umstürzender Baum verletzte zwei Menschen in einem Auto. In Nordrhein-Westfalen werden ein 18-Jähriger und ein 19-Jähriger von einem Ast getroffen.,https://images.welt.de/6a6bd3ebef632fe6ede663a0/06dce961c717fb051c8753d6013b3b25-master/ci16x9-w1200/dpa-com-260630-936-30041-jpg,2026-07-30T23:24:59Z,,Gewitter haben in Mecklenburg-Vorpommern mehrere Wassersportler in Seenot gebracht. Ein umstürzender Baum verletzte zwei Menschen in einem Auto. In Nordrhein-Westfalen werden ein 18-Jähriger und ein … [+2682 chars],,de,'Wind'
https://www.tagesspiegel.de/gesellschaft/panorama/waldbrande-in-sudeuropa-feuerwehr-kampft-gegen-brande-auf-kreta-und-in-der-turkei-15899851.html,https://www.tagesspiegel.de/gesellschaft/panorama/waldbrande-in-sudeuropa-feuerwehr-kampft-gegen-brande-auf-kreta-und-in-der-turkei-15899851.html,0,www.tagesspiegel.de,Waldbrände in Südeuropa: Feuerwehr kämpft gegen Brände auf Kreta und in der Türkei,"Starke Winde erschweren den Einsatz der Feuerwehr auf Kreta, während in der Türkei weitere Teams aus der Luft und am Boden gegen die Flammen kämpfen. Entspannung gibt es in Frankreich und Spanien.",https://www.tagesspiegel.de/images/15902703/alternates/BASE_16_9_W1400/1785501746000/waldbrande-in-frankreich.jpeg,2026-07-31T00:59:21Z,,"Während sich die Lage nach den verheerenden Waldbränden in Frankreich und Spanien weiter normalisiert, kämpfen Feuerwehrkräfte auf Kreta und in der Türkei weiter gegen die Flammen. Orkanartiger Wind … [+4806 chars]",,de,'Wind'
https://www.zeit.de/news/2026-07/31/ticketpreise-im-nahverkehr-steigen-zum-1-august,https://www.zeit.de/news/2026-07/31/ticketpreise-im-nahverkehr-steigen-zum-1-august,0,www.zeit.de,ÖPNV: Ticketpreise im Nahverkehr steigen zum 1. August,Hier finden Sie Informationen zu dem Thema „ÖPNV“. Lesen Sie jetzt „Ticketpreise im Nahverkehr steigen zum 1. August“.,https://img.zeit.de/news/2026-07/31/ticketpreise-im-nahverkehr-steigen-zum-1-august-image-group/wide__1300x731,2026-07-31T02:30:06Z,,"Die Fahrgäste im Nahverkehr in Sachsen müssen ab 1. August vielerorts mehr für die Tickets zahlen. Die Verkehrsverbünde in Ostsachsen, im Vogtland und der Mitteldeutsche Verkehrsverbund (MDV) haben T… [+1833 chars]",,de,'ÖPNV'
https://www.welt.de/politik/ausland/plus6a6bb222ef632fe6ede662c0/ukraine-es-gab-einen-maenner-club-die-geheime-operation-mit-der-das-land-trump-auf-seine-seite-zog.html,https://www.welt.de/politik/ausland/plus6a6bb222ef632fe6ede662c0/ukraine-es-gab-einen-maenner-club-die-geheime-operation-mit-der-das-land-trump-auf-seine-seite-zog.html,0,www.welt.de,"„Es gab einen Männer-Club“ – Die geheime Operation, mit der die Ukraine Trump auf ihre Seite zog","Trump und Selenskyj treffen sich dreimal innerhalb weniger Wochen, der Kongress bringt Sanktionen gegen Putin auf den Weg, prominente MAGA-Vertreter zeigen sich plötzlich wohlgesonnen. Der Wind in Washington hat sich gedreht. Ein ausgeklügelter Plan der Ukrai…",https://images.welt.de/6a6bb222ef632fe6ede662c0/2b19bb4c231ff50a1240849933af5d39-master/ci16x9-w1200/1785309412882-afp-c3eb39e-jpg,2026-07-31T03:06:12Z,,"Trump und Selenskyj treffen sich dreimal innerhalb weniger Wochen, der Kongress bringt Sanktionen gegen Putin auf den Weg, prominente MAGA-Vertreter zeigen sich plötzlich wohlgesonnen. Der Wind in Wa… [+78 chars]",,de,'Wind'
https://steiermark.orf.at/stories/3364922/,https://steiermark.orf.at/stories/3364922/,0,steiermark.orf.at,Waldbrände: Vorsicht bei der Urlaubsplanung,Von der Hitzewelle und kräftigem Wind angefachte Brände greifen in Südeuropa weiter um sich. Das hat mittlerweile auch massiven Einfluss auf den Tourismus – Experten warnen daher zur Vorsicht bei der Reiseplanung.,https://ibs.orf.at/stm?image=https%3A%2F%2Foekastatic.orf.at%2Fmims%2F2025%2F31%2F27%2Fcrops%2Fw%3D1200%2Ch%3D627%2Cq%3D75%2F2714589_master_1045227_2713041_bigpicture_1044526_klima_hitze_braende_griechenland_eu_body2_ap.jpg%3Fs%3D72eb6521affe6a9d1997e0b2ada59e716525f7da,2026-07-31T03:56:22Z,,"Immer mehr sind bei den verheerenden Waldbränden nun auch touristisch relevante Gebiete betroffen das macht sich auch bei den Reisebuchungen bemerkbar.
Wir merken das ganz stark. Gerne in den Norden… [+1781 chars]",,de,'Wind'
https://www.tagesspiegel.de/potsdam/brandenburg/250-hektar-in-brand-geraten-feuer-auf-altem-militargelande-in-juterbog-eingedammt-15899940.html,https://www.tagesspiegel.de/potsdam/brandenburg/250-hektar-in-brand-geraten-feuer-auf-altem-militargelande-in-juterbog-eingedammt-15899940.html,0,www.tagesspiegel.de,250 Hektar in Brand geraten: Feuer auf altem Militärgelände in Jüterbog eingedämmt,Die Munitionsbelastung des Geländes und Wind erschwerten die Löscharbeiten in Jüterbog. In einzelnen Bereichen kann es noch brennen.,https://www.tagesspiegel.de/images/15899939/alternates/BASE_16_9_W1400/1785473200000/weiterhin-feuer-auf-altem-militargelande-in-juterbog.jpeg,2026-07-31T04:46:41Z,,"Das Feuer auf einem ehemaligen Militärgelände in Jüterbog ist eingedämmt. Wie eine Sprecherin der Regionalleitstelle sagte, war die Feuerwehr bis in die Nacht hinein vor Ort. Durch die Munitionsbelas… [+1316 chars]",,de,'Wind'
https://www.tagesschau.de/ausland/europa/waldbrand-kreta-108.html,https://www.tagesschau.de/ausland/europa/waldbrand-kreta-108.html,0,www.tagesschau.de,Waldbrände in Südeuropa: Starker Wind macht Lage auf Kreta unkontrollierbar,"Andere griechische Inseln melden leichte Entspannung, aber auf Kreta bleibt die Situation angespannt: Schwere Winde entfachen immer wieder neue Brandherde. Zeitweise musste ein ganzer Urlaubsort evakuiert werden. Von M. Pompl.",https://images.tagesschau.de/image/86f516b4-1a3b-472d-bc8b-c461fb1635ad/AAABn7axrZ0/AAABnSSvrFg/16x9-big/waldbrand-kreta-110.jpg?width=1280,2026-07-31T06:37:36Z,,"Stand: 31.07.2026 08:37 Uhr
Auf anderen griechischen Inseln beruhigt sich die Lage langsam, auf Kreta aber bleibt die Situation angespannt. Schwere Winde entfachen immer wieder neue Brandherde. Zeit… [+3985 chars]",,de,'Wind'
https://www.zeit.de/gesellschaft/zeitgeschehen/2026-07/waldbraende-griechenland-tuerkei-frankreich-spanien-feuerwehr,https://www.zeit.de/gesellschaft/zeitgeschehen/2026-07/waldbraende-griechenland-tuerkei-frankreich-spanien-feuerwehr,0,www.zeit.de,Waldbrände in Südeuropa: Starker Wind erschwert Löscharbeiten in der Türkei und Griechenland,"Orkanartige Winde fachen auf Kreta die Feuer an, viele Einsatzkräfte sind völlig erschöpft. In der Türkei sind derzeit noch sechs Waldbrände aktiv. Ein Überblick",https://img.zeit.de/gesellschaft/zeitgeschehen/2026-07/waldbraende-griechenland-tuerkei-frankreich-spanien-feuerwehr-foto-1/wide__1300x731,2026-07-31T07:00:20Z,,"Schließen
Artikelzusammenfassung
Die Feuerfront in Südeuropa verschiebt sich gerade wie ein nervöser News-Ticker: Frankreich und Spanien atmen auf, Griechenland und die Türkei bleiben im Krisenmodu… [+1254 chars]",,de,'Wind'
https://www.maclife.de/ratgeber/airpods-mikrofon-auswaehlen-sprachqualitaet-verbessern-100127395.html,https://www.maclife.de/ratgeber/airpods-mikrofon-auswaehlen-sprachqualitaet-verbessern-100127395.html,0,www.maclife.de,AirPods-Mikrofon gezielt auswählen: So verbessern Sie die Sprachqualität,"AirPods wählen ihr Mikrofon normalerweise automatisch aus. Bei Wind, Verschmutzungen oder technischen Problemen kann jedoch ein Hörer deutlich schlechter klingen. Dann hilft es, gezielt das linke oder rechte Mikrofon zu verwenden. (Weiterlesen)",https://www.maclife.de/media/maclife/styles/tec_frontend_opengraph/public/images/editors/2026_31/image-127395--4621252.jpg?itok=Jp7Ymuz1,2026-07-31T10:00:00Z,,"AirPods besitzen in beiden Hörern Mikrofone und entscheiden standardmäßig selbst, welche Seite sie für Telefonate, FaceTime und Siri verwenden. Das ist im Alltag praktisch, kann aber zu schwankender … [+5457 chars]",,de,'Wind'
