index,url,valid,domain,title,description,image,published,archive,content,quote,language,keyword
https://www.faz.net/aktuell/sport/rhein-main-sport/hitzeperiode-wer-rettet-den-amateurfussballern-ihren-rasen-accg-201097393.html,https://www.faz.net/aktuell/sport/rhein-main-sport/hitzeperiode-wer-rettet-den-amateurfussballern-ihren-rasen-accg-201097393.html,0,www.faz.net,Probleme im Amateursport: Wer rettet den Fußballrasen?,"Wochenlange Dürre, Wassernotstand, verbrannter Rasen: Auf vielen Plätzen im Land kann kein Fußball mehr gespielt werden. Sanierungen sind für die klammen Kommunen teuer, Alternativen gibt es kaum.",https://media0.faz.net/image/w1200h627/5e7244ba8025/w1600h836x0y132o/202608/43601.0.2489652242/vertrocknet-so-wie-hier-in.webp,2026-09-01T04:24:37Z,,"Die von der Sonne verbrannte, ockergelbe Rasenfläche wirkt wie eine ungrundierte Leinwand, auf der sich grüne Kreise ausbreiten. Was ein Werk aus der Farbmalerei sein könnte, ist in Wahrheit einer de… [+124 chars]",,de,'Dürre'
https://www.bild.de/news/ausland/schnee-im-august-salzburger-land-erstrahlt-im-winterkleid-6a9661b6ffa6c4505f676903,https://www.bild.de/news/ausland/schnee-im-august-salzburger-land-erstrahlt-im-winterkleid-6a9661b6ffa6c4505f676903,0,www.bild.de,„Schnee“ im August? - Salzburger Land erstrahlt im Winterkleid,"Da staunen die Urlauber im Salzburger Land nicht schlecht. Plötzlich sieht die Gegend Ende August aus, wie im Winter. Eine dicke Hagelschicht wirkt wie Schnee.","https://images.bild.de/6a9661b6ffa6c4505f676903/2d5445d7007458a3f6c58b873dab81e9,2ce7245?w=1280",2026-09-01T06:26:02Z,,"Mehr zum Video anzeigen 
Da staunen die Urlauber im Salzburger Land nicht schlecht. Plötzlich sieht die Gegend Ende August aus, wie im Winter. Eine dicke Hagelschicht wirkt wie Schnee.
Quelle: Extr… [+32 chars]",,de,'Schnee'
https://www.faz.net/aktuell/rhein-main/hitzesommer-2026-weizenpreise-steigen-wegen-trockenheit-accg-201173198.html,https://www.faz.net/aktuell/rhein-main/hitzesommer-2026-weizenpreise-steigen-wegen-trockenheit-accg-201173198.html,0,www.faz.net,Folge der Dürre: Weizen wird teurer,Trockenheit hat ihren Preis: Das zeigt eine Studie von Mainzer Forschern. Durch Dürren wird vor allem Weizen auf der ganzen Welt teurer.,https://media0.faz.net/image/w1200h627/34f4d33ee5f4/w4742h2477x0y127o/202608/43601.0.2448074116/duerre-hitze-kriege-all-das.webp,2026-09-01T07:17:58Z,,"Ein internationales Team mit Forschern der Uni Mainz hat Klimadaten, Anbauflächen, Rohstoffpreise und Simulationen von 31 Klimamodellen ausgewertet und ist zu dem Ergebnis gekommen: Wasserknappheit l… [+2047 chars]",,de,'Dürre'
https://www.zeit.de/news/2026-09/01/wadephul-setzt-auf-algerien-als-partner-fuer-gaslieferungen,https://www.zeit.de/news/2026-09/01/wadephul-setzt-auf-algerien-als-partner-fuer-gaslieferungen,0,www.zeit.de,Gasspeicher: Wadephul setzt auf Algerien als Partner für Gaslieferungen,Hier finden Sie Informationen zu dem Thema „Gasspeicher“. Lesen Sie jetzt „Wadephul setzt auf Algerien als Partner für Gaslieferungen“.,https://img.zeit.de/news/2026-09/01/wadephul-setzt-auf-algerien-als-partner-fuer-gaslieferungen-image-group/wide__1300x731,2026-09-01T08:22:47Z,,"Gas aus Algerien könnte nach Ansicht von Außenminister Johann Wadephul langfristig dabei helfen, die Gasspeicher in Deutschland zu füllen. «Diversifizierung ist absolut das Gebot der Stunde», sagte d… [+1776 chars]",,de,'Gas'
https://www.faz.net/aktuell/feuilleton/debatten/sizilien-wie-regenerative-landwirtschaft-gegen-die-klimakrise-helfen-soll-200894467.html,https://www.faz.net/aktuell/feuilleton/debatten/sizilien-wie-regenerative-landwirtschaft-gegen-die-klimakrise-helfen-soll-200894467.html,0,www.faz.net,Sizilien: Mit Ackerbohnen gegen die Klimakrise,"Schwere Dürren, Unwetter, Wassernot: Sizilien leidet schwer unter immer stärkeren Wetterextremen. Kleine Farmen nehmen den Kampf auf und wappnen sich mit regenerativer Landwirtschaft für die Zukunft.",https://media0.faz.net/image/w1200h627/236a658cf8d0/w8064h4213x0y917o/202607/43601.0.2331309503/4360102331309503.webp,2026-09-01T12:02:47Z,,"Ein Garten mit fast vergessenen Bitterorangenbäumen, Felder mit vom Aussterben bedrohten Mandelbäumen und selten gewordenen Johannisbrotbäumen. Mittendrin pflückt Farmer Fabio Santuccio Fenchel, Thym… [+487 chars]",,de,'Landwirtschaft'
https://www.faz.net/aktuell/besser-leben/essen/der-weinjahrgang-2026-koennte-grandios-werden-201161878.html,https://www.faz.net/aktuell/besser-leben/essen/der-weinjahrgang-2026-koennte-grandios-werden-201161878.html,0,www.faz.net,Kolumne „Reiner Wein“: Der 2026er-Jahrgang kann grandios werden,"Selbst in einem historischen Dürresommer wie dieser einer war, haben Weinreben mit ihren tiefen Wurzeln noch Zugang zu Wasser. Auch deswegen erwarten deutsche Winzer einiges von den Trauben, die demnächst geerntet werden.",https://media0.faz.net/image/w1200h627/367f92c94a41/w6144h3210x0y444o/202608/43601.0.2447664397/weinreben-leiden-unter-der.webp,2026-09-01T14:48:33Z,,"Trotz Hitzeperioden, Dürre und verdunstender Wasserstraßen: Deutschlands Winzer sind mittlerweile vorsichtig optimistisch, was die Güte der Trauben 2026 betrifft und damit auch des Jahrgangs. Man dür… [+3125 chars]",,de,'Dürre'
https://www.iphone-ticker.de/bosch-smarthome-mit-zusaetzlichen-abo-funktionen-285210/,https://www.iphone-ticker.de/bosch-smarthome-mit-zusaetzlichen-abo-funktionen-285210/,0,www.iphone-ticker.de,Bosch Smarthome mit zusätzlichen Abo-Funktionen,Bosch erweitert sein Smarthome-System um neue Funktionen für die Heizungssteuerung und die Kameraüberwachung. Ein Teil der Neuerungen wird als Erweiterung des kostenpflichtigen Home+-Angebots von Bosch eingeführt. Home+ umfasst bislang unter anderem die Steue…,https://images.iphone-ticker.de/wp-content/uploads/2026/09/bosch-smarthome-heizen-feature.jpg,2026-09-01T15:14:12Z,,Bosch erweitert sein Smarthome-System um neue Funktionen für die Heizungssteuerung und die Kameraüberwachung. Ein Teil der Neuerungen wird als Erweiterung des kostenpflichtigen Home+-Angebots von Bos… [+2574 chars],,de,'Heizung'
https://www.welt.de/wirtschaft/article6a96cd30518a586e1855f955/verbrenner-aus-aus-fuers-verbrenner-aus-das-steht-wirklich-in-der-muenchener-e-auto-studie.html,https://www.welt.de/wirtschaft/article6a96cd30518a586e1855f955/verbrenner-aus-aus-fuers-verbrenner-aus-das-steht-wirklich-in-der-muenchener-e-auto-studie.html,0,www.welt.de,Aus fürs Verbrenner-Aus? Das steht wirklich in der Münchener E-Auto-Studie,"Wissenschaftler der TU München werfen der EU vor, die Autohersteller beim Klimaschutz in die falsche Richtung zu lenken. Eine Grundannahme der EU widerlegt ihre Studie allerdings nicht. Das steht wirklich drin.",https://images.welt.de/6a96cd30518a586e1855f955/aecd4741ea974ddbda019c161f94621b/ci16x9-w1200/dpa-com-260901-935-1580269-jpg,2026-09-01T15:33:20Z,,"Wissenschaftler der TU München werfen der EU vor, die Autohersteller beim Klimaschutz in die falsche Richtung zu lenken. Eine Grundannahme der EU widerlegt ihre Studie allerdings nicht. Das steht wir… [+6518 chars]",,de,'E-Auto'
https://www.faz.net/podcasts/f-a-z-podcast-fuer-deutschland/joerg-kachelmann-ueber-die-sturzflut-und-extremwetter-201179104.html,https://www.faz.net/podcasts/f-a-z-podcast-fuer-deutschland/joerg-kachelmann-ueber-die-sturzflut-und-extremwetter-201179104.html,0,www.faz.net,"F.A.Z. Podcast FÜR DEUTSCHLAND: Sturzflut, Hitze, Dürre – Jörg Kachelmann: „Horrorvorstellung wäre Tornado in Frankfurt“","Der Meteorologe Jörg Kachelmann nimmt kein Blatt vor den Mund und spricht über Wettermythen, eine „Inshallah-Haltung“ in deutschsprachigen Ländern und kritisiert im Interview mit der F.A.Z. auch die F.A.Z.",https://media0.faz.net/image/w1200h627/2681b4e8a0fa/w2956h1544x0y213o/202609/43601.0.2492234110/relatives-of-nakul-sharma-36.webp,2026-09-01T15:59:12Z,,"Mitarbeit: Josephine Bewerunge, Felix Hoffmann, Kathrin Jakob, Quentin Pehlke, Maximilian Emanuel Schneider
Hören Sie unsere exklusiven Podcast-Folgen auf Apple Podcasts, FAZ.NET oder in der FAZ-App… [+120 chars]",,de,'Dürre'
https://www.prnewswire.com/news-releases/die-warmepumpe-skyven-arcturus-erreicht-einen-cop-wert-von-8-0-und-setzt-damit-neue-maWstabe-bei-der-effizienz-industrieller-dampferzeugung-302867177.html,https://www.prnewswire.com/news-releases/die-warmepumpe-skyven-arcturus-erreicht-einen-cop-wert-von-8-0-und-setzt-damit-neue-maWstabe-bei-der-effizienz-industrieller-dampferzeugung-302867177.html,0,www.prnewswire.com,"Die Wärmepumpe „Skyven Arcturus"" erreicht einen COP-Wert von 8,0 und setzt damit neue Maßstäbe bei der Effizienz industrieller Dampferzeugung","Dieser Meilenstein bedeutet eine Verbesserung von mehr als 20 % seit der Inbetriebnahme und festigt damit die Position von Arcturus als eine der effizientesten industriellen Dampftechnologien, die derzeit auf dem Markt erhältlich sind. ANTWERPEN, Belgien, 2. …",https://mmx.prnewswire.com/media/MS1978688/Skyven_Demo-Center_Arcturus.jpg?id=OA2923778&p=facebook,2026-09-02T08:11:00Z,,"Dieser Meilenstein bedeutet eine Verbesserung von mehr als 20 % seit der Inbetriebnahme und festigt damit die Position von Arcturus als eine der effizientesten industriellen Dampftechnologien, die de… [+2934 chars]",,de,'Wärmepumpe'
https://stadt-bremerhaven.de/polestar-4-suv-neues-e-auto-mit-bis-zu-630-km-reichweite-und-gemini/,https://stadt-bremerhaven.de/polestar-4-suv-neues-e-auto-mit-bis-zu-630-km-reichweite-und-gemini/,0,stadt-bremerhaven.de,Polestar 4 SUV: Neues E-Auto mit bis zu 630 km Reichweite und Gemini,"Polestar hat sein neues E-Auto, den Polestar 4 SUV, vorgestellt. Der Einstiegspreis beginnt bei 57.900 Euro. Dabei verfügt das Fahrzeug über 1.665 Liter Gepäckvolumen, bis zu...Zum Beitrag: Polestar 4 SUV: Neues E-Auto mit bis zu 630 km Reichweite und Gemini
…",https://stadt-bremerhaven.de/wp-content/uploads/2026/09/Polestar-4-SUV-scaled.webp,2026-09-02T09:30:56Z,,"Polestar hat sein neues E-Auto, den Polestar 4 SUV, vorgestellt. Der Einstiegspreis beginnt bei 57.900 Euro. Dabei verfügt das Fahrzeug über 1.665 Liter Gepäckvolumen, bis zu 630 km Reichweite und Un… [+4298 chars]",,de,'E-Auto'
https://www.zeit.de/news/2026-09/02/eu-genehmigt-deutsche-milliarden-fuer-gaskraftwerke,https://www.zeit.de/news/2026-09/02/eu-genehmigt-deutsche-milliarden-fuer-gaskraftwerke,0,www.zeit.de,Energieversorgung: EU genehmigt deutsche Milliarden für Gaskraftwerke,Hier finden Sie Informationen zu dem Thema „Energieversorgung“. Lesen Sie jetzt „EU genehmigt deutsche Milliarden für Gaskraftwerke“.,https://img.zeit.de/news/2026-09/02/eu-genehmigt-deutsche-milliarden-fuer-gaskraftwerke-image-group/wide__1300x731,2026-09-02T09:46:08Z,,"Deutschland darf ab 2031 den Bau neuer Gaskraftwerke mit einem Milliardenpaket fördern. Die EU-Kommission gab grünes Licht für die geplante Unterstützung mit bis zu 35 Milliarden Euro. 
In Deutschla… [+2166 chars]",,de,'Gas'
https://www.zeit.de/news/2026-09/02/spitzenforschung-fuer-landwirtschaft-mit-millionen-gefoerdert,https://www.zeit.de/news/2026-09/02/spitzenforschung-fuer-landwirtschaft-mit-millionen-gefoerdert,0,www.zeit.de,Anpassung an Klimawandel: Spitzenforschung für Landwirtschaft mit Millionen gefördert,Hier finden Sie Informationen zu dem Thema „Anpassung an Klimawandel“. Lesen Sie jetzt „Spitzenforschung für Landwirtschaft mit Millionen gefördert“.,https://img.zeit.de/news/2026-09/02/spitzenforschung-fuer-landwirtschaft-mit-millionen-gefoerdert-image-group/wide__1300x731,2026-09-02T12:32:05Z,,"Welche Nutzpflanzen kommen mit Hitze, Trockenheit und anderen Wetterextremen zurecht? Damit die Landwirtschaft künftig gute Erträge und Qualitäten erreicht, forscht das Leibniz-Institut für Pflanzeng… [+919 chars]",,de,'Landwirtschaft'
https://www.pcgames.de/Permafrost-Spiel-77493/Specials/Gamescom-angespielt-1552706/,https://www.pcgames.de/Permafrost-Spiel-77493/Specials/Gamescom-angespielt-1552706/,0,www.pcgames.de,Permafrost angespielt: Bei minus 20 Grad fängt hier der Sommer erst an,"Permafrost setzt auf Kälte als zentrales Survival-Element. Dazu kommen Crafting, Basenbau, Koop und eine offene Welt im ewigen Winter.",https://www.pcgames.de/screenshots/original/2026/09/Permafrost_KeyArt__No_Logo_3840x2160-buffed_artwork.jpg,2026-09-02T14:00:00Z,,"Die Welt ist am Arsch, der Mond ist zerbrochen und draußen herrschen Temperaturen, bei denen selbst ein Eisbär vermutlich darüber nachdenken würde, sich noch eine Jacke überzuwerfen. Willkommen bei P… [+10908 chars]",,de,'Kälte'
https://www.morgenpost.de/panorama/article413039077/klo-gang-mit-dramatischen-folgen-urin-laesst-gletscher-am-mount-everst-schmelzen.html,https://www.morgenpost.de/panorama/article413039077/klo-gang-mit-dramatischen-folgen-urin-laesst-gletscher-am-mount-everst-schmelzen.html,0,www.morgenpost.de,Klo-Gang mit dramatischen Folgen: Urin lässt Gletscher am Mount Everest schmelzen,"Tausende Menschen kommen jedes Jahr zum Mount Everest. Eine Studie zeigt nun, welchen Einfluss der Betrieb des Basislagers haben könnte.",https://img.sparknews.funkemedien.de/412125404/412125404_1780030116_v16_9_1600.jpeg,2026-09-02T16:53:33Z,,"Gaskocher, Kerosin und menschlicher Urin heizen dem Eis am Mount Everest zusätzlich ein. Das Everest Base Camp auf der nepalesischen Seite des höchsten Berges der Welt ist Ausgangspunkt für Expeditio… [+2723 chars]",,de,'Schnee'
https://www.zeit.de/news/2026-09/03/groessere-betriebe-weniger-tiere-landwirtschaft-im-wandel,https://www.zeit.de/news/2026-09/03/groessere-betriebe-weniger-tiere-landwirtschaft-im-wandel,0,www.zeit.de,"Landwirtschaftsmesse Norla: Größere Betriebe, weniger Tiere – Landwirtschaft im Wandel","Hier finden Sie Informationen zu dem Thema „Landwirtschaftsmesse Norla“. Lesen Sie jetzt „Größere Betriebe, weniger Tiere – Landwirtschaft im Wandel“.",https://img.zeit.de/news/2026-09/03/groessere-betriebe-weniger-tiere-landwirtschaft-im-wandel-image-group/wide__1300x731,2026-09-03T04:00:10Z,,"Zum 76. Mal öffnet heute die Landwirtschafts- und Verbrauchermesse Norla in Rendsburg. Bis Sonntag präsentieren mehrere Hundert Aussteller Neuigkeiten rund um die Themen Landwirtschaft, Ernährung und… [+4447 chars]",,de,'Landwirtschaft'
https://www.zeit.de/wirtschaft/2026-09/gasspeicher-deutschland-betreiber-ines-kosten-winter,https://www.zeit.de/wirtschaft/2026-09/gasspeicher-deutschland-betreiber-ines-kosten-winter,0,www.zeit.de,Gasspeicher in Deutschland: Betreiber von Gasspeichern fordern Vergünstigungen,Deutschlands Gasspeicher sind im Schnitt zu gut 53 Prozent gefüllt. Die Betreiber von Gasspeichern warnen vor einem Mangel und schlagen Maßnahmen zur Vergünstigung vor.,https://img.zeit.de/wirtschaft/2026-09/gasspeicher-deutschland-betreiber-ines-kosten-winter-foto-1/wide__1300x731,2026-09-03T06:34:33Z,,"Um die Gasspeicherstände in Deutschland zu erhöhen, wollen die Betreiber von Gasspeichern Vergünstigungen für ihr Geschäft. »Die aktuellen Marktbedingungen setzen keine ausreichenden wirtschaftlichen… [+867 chars]",,de,'Gas'
https://www.basicthinking.de/blog/2026/09/03/tum-studie-zu-e-autos/,https://www.basicthinking.de/blog/2026/09/03/tum-studie-zu-e-autos/,0,www.basicthinking.de,TUM-Studie zu E-Autos liefert Stoff für neue Emissions-Lügen,"Der Beitrag TUM-Studie zu E-Autos liefert Stoff für neue Emissions-Lügen erschien zuerst beim Online-Magazin BASIC thinking. Über unseren Newsletter UPDATE startest du jeden Morgen bestens informiert in den Tag.
Eine Studie der TU München (TUM) hat für Aufruh…",https://www.basicthinking.de/blog/wp-content/uploads/2026/09/tum-studie-emissionen-e-autos.jpg,2026-09-03T07:18:54Z,,"Eine Studie der TU München (TUM) hat für Aufruhr gesorgt, noch bevor sie veröffentlicht wurde. Mittlerweile ist sie online. Der Untersuchung zufolge verursachen Elektroautos über ihren gesamten Leben… [+11492 chars]",,de,'E-Auto'
https://futurezone.at/cm/backwaren-stickstoff-gase-lebensmittel-anbieter/403179195,https://futurezone.at/cm/backwaren-stickstoff-gase-lebensmittel-anbieter/403179195,0,futurezone.at,"Eiskalt gefroren, heiß gebacken: Das Geheimnis hinter Tiefkühl-Croissants",Hightech fürs Frühstück: Croissants zwischen CO₂-Schnee und Stickstoffnebel. Wie „Kryotherapie für Lebensmittel“ die Produktqualität schützt.,https://image.futurezone.at/images/facebook/9314877/jhunelle-francis-sardido-btshsq77kju-unsplash_.jpg?versionId=805302707b44,2026-09-03T07:51:05Z,,"Hightech fürs Frühstück: Croissants zwischen CO-Schnee und Stickstoffnebel. Wie Kryotherapie für Lebensmittel die Produktqualität schützt.
Toggle Infobox
<ul><li>Kryogenes Frosten schützt die Produ… [+5830 chars]",,de,'Schnee'
https://www.faz.net/aktuell/wirtschaft/klima-nachhaltigkeit/neue-angst-vor-flachem-rhein-pegel-accg-201187332.html,https://www.faz.net/aktuell/wirtschaft/klima-nachhaltigkeit/neue-angst-vor-flachem-rhein-pegel-accg-201187332.html,0,www.faz.net,Trockene Flüsse: Neue Angst vor flachem Rhein-Pegel,Auf dem Rhein sind nach der Dürre wieder mehr Schiffe unterwegs. Die Bedingungen für die Schifffahrt könnten sich jedoch in den nächsten Tagen abermals verschlechtern.,https://media0.faz.net/image/w1200h627/2cf2462a5baf/w6000h3135x0y433o/202608/43601.0.2484530428/frachtschiff-auf-dem-rhein-an.webp,2026-09-03T08:57:20Z,,Nach historischen Tiefs der Pegelstände hat sich die Lage für die Schifffahrt auf dem Rhein leicht entspannt. Eine deutliche Entwarnung gibt es jedoch nicht. Laut Vorhersage dürften die Wasserstände … [+1319 chars],,de,'Dürre'
https://www.zeit.de/news/2026-09/03/speicherbetreiber-fordern-entlastung-fuer-gas-einspeicherung,https://www.zeit.de/news/2026-09/03/speicherbetreiber-fordern-entlastung-fuer-gas-einspeicherung,0,www.zeit.de,Speicher halb leer: Speicherbetreiber fordern Entlastung für Gas-Einspeicherung,Hier finden Sie Informationen zu dem Thema „Speicher halb leer“. Lesen Sie jetzt „Speicherbetreiber fordern Entlastung für Gas-Einspeicherung“.,https://img.zeit.de/news/2026-09/03/speicherbetreiber-fordern-entlastung-fuer-gas-einspeicherung-image-group/wide__1300x731,2026-09-03T10:10:00Z,,"Angesichts niedriger Füllstände in Gasspeichern fordern die Betreiber der Anlagen Regeländerungen, damit ihre Speicher voller werden. Der Branchenverband Initiative Energien Speichern (Ines) legte ei… [+2194 chars]",,de,'Gas'
https://www.zeit.de/news/2026-09/03/preisspruenge-bei-oel-und-gas-machen-tanken-und-heizen-teurer,https://www.zeit.de/news/2026-09/03/preisspruenge-bei-oel-und-gas-machen-tanken-und-heizen-teurer,0,www.zeit.de,Energiepreise: Preissprünge bei Öl und Gas machen Tanken und Heizen teurer,Hier finden Sie Informationen zu dem Thema „Energiepreise“. Lesen Sie jetzt „Preissprünge bei Öl und Gas machen Tanken und Heizen teurer“.,https://img.zeit.de/news/2026-09/03/preisspruenge-bei-oel-und-gas-machen-tanken-und-heizen-teurer-image-group/wide__1300x731,2026-09-03T10:45:33Z,,Schlechte Nachrichten für Autofahrer und Heizölkunden - und möglicherweise noch mehr Verbraucher: Auf dem Weltmarkt ist der Preis für Rohöl wieder deutlich gestiegen. Die Notierung für Rohöl der Nord… [+5580 chars],,de,'Gas'
https://www.zeit.de/wirtschaft/2026-09/rhein-pegel-kaub-wasserstand-schifffahrt,https://www.zeit.de/wirtschaft/2026-09/rhein-pegel-kaub-wasserstand-schifffahrt,0,www.zeit.de,Hitze und Dürre: Pegelstand im Rhein reicht noch nicht für regulären Schiffsverkehr,"Der Bundesverband der Deutschen Binnenschifffahrt gibt nach gestiegenem Rhein-Pegel keine Entwarnung. Bis Schiffe voll beladen werden können, muss der Pegel noch steigen.",https://img.zeit.de/wirtschaft/2026-09/rhein-pegel-kaub-wasserstand-schifffahrt-foto-1/wide__1300x731,2026-09-03T10:57:46Z,,Nach den historischen Tiefständen im Rhein hat sich die Lage für die Schifffahrt leicht entspannt. Eine deutliche Entwarnung gibt es jedoch nicht. Laut Vorhersage dürften die Wasserstände in den komm… [+815 chars],,de,'Dürre'
https://www.tagesschau.de/wirtschaft/verbraucher/kba-zulassungen-e-autos-trend-100.html,https://www.tagesschau.de/wirtschaft/verbraucher/kba-zulassungen-e-autos-trend-100.html,0,www.tagesschau.de,Immer mehr neue Autos fahren elektrisch,"E-Autos sind bei deutschen Käufern beliebt, fast jedes dritte neu zugelassene Auto im August war ein reiner Elektro-Pkw. Grund für die Entwicklung dürfte auch die E-Auto-Prämie des Bundes sein.",https://images.tagesschau.de/image/4c2e1fea-7104-418d-bca4-2220a826959b/AAABn2l2b88/AAABnSSvrFg/16x9-big/e-auto-210.jpg?width=1280,2026-09-03T11:43:20Z,,"Stand: 03.09.2026 13:43 Uhr
E-Autos sind bei deutschen Käufern beliebt, fast jedes dritte neu zugelassene Auto im August war ein reiner Elektro-Pkw. Grund für die Entwicklung dürfte auch die E-Auto-… [+2815 chars]",,de,'E-Auto'
https://www.focus.de/gesundheit/ratgeber/nach-alzheimer-diagnose-des-ehemannes-der-arzt-sagte-sie-brauchen-jetzt-jeden-tag-ein-glas-wein-und-am-besten-einen-liebhaber_366b828b-b6d1-4dc9-bb1d-25cebf028636.html,https://www.focus.de/gesundheit/ratgeber/nach-alzheimer-diagnose-des-ehemannes-der-arzt-sagte-sie-brauchen-jetzt-jeden-tag-ein-glas-wein-und-am-besten-einen-liebhaber_366b828b-b6d1-4dc9-bb1d-25cebf028636.html,0,www.focus.de,"Nach Alzheimer-Diagnose ihres Mannes: „Arzt sagte mir, ich brauch jetzt jeden Tag ein Glas Wein”",Katrin Seyfert hat in ihrem Buch „Lückenleben“ über die Alzheimererkrankung ihres Mannes und ihren Umgang damit geschrieben. Das Geschilderte geht zu Herzen – lässt dabei stellenweise aber auch herzhaft lachen.,"https://quadro.burda-forward.de/ctf/c2235a13-76fa-4ad5-8a43-5fc014b2f894.2770621d-faa1-4c39-96f9-0a9cf7c2cd95.jpg?im=RegionOfInterestCrop=(1200,630),regionOfInterest=(951,672)&hash=58213b4a86aec8169d54d35ccf14c3bd6867c774c24f1161d78721bb2c173933",2026-09-03T12:51:00Z,,"FOCUS online: Frau Seyfert, mal blöd gefragt: Wieso schreibt man so ein Buch?
Katrin Seyfert: Das ist keine blöde Frage, ich habe sie oft gehört. Es gab Freunde, die mich fragten: Willst du Marc etw… [+14258 chars]",,de,'E-Auto'
https://www.zeit.de/news/2026-09/03/ruderboot-kippt-um-neun-menschen-gehen-ueber-bord,https://www.zeit.de/news/2026-09/03/ruderboot-kippt-um-neun-menschen-gehen-ueber-bord,0,www.zeit.de,Notfall: Ruderboot kippt um - Neun Menschen gehen über Bord,Hier finden Sie Informationen zu dem Thema „Notfall“. Lesen Sie jetzt „Ruderboot kippt um - Neun Menschen gehen über Bord“.,https://img.zeit.de/news/2026-09/03/ruderboot-kippt-um-neun-menschen-gehen-ueber-bord-image-group/wide__1300x731,2026-09-03T14:32:27Z,,Ein Boot ist in der Potsdamer Havel gekentert. Die neunköpfige Besatzung eines Ruderkatamarans war am Morgen bei der Überquerung des Schwielowsees zuerst in Not geraten und dann mit ihrem Boot umgeki… [+543 chars],,de,'Not'
https://www.focus.de/auto/elektroauto/die-co2-maerchen-der-eu-das-klimaneutrale-e-auto-ist-klarer-selbstbetrug_4115d7d8-df76-4858-b3af-ac48b5245c1f.html,https://www.focus.de/auto/elektroauto/die-co2-maerchen-der-eu-das-klimaneutrale-e-auto-ist-klarer-selbstbetrug_4115d7d8-df76-4858-b3af-ac48b5245c1f.html,0,www.focus.de,Die CO2-Märchen der EU: Das klimaneutrale E-Auto ist klarer Selbstbetrug,Das Märchen vom „Zero Emission Auto” wurde enttarnt. Die Lösung ist aber nicht weniger E-Autos und wird vielen nicht gefallen. Ein Kommentar.,"https://quadro.burda-forward.de/ctf/bb569338-de7c-4ac7-ad9b-9992de2fa4a7.eb12f821-b03a-453b-b6eb-068333043f85.jpeg?im=RegionOfInterestCrop=(1200,630),regionOfInterest=(801,315)&hash=bd59bc5518e10403e446dca76bd704f95618b46257022a5235b6b149387adb23",2026-09-03T15:54:00Z,,"Wie viel CO2 produzieren Sie, wenn Sie Ihren Tesla oder Ihren Elektro-VW aufladen? Null!, werden viele Autobesitzer sagen, die mit Ökostrom laden. Das, liebe E-Auto-Fahrer, ist leider eine dreiste Lü… [+3695 chars]",,de,'E-Auto'
https://www.derstandard.at/story/3000000338307/wie-sauber-sind-e-autos--wie-dreckig-plug-in-hybride,https://www.derstandard.at/story/3000000338307/wie-sauber-sind-e-autos--wie-dreckig-plug-in-hybride,0,www.derstandard.at,Wie sauber sind E-Autos - wie dreckig Plug-in-Hybride?,"In Deutschland wirbelt eine E-Auto-Studie viel Staub auf, weniger beachtet ist jene, die Plug-in-Hybriden weniger Klimafreundlichkeit bescheinigt, als von den Herstellern behauptet",https://i.ds.at/caAKcw/rs:fill:1200:600/plain/lido-images/2026/05/11/1af92238-e255-4f30-8300-25b189041678.jpg,2026-09-03T16:11:00Z,,"Sie entscheiden darüber, wie Sie unsere Inhalte nutzen wollen. Ihr Gerät erlaubt uns derzeit leider nicht, die entsprechenden Optionen anzuzeigen.
Bitte deaktivieren Sie sämtliche Hard- und Software… [+180 chars]",,de,'E-Auto'
https://www.welt.de/wirtschaft/plus6a99786c7cdc6e46442b62d9/automarkt-das-meisterwartete-chinesische-e-auto-kommt-und-die-deutschen-haendler-stehen-schlange.html,https://www.welt.de/wirtschaft/plus6a99786c7cdc6e46442b62d9/automarkt-das-meisterwartete-chinesische-e-auto-kommt-und-die-deutschen-haendler-stehen-schlange.html,0,www.welt.de,Das meisterwartete chinesische E-Auto kommt – und die deutschen Händler stehen Schlange,Xiaomi bringt seine Autos im kommenden Jahr zu renommierten deutschen Händlern. In China hat der Smartphone-Hersteller Porsche bereits aus dem E-Auto-Markt verdrängt.,https://images.welt.de/6a99786c7cdc6e46442b62d9/a8b4d8655ac4507a15903a49db3259d9-master/ci16x9-w1200/616520824-jpg,2026-09-03T16:11:25Z,,Die WELT als ePaper: Die vollständige Ausgabe steht Ihnen bereits am Vorabend zur Verfügung so sind Sie immer hochaktuell informiert. Weitere Informationen https://epaper.welt.de,,de,'E-Auto'
https://www.macerkopf.de/2026/09/03/aiper-bewaesserungssystem-irrisense2-se-poolroboter/,https://www.macerkopf.de/2026/09/03/aiper-bewaesserungssystem-irrisense2-se-poolroboter/,0,www.macerkopf.de,Aiper kündigt Bewässerungssystem IrriSense 2 SE und Poolroboter Scuba V3 Ultra an,"Passend zur IFA 2026 in Berlin gibt es auch Neuheiten von Aiper. Das Unternehmen, welches sich auf die vernetzte und weitgehend automatisierte Pool- und Gartenpflege spezialisiert hat, kündigt heute mit IriSense 2 SE ein smartes 3-in-1-Bewässerungssystem für …",https://www.macerkopf.de/wp-content/uploads/2026/09/aiper_irrisense_2_se.jpeg,2026-09-03T17:24:28Z,,"Passend zur IFA 2026 in Berlin gibt es auch Neuheiten von Aiper. Das Unternehmen, welches sich auf die vernetzte und weitgehend automatisierte Pool- und Gartenpflege spezialisiert hat, kündigt heute … [+2728 chars]",,de,'Bewässerung'
https://www.zeit.de/news/2026-09/04/fieber-weniger-milch-rinder-von-shamonda-virus-betroffen,https://www.zeit.de/news/2026-09/04/fieber-weniger-milch-rinder-von-shamonda-virus-betroffen,0,www.zeit.de,"Landwirtschaft: Fieber, weniger Milch - Rinder von Shamonda-Virus betroffen","Hier finden Sie Informationen zu dem Thema „Landwirtschaft“. Lesen Sie jetzt „Fieber, weniger Milch - Rinder von Shamonda-Virus betroffen“.",https://img.zeit.de/news/2026-09/04/fieber-weniger-milch-rinder-von-shamonda-virus-betroffen-image-group/wide__1300x731,2026-09-04T02:30:04Z,,"Fieber oder Durchfall bei Rindern, Schafen und Ziegen kann ein Zeichen für eine Infektion mit dem Shamonda-Virus (SHAV) sein. Betroffene Kühe geben teils auch deutlich weniger Milch. Eine neu eingesc… [+4608 chars]",,de,'Landwirtschaft'
https://www.bild.de/leben-wissen/auto/thg-praemie-2026-berechnen-das-bekommen-sie-fuer-e-auto-zurueck-6a6309feefccf0c0d5537822,https://www.bild.de/leben-wissen/auto/thg-praemie-2026-berechnen-das-bekommen-sie-fuer-e-auto-zurueck-6a6309feefccf0c0d5537822,0,www.bild.de,Hier ausrechnen - Diese THG-Prämie könnte Ihnen dieses Jahr zustehen,"Auch 2026 können Sie sich Ihre THG-Prämie sichern, wenn Sie ein E-Auto besitzen. Berechnen Sie hier bei BILD, wie viel Geld Ihnen tatsächlich zusteht.","https://images.bild.de/6a6309feefccf0c0d5537822/65fa972c2701f05630564555fbf5945c,5db5a8cf?w=1280",2026-09-04T03:50:47Z,,"TTS-Player überspringenArtikel weiterlesenSie fahren ein batterieelektrisches Auto oder ein anderes vollelektrisches Fahrzeug, ob Zweirad oder Nutzfahrzeug? Dann könnte 2026 eine Menge Geld für Sie d… [+3191 chars]",,de,'E-Auto'
https://www.faz.net/aktuell/wirtschaft/klima-nachhaltigkeit/leo-birnbaum-was-den-gaspreis-diesen-winter-antreibt-accg-201177793.html,https://www.faz.net/aktuell/wirtschaft/klima-nachhaltigkeit/leo-birnbaum-was-den-gaspreis-diesen-winter-antreibt-accg-201177793.html,0,www.faz.net,Eon-Chef Birnbaum im Interview: „Das wird zu hohen Gaspreisen führen“,"Eon-Chef Leo Birnbaum spricht im Interview über den kommenden Winter, Sabotage im Energienetz und zehn Jahre Wartezeit auf Stromanschlüsse für Rechenzentren.",https://media0.faz.net/image/w1200h627/f48e54722fc7/w5000h2612x0y360o/202608/43601.0.2489775742/leonhard-birnbaum-59-ist-seit.webp,2026-09-04T05:13:01Z,,"Herr Birnbaum, Sie haben immer wieder davor gewarnt, dass Deutschland dabei ist, seine Industrie zu verlieren 
Ja, und anfangs wurde mir deshalb Schwarzmalerei vorgeworfen. Leider aber ist die Deind… [+10614 chars]",,de,'Gas'
https://www.focus.de/gesundheit/ratgeber/nach-alzheimer-diagnose-ihres-mannes-der-arzt-sagte-mir-sie-brauchen-jetzt-wein-und-einen-liebhaber_366b828b-b6d1-4dc9-bb1d-25cebf028636.html,https://www.focus.de/gesundheit/ratgeber/nach-alzheimer-diagnose-ihres-mannes-der-arzt-sagte-mir-sie-brauchen-jetzt-wein-und-einen-liebhaber_366b828b-b6d1-4dc9-bb1d-25cebf028636.html,0,www.focus.de,Nach Alzheimer-Diagnose ihres Mannes: „Der Arzt sagte mir: Sie brauchen jetzt Wein und einen Liebhaber”,Katrin Seyfert hat in ihrem Buch „Lückenleben“ über die Alzheimererkrankung ihres Mannes und ihren Umgang damit geschrieben. Das Geschilderte geht zu Herzen – lässt dabei stellenweise aber auch herzhaft lachen.,"https://quadro.burda-forward.de/ctf/c2235a13-76fa-4ad5-8a43-5fc014b2f894.2770621d-faa1-4c39-96f9-0a9cf7c2cd95.jpg?im=RegionOfInterestCrop=(1200,630),regionOfInterest=(951,672)&hash=58213b4a86aec8169d54d35ccf14c3bd6867c774c24f1161d78721bb2c173933",2026-09-04T06:01:00Z,,"FOCUS online: Frau Seyfert, mal blöd gefragt: Wieso schreibt man so ein Buch?
Katrin Seyfert: Das ist keine blöde Frage, ich habe sie oft gehört. Es gab Freunde, die mich fragten: Willst du Marc etw… [+14258 chars]",,de,'Wein'
https://ooe.orf.at/stories/3369783/,https://ooe.orf.at/stories/3369783/,0,ooe.orf.at,E-Auto und Oldtimer bei Brand zerstört,In den frühen Morgenstunden ist in Kirchham (Bezirk Gmunden) eine Garage mit zwei Fahrzeugen vollständig ausgebrannt. Im Inneren befanden sich ein Elektrofahrzeug sowie ein Oldtimer VW Käfer. Beide Fahrzeuge wurden durch das Feuer vollständig zerstört.,https://ibs.orf.at/ooe?image=https%3A%2F%2Foekastatic.orf.at%2Fmims%2F2026%2F36%2F04%2Fcrops%2Fw%3D1200%2Ch%3D627%2Cq%3D75%2F3171300_master_1229704_fkstore_189445.jpg%3Fs%3D161b03cfc0a2e8c2c45980b369e67e575ee03dcc,2026-09-04T06:50:47Z,,"Bereits beim Eintreffen der ersten Einsatzkräfte schlugen die Flammen aus der Garage in Kirchham (Bezirk Gmunden) und drohten, auf das unmittelbar angrenzende Wohngebäude überzugreifen. Sofort wurde … [+1202 chars]",,de,'E-Auto'
https://www.golem.de/sonstiges/zustimmung/auswahl.html?from=https://www.golem.de/news/ladeinfrastruktur-fuer-e-auto-das-bsi-befuerchtet-den-ganz-grossen-hack-2609-212631.html&referer=https://t.co/19ad9ec9d4,https://www.golem.de/sonstiges/zustimmung/auswahl.html?from=https://www.golem.de/news/ladeinfrastruktur-fuer-e-auto-das-bsi-befuerchtet-den-ganz-grossen-hack-2609-212631.html&referer=https://t.co/19ad9ec9d4,0,www.golem.de,Ladeinfrastruktur für E-Auto: Das BSI befürchtet den ganz großen Hack,"Die Ladestationen für E-Autos gehören zur kritischen Infrastruktur. Das BSI hält Angriffe für wahrscheinlich, weiß aber noch nicht, wie und wann. Ein Bericht von Friedhelm Greis (Ladesäule, Elektroauto)",,2026-09-04T07:30:02Z,,"Besuchen Sie Golem.de wie gewohnt mit Werbung und Tracking,
 indem Sie der Nutzung aller Cookies zustimmen.
 Details zum Tracking finden Sie im Privacy Center.
Skript wurde nicht geladen. Informat… [+607 chars]",,de,'E-Auto'
https://www.apfelpage.de/news/bosch-smart-home-wird-zehn-intelligentere-heizungssteuerung-und-personenerkennung-fuer-kameras/,https://www.apfelpage.de/news/bosch-smart-home-wird-zehn-intelligentere-heizungssteuerung-und-personenerkennung-fuer-kameras/,0,www.apfelpage.de,Bosch Smart Home wird zehn: Intelligentere Heizungssteuerung und Personenerkennung für Kameras,"Bosch Smart Home feiert sein zehnjähriges Bestehen und nutzt die IFA 2026, um gleich mehrere Neuerungen vorzustellen. Das Home+-Abo bekommt zwei Raumklima-Funktionen, die Kameras lernen ... Weiterlesen ...
Der Beitrag Bosch Smart Home wird zehn: Intelligenter…",https://www.apfelpage.de/wp-content/uploads/2026/09/kv_10jahre_familie_clean_img_w1280.jpg,2026-09-04T08:12:55Z,,"Bosch Smart Home feiert sein zehnjähriges Bestehen und nutzt die IFA 2026, um gleich mehrere Neuerungen vorzustellen. Das Home+-Abo bekommt zwei Raumklima-Funktionen, die Kameras lernen per Eyes+ Ges… [+2523 chars]",,de,'Heizung'
https://www.tagesschau.de/ausland/asien/gazastreifen-krieg-landwirtschaft-100.html,https://www.tagesschau.de/ausland/asien/gazastreifen-krieg-landwirtschaft-100.html,0,www.tagesschau.de,Neustart für Saatgutbank in Gaza gibt Hoffnung für Landwirtschaft,Die Landwirtschaft im Gazastreifen ist zum Großteil zusammengebrochen - eine Folge der Zerstörung durch und der Flucht vor dem Krieg. Doch der Wiederaufbau einer Saatgutbank gibt Hoffnung - in der Krise und darüber hinaus. Von Julio Segador.,https://images.tagesschau.de/image/c3e34ae5-7b9e-4d53-a8a5-5f765eb02bb5/AAABoGt-yU8/AAABnSSvrFg/16x9-big/gaza-saatgutbank-100.jpg?width=1280,2026-09-04T08:17:46Z,,"Stand: 04.09.2026 10:17 Uhr
Die Landwirtschaft im Gazastreifen ist zum Großteil zusammengebrochen - eine Folge der Zerstörung durch und der Flucht vor dem Krieg. Doch der Wiederaufbau einer Saatgutb… [+5070 chars]",,de,'Landwirtschaft'
https://www.zeit.de/news/2026-09/04/drohnen-ueber-gas-anlage-ermittlungen-wegen-sabotageverdacht,https://www.zeit.de/news/2026-09/04/drohnen-ueber-gas-anlage-ermittlungen-wegen-sabotageverdacht,0,www.zeit.de,Kritische Infrastruktur: Drohnen über Gas-Anlage: Ermittlungen wegen Sabotageverdacht,Hier finden Sie Informationen zu dem Thema „Kritische Infrastruktur“. Lesen Sie jetzt „Drohnen über Gas-Anlage: Ermittlungen wegen Sabotageverdacht“.,https://img.zeit.de/news/2026-09/04/drohnen-ueber-gas-anlage-ermittlungen-wegen-sabotageverdacht-image-group/wide__1300x731,2026-09-04T09:33:43Z,,Nach der Sichtung von Drohnen über einer Erdgasaufbereitungsanlage in der Gemeinde Großenkneten und einem Angriff auf einen Wachmann ermittelt die Generalstaatsanwaltschaft Celle. Die Zentralstelle T… [+1666 chars],,de,'Gas'
https://www.autobild.de/artikel/hyundai-ioniq-3-im-privaten-leasing-28797373.html,https://www.autobild.de/artikel/hyundai-ioniq-3-im-privaten-leasing-28797373.html,0,www.autobild.de,Kompaktes E-Auto von Hyundai für nur 159 Euro pro Monat!,Privatkunden können den neuen Hyundai Ioniq 3 zurzeit für kleines Geld im Leasing ergattern! Alle Infos zu Ausstattung und Co.!,https://i.auto-bild.de/ir_img/4/1/0/2/6/6/7/Hyundai-Ioniq-3-2869-1204x677-35f324b68d8bbfbb.jpg?impolicy=og_images,2026-09-04T10:06:00Z,,"Auch Hyundai möchte im Segment der elektrischen Kompaktwagen mitspielen und schickt dafür den Ioniq 3 an den Start. Für 28.950 Euro gibt es das Basismodell, preislich ist der Ioniq 3 also vergleichba… [+1729 chars]",,de,'E-Auto'
https://www.zeit.de/news/2026-09/04/bauernverband-fordert-verlaesslichkeit-in-agrarpolitik,https://www.zeit.de/news/2026-09/04/bauernverband-fordert-verlaesslichkeit-in-agrarpolitik,0,www.zeit.de,Zukunft der Landwirtschaft: Bauernverband fordert Verlässlichkeit in Agrarpolitik,Hier finden Sie Informationen zu dem Thema „Zukunft der Landwirtschaft“. Lesen Sie jetzt „Bauernverband fordert Verlässlichkeit in Agrarpolitik“.,https://img.zeit.de/news/2026-09/04/bauernverband-fordert-verlaesslichkeit-in-agrarpolitik-image-group/wide__1300x731,2026-09-04T11:16:57Z,,"Der Bauernverband Schleswig-Holstein fordert eine klare Zukunftsperspektive von der Politik. «Wir als Bauernfamilien in Schleswig-Holstein brauchen Verlässlichkeit, Rahmenbedingungen über Jahre hinau… [+3091 chars]",,de,'Landwirtschaft'
https://www.tagesschau.de/wirtschaft/verbraucher/un-lebensmittelpreise-anstieg-weltweit-100.html,https://www.tagesschau.de/wirtschaft/verbraucher/un-lebensmittelpreise-anstieg-weltweit-100.html,0,www.tagesschau.de,Weltweite Lebensmittelpreise steigen auf höchsten Stand seit 2022,"Weltweit steigen die Lebensmittelpreise immer weiter. Das liegt unter anderem an Extremwetter, etwa der Dürre in Europa. Aber auch militärische Konflikte wie der Krieg im Nahen Osten verteuern Nahrungsmittel.",https://images.tagesschau.de/image/60d96d8c-ba85-49f7-83a7-8ebe684d9e32/AAABndkrRfQ/AAABnSSvrFg/16x9-big/lebensmittel-kassenbon-102.jpg?width=1280,2026-09-04T11:41:13Z,,"Stand: 04.09.2026 13:41 Uhr
Weltweit steigen die Lebensmittelpreise immer weiter. Das liegt unter anderem an Extremwetter, etwa der Dürre in Europa. Aber auch militärische Konflikte wie der Krieg im… [+1958 chars]",,de,'Dürre'
https://www.gameswelt.de/warframe/news/iceblade-of-narin-kommt-noch-im-september-334817,https://www.gameswelt.de/warframe/news/iceblade-of-narin-kommt-noch-im-september-334817,0,www.gameswelt.de,"Warframe - ""Iceblade of Narin"" kommt noch im September","Digital Extremes datiert das kostenlose Warframe-Update ""Iceblade of Narin"" auf den 23. September 2026 und läutet mit dem Weltevent ""Epoch Operation: Taubound"" den Weg zum Tau-System ein.",https://img.gameswelt.de/public/images/202006/b4e0ccb2ea4eb47fabddd20dd2a40bb2.jpg,2026-09-04T12:53:00Z,,Entwicklerstudio Digital Extremes nutzt das südkoreanische Community-Event TennoVIP in Seoul für ein Feuerwerk an Ankündigungen rund um das Sci-Fi-Universum von Warframe. Wie das Team im Rahmen eines… [+2496 chars],,de,'Tau'
https://www.zeit.de/news/2026-09/05/duerre-und-klimawandel-wie-sicher-ist-der-waldspaziergang,https://www.zeit.de/news/2026-09/05/duerre-und-klimawandel-wie-sicher-ist-der-waldspaziergang,0,www.zeit.de,Herbst: Dürre und Klimawandel: Wie sicher ist der Waldspaziergang?,Hier finden Sie Informationen zu dem Thema „Herbst“. Lesen Sie jetzt „Dürre und Klimawandel: Wie sicher ist der Waldspaziergang?“.,https://img.zeit.de/news/2026-09/05/duerre-und-klimawandel-wie-sicher-ist-der-waldspaziergang-image-group/wide__1300x731,2026-09-05T02:00:09Z,,"Mit dem Blick nicht nur nach unten, sondern auch nach oben: Damit der Waldspaziergang im Herbst sicherer wird, gibt es ein paar Regeln zu beachten, besonders nach dem heißen Sommer.
«Der Zustand der… [+2456 chars]",,de,'Dürre'
https://www.zeit.de/news/2026-09/05/karpfensaison-in-bayern-eroeffnet,https://www.zeit.de/news/2026-09/05/karpfensaison-in-bayern-eroeffnet,0,www.zeit.de,Landwirtschaft: Karpfensaison in Bayern eröffnet,Hier finden Sie Informationen zu dem Thema „Landwirtschaft“. Lesen Sie jetzt „Karpfensaison in Bayern eröffnet“.,https://img.zeit.de/news/2026-09/05/karpfensaison-in-bayern-eroeffnet-image-group/wide__1300x731,2026-09-05T02:30:08Z,,Es ist wieder Karpfenzeit im Freistaat. Bayerns Teichwirte erwarten nach Angaben des Landwirtschaftsministeriums in diesem Jahr eine Abfischmenge zwischen 4.000 und 4.500 Tonnen. Damit würden die Ern… [+1352 chars],,de,'Landwirtschaft'
https://www.faz.net/aktuell/rhein-main/wirtschaft/erdgas-wird-noch-teurer-was-verbraucher-jetzt-tun-sollten-accg-201183157.html,https://www.faz.net/aktuell/rhein-main/wirtschaft/erdgas-wird-noch-teurer-was-verbraucher-jetzt-tun-sollten-accg-201183157.html,0,www.faz.net,Deutlicher Preisanstieg: Gas-Kunden sollten jetzt neue Verträge schließen,"Erdgas ist so teuer wie lange nicht. Verbraucherschützer rechnen mit einer herausfordernden Heizperiode. Wer jetzt seinen Tarif prüft, kann das Schlimmste vielleicht noch abwehren.",https://media0.faz.net/image/w1200h627/77d9312533a7/w5392h2817x0y667o/202608/43601.0.2394461758/man-mag-kaum-hinschauen.webp,2026-09-05T06:15:21Z,,"Der Konflikt im Nahen Osten ist wieder aufgeflammt, damit stirbt die Hoffnung der Branche, die Straße von Hormus, der wichtigste Transportweg in der Welt für die Energiewirtschaft, könne wieder geöff… [+5363 chars]",,de,'Gas'
https://www.bild.de/leben-wissen/reisen/mount-everest-urin-von-bergsteigern-laesst-gletscher-schmelzen-6a9bb52e181cb962d48844df,https://www.bild.de/leben-wissen/reisen/mount-everest-urin-von-bergsteigern-laesst-gletscher-schmelzen-6a9bb52e181cb962d48844df,0,www.bild.de,Pipi-Problem am Mount Everest - Bergsteiger-Urin lässt Gletscher schmelzen,Der Mount Everest kämpft mit Massen von Bergsteigern. Und deren auf dem Eis abgelagerter Urin könnte jedes Jahr mehr als 150 Tonnen Eis und Schnee schmelzen.,"https://images.bild.de/6a9bb52e181cb962d48844df/f7ab9498bd3ea5b5563f594d4d39f534,2371f852?w=1280",2026-09-05T07:26:39Z,,TTS-Player überspringenArtikel weiterlesenKathmandu (Nepal) Seit 50 Millionen Jahren trotzt der Mount Everest den Widrigkeiten der Natur. Jetzt bekommt er es mit einer ungewöhnlichen Bedrohung zu tun… [+2613 chars],,de,'Schnee'
https://www.faz.net/aktuell/rhein-main/region-und-hessen/125-jahre-ski-club-taunus-wie-ein-wintersportverein-ohne-schnee-bestehen-will-accg-201181874.html,https://www.faz.net/aktuell/rhein-main/region-und-hessen/125-jahre-ski-club-taunus-wie-ein-wintersportverein-ohne-schnee-bestehen-will-accg-201181874.html,0,www.faz.net,125 Jahre Ski-Club Taunus: Als der Taunus noch ein Schneeparadies war,"Pisten, Schanzen, Rennen: All das gab es auch einmal im Mittelgebirge. 125 Jahre nach seiner Gründung muss sich der Ski-Club Taunus nun neu positionieren. Er wird vom Schneesport- zum Outdoorverein.",https://media0.faz.net/image/w1200h627/f6d808e54e2a/w3849h2011x0y151o/202609/43601.0.2495871595/trockenkurs-training-beim-ski.webp,2026-09-05T09:34:48Z,,"Die erste Skitour führt zur Wasserkuppe, die erste Clubfahrt an den Arlberg. Aber auch im Taunus liegt in den Jahren nach der Jahrhundertwende reichlich Schnee, nicht bloß in der Rhön und in den Alpe… [+3742 chars]",,de,'Schnee'
https://www.welt.de/vermischtes/article6a9be4e9fd8102779ee49da3/mount-everest-urin-laesst-gletscher-schmelzen-forscher-warnen-vor-unerwarteter-waermequelle.html,https://www.welt.de/vermischtes/article6a9be4e9fd8102779ee49da3/mount-everest-urin-laesst-gletscher-schmelzen-forscher-warnen-vor-unerwarteter-waermequelle.html,0,www.welt.de,Urin lässt Gletscher schmelzen – Forscher warnen vor unerwarteter Wärmequelle,"Der Mount Everest zieht jedes Jahr Tausende Bergsteiger an. Doch der Andrang hinterlässt Spuren: Eine Studie zeigt, dass Brennstoffe und sogar Urin im Basislager dazu beitragen, dass der Khumbu-Gletscher schneller schmilzt.",https://images.welt.de/6a9be4e9fd8102779ee49da3/4174c45218bd45c2979e5b65c21f37bd-master/ci16x9-w1200/2026-05-22t130421z-1960415364-rc2bclazu4aa-rtrmadp-3-nepal-everest-jpg,2026-09-05T10:46:40Z,,"Der Mount Everest zieht jedes Jahr Tausende Bergsteiger an. Doch der Andrang hinterlässt Spuren: Eine Studie zeigt, dass Brennstoffe und sogar Urin im Basislager dazu beitragen, dass der Khumbu-Glets… [+3323 chars]",,de,'Schnee'
https://www.autobild.de/artikel/formel-1-gasly-schreibt-in-monza-naechstes-motorsport-maerchen-28798889.html,https://www.autobild.de/artikel/formel-1-gasly-schreibt-in-monza-naechstes-motorsport-maerchen-28798889.html,0,www.autobild.de,Überraschungspole für Alpine in Italien,Pierre Gasly und Monza – diese Kombination sorgt für die nächste Sensation. Im Qualifying zum GP Italien 2026 holt der Alpine-Pilot die Pole.,https://i.auto-bild.de/ir_img/4/1/0/3/0/0/3/ueberraschungspole-fuer-Alpine-in-Italien-2869-1800x1012-3ac7cb9f21a48417.jpg?impolicy=og_images,2026-09-05T15:10:00Z,,Monza ist und bleibt ein ganz besonderes Pflaster für Pierre Gasly. 2020 feierte der Franzose im königlichen Park völlig überraschend seinen ersten und bis heute einzigen Formel-1-Sieg. Sechs Jahre s… [+3429 chars],,de,'Gas'
https://vorarlberg.orf.at/stories/3369980/,https://vorarlberg.orf.at/stories/3369980/,0,vorarlberg.orf.at,Wasserversorgung aus der eigenen Zisterne,"Bei der Wasserversorgung hat es in diesem Sommer auch in Vorarlberg bereits lokale Engpässe gegeben. Zudem sind die Preise für Gas und Strom gestiegen. Ein Dornbirner Ehepaar lebt mittlerweile weitgehend energieautark – mit einem Solardach, Holz zum Wärmen au…",https://ibs.orf.at/vbg?image=https%3A%2F%2Foekastatic.orf.at%2Fmims%2F2026%2F36%2F79%2Fcrops%2Fw%3D1200%2Ch%3D627%2Cq%3D75%2F3172961_master_1230379_image_9.jpg%3Fs%3Dca8ea3cc32c17dbab5b3aaa09b7fafb65d31cc7c,2026-09-06T04:32:38Z,,"Das Dach der Familie Nenning ist mit Photovoltaikmodulen vollgepflastert, diese liefern den Großteil ihres Strombedarfs. Aber Elektrotechniker Reinhard Nenning wollte es nicht dabei belassen. Der Men… [+2900 chars]",,de,'Gas'
https://www.faz.net/aktuell/wissen/erde-klima/ein-aufruf-zur-regenerativen-landwirtschaft-accg-201175290.html,https://www.faz.net/aktuell/wissen/erde-klima/ein-aufruf-zur-regenerativen-landwirtschaft-accg-201175290.html,0,www.faz.net,Regenerative Landwirtschaft: Ein Sondervermögen für den Umbau der Landwirtschaft,"Die Landwirtschaft ist weltweit im Dauerkrisenmodus. Was gegen ausgelaugte Böden, Industrie-Landwirtschaft und gegen Klimawandel helfen könnte, ist der gezielte Schutz der Böden.",https://media0.faz.net/image/w1200h627/9da515f0943e/w6000h3135x0y419o/202608/43601.0.2466281376/worunter-die-boeden-oft-leiden.webp,2026-09-06T06:23:58Z,,"Wir haben ein Sondervermögen für die Bundeswehr, eines für die Infrastruktur und das Klima, doch was wir nicht haben, ist die politische Bereitschaft, intakte Böden und damit gesunde Nahrungsmittel u… [+4945 chars]",,de,'Landwirtschaft'
https://www.faz.net/aktuell/rhein-main/region-und-hessen/gratis-manikuere-shakira-gibt-wohnungslosen-in-wiesbaden-ein-stueck-ihrer-wuerde-zurueck-accg-201047175.html,https://www.faz.net/aktuell/rhein-main/region-und-hessen/gratis-manikuere-shakira-gibt-wohnungslosen-in-wiesbaden-ein-stueck-ihrer-wuerde-zurueck-accg-201047175.html,0,www.faz.net,Maniküre für Wohnungslose: Eine Handvoll Würde,"Zaira Lara hat zwei Jahre auf der Straße gelebt. In der Wiesbadener Teestube lackiert sie heute die Fingernägel wohnungsloser Menschen. Sie schenkt etwas, das im Alltag oft fehlt: Zeit, Nähe und Aufmerksamkeit.",https://media0.faz.net/image/w1200h627/225207fc06a6/w4500h2351x0y301o/202607/43601.0.2331987042/zwischen-nagellackflaeschchen.webp,2026-09-06T10:54:46Z,,"Auf den ersten Blick lässt an Luisa nichts erahnen, dass sie keine Wohnung hat. Sie trägt saubere Kleidung, ihre Brillengläser sind geputzt. Nur ihre Hände, die sie vor Shakira auf dem Tisch ablegt, … [+9553 chars]",,de,'Wohnungslose'
https://www.faz.net/aktuell/wirtschaft/mehr-wirtschaft/britische-privatschulen-verlieren-30-000-schueler-wegen-mehrwertsteuer-accg-201194205.html,https://www.faz.net/aktuell/wirtschaft/mehr-wirtschaft/britische-privatschulen-verlieren-30-000-schueler-wegen-mehrwertsteuer-accg-201194205.html,0,www.faz.net,Sinkende Schülerzahlen: Britische Privatschulen in Not,"Seit die Labour-Regierung 20 Prozent Mehrwertsteuer von Privatschulen erhebt, haben diese schon 30.000 Schüler verloren. Mehr als 100 Schulen mussten schließen. Auch einige Internate wackeln.",https://media0.faz.net/image/w1200h627/6e86457de88f/w3000h1567x0y373o/202506/43601.0.1087602819/internatsschueler-des-eton.webp,2026-09-07T05:33:55Z,,Zum Beginn des neuen Schuljahres blicken viele britische private Schulen mit Sorge in die Zukunft. Seit die Labour-Regierung im vergangenen Jahr eine Mehrwertsteuer von 20 Prozent auf die Schulgebühr… [+278 chars],,de,'Not'
https://www.zeit.de/politik/ausland/2026-09/strasse-von-hormus-iran-sperrzone-us-marine-schifffahrt,https://www.zeit.de/politik/ausland/2026-09/strasse-von-hormus-iran-sperrzone-us-marine-schifffahrt,0,www.zeit.de,Straße von Hormus: Iran will nahe Straße von Hormus »Sperrzone« einrichten,Der Iran hat eine Sperrzone außerhalb der Straße von Hormus angekündigt. Damit erweitert sich die Sperrung des für den Welthandel mit Öl und Gas wichtigen Gebiets.,https://img.zeit.de/politik/ausland/2026-09/strasse-von-hormus-iran-sperrzone-us-marine-schifffahrt-foto-1/wide__1300x731,2026-09-07T06:20:27Z,,"Der Iran will nahe der strategisch
wichtigen Straße von Hormus eine »Sperrzone«
einrichten. Das sagte der Chef des Obersten
Nationalen Sicherheitsrats des Irans, Mohsen Resaei, im iranischen Staat… [+942 chars]",,de,'Gas'
https://www.zeit.de/news/2026-09/07/97-jaehriger-verwechselt-gas-und-bremse-und-faehrt-hang-runter,https://www.zeit.de/news/2026-09/07/97-jaehriger-verwechselt-gas-und-bremse-und-faehrt-hang-runter,0,www.zeit.de,Unfall beim Parken: 97-Jähriger verwechselt Gas und Bremse und fährt Hang runter,Hier finden Sie Informationen zu dem Thema „Unfall beim Parken“. Lesen Sie jetzt „97-Jähriger verwechselt Gas und Bremse und fährt Hang runter“.,https://img.zeit.de/news/2026-09/07/97-jaehriger-verwechselt-gas-und-bremse-und-faehrt-hang-runter-image-group/wide__1300x731,2026-09-07T09:18:19Z,,"Ein 97-Jähriger hat beim Parken Gas und Bremse verwechselt und ist mit dem Auto einen Hang in Ebersberg heruntergestürzt. Das Auto blieb an dem Hang hängen und wurde mit einem Kran geborgen, wie die … [+159 chars]",,de,'Gas'
https://www.zeit.de/news/2026-09/07/brandenburg-versucht-sich-im-safran-anbau,https://www.zeit.de/news/2026-09/07/brandenburg-versucht-sich-im-safran-anbau,0,www.zeit.de,Landwirtschaft: Brandenburg versucht sich im Safran-Anbau,Hier finden Sie Informationen zu dem Thema „Landwirtschaft“. Lesen Sie jetzt „Brandenburg versucht sich im Safran-Anbau“.,https://img.zeit.de/news/2026-09/07/brandenburg-versucht-sich-im-safran-anbau-image-group/wide__1300x731,2026-09-07T10:26:08Z,,"Angesichts des Klimawandels experimentiert Brandenburg mit dem Anbau von Safran. Im Projekt «Seenland-Safran» werde der Anbau der Knollen-Pflanze auf den sandigen Böden der Lausitz erprobt, teilte La… [+1386 chars]",,de,'Landwirtschaft'
https://www.zeit.de/wirtschaft/2026-09/weinernte-frankreich-duerre-hitze-champagne,https://www.zeit.de/wirtschaft/2026-09/weinernte-frankreich-duerre-hitze-champagne,0,www.zeit.de,Weinernte in Frankreich: Frankreich erlebt eine der schwächsten Weinlesen seit Jahren,Frankreich ist der zweitgrößte Weinproduzent der Welt. Doch extreme Hitze und anhaltende Dürre schmälern die ​französische Ernte. Die Champagne trifft es besonders hart.,https://img.zeit.de/wirtschaft/2026-09/weinernte-frankreich-duerre-hitze-champagne-foto-1/wide__1300x731,2026-09-07T11:25:45Z,,Extreme Hitze und anhaltende Dürre wirken sich deutlich auf die französische Weinlese aus. Besonders hart trifft es die Champagne: Dort dürfte sich die Erntemenge gegenüber dem Vorjahr nahezu halbier… [+2458 chars],,de,'Dürre'
https://www.zeit.de/news/2026-09/07/bauforscher-klimaneutrale-gasheizungen-nicht-machbar,https://www.zeit.de/news/2026-09/07/bauforscher-klimaneutrale-gasheizungen-nicht-machbar,0,www.zeit.de,Vor Start der Nordbau: Bauforscher: Klimaneutrale Gasheizungen «nicht machbar»,Hier finden Sie Informationen zu dem Thema „Vor Start der Nordbau“. Lesen Sie jetzt „Bauforscher: Klimaneutrale Gasheizungen «nicht machbar»“.,https://img.zeit.de/news/2026-09/07/bauforscher-klimaneutrale-gasheizungen-nicht-machbar-image-group/wide__1300x731,2026-09-07T11:26:57Z,,"Der Leiter des Bauforschungsinstituts Arge, Dietmar Walberg, hat das im Juli von der Bundesregierung beschlossene Gebäudemodernisierungsgesetz scharf kritisiert. «Wenn man etwas technologieoffen besc… [+2626 chars]",,de,'Gas'
https://www.sueddeutsche.de/panorama/mount-everest-urin-studie-gletscher-schmelzen-li.3533662,https://www.sueddeutsche.de/panorama/mount-everest-urin-studie-gletscher-schmelzen-li.3533662,0,www.sueddeutsche.de,Himalaya: Gelber Schnee am Everest,"6000 Liter Urin fließen täglich im Everest-Basislager – Forscher haben nun berechnet, wie viel Gletschereis dadurch wegschmilzt. Die Ergebnisse heizen die alte Debatte an, wie lange das Lager noch nutzbar ist.",https://www.sueddeutsche.de/2025/10/05/bf200af9-a881-43a1-862e-b286a1933353.jpg?q=60&fm=webp&width=1200&rect=0%2C375%2C4000%2C2250,2026-09-07T12:30:13Z,,"Gelber Schnee ist an hohen, stark frequentierten Bergen wie dem Mont Blanc, dem Kilimandscharo und dem Mount Everest ein ernsthaftes Problem, nicht nur optisch. Eine im Juli 2026 in der Fachzeitschri… [+2992 chars]",,de,'Schnee'
https://www.computerbase.de/news/prozessoren/tau-scaling-law-huawei-kirin-9050-pro-im-stapel-prozess-ist-42-prozent-schneller.99288/,https://www.computerbase.de/news/prozessoren/tau-scaling-law-huawei-kirin-9050-pro-im-stapel-prozess-ist-42-prozent-schneller.99288/,0,www.computerbase.de,Tau (τ) Scaling Law: Huawei Kirin 9050 Pro im Stapel-Prozess ist 42 % schneller,"Der Huawei Kirin 9050 Pro ist der erste Chip mit dem neuen Tau Scaling. Dieser bringt so deutlich mehr Performance, wenngleich er westliche Flaggschiffe nicht erreichen wird. Dennoch ist der Sprung an einigen Stellen sehr groß, sodass Huawei zumindest deutlic…",https://pics.computerbase.de/1/2/4/7/7/2-f73adea76fc00a9b/article-1280x720.c3e48740.jpg,2026-09-07T14:45:00Z,,"Der Huawei Kirin 9050 Pro ist der erste Chip mit dem neuen Tau Scaling. Dieser bringt so deutlich mehr Performance, wenngleich er westliche Flaggschiffe nicht erreichen wird. Dennoch ist der Sprung a… [+2604 chars]",,de,'Tau'
https://www.nzz.ch/video/wenn-hitzesommer-wie-2026-normal-werden-verliert-die-schweiz-ihren-wasserspeicher-ld.10022656,https://www.nzz.ch/video/wenn-hitzesommer-wie-2026-normal-werden-verliert-die-schweiz-ihren-wasserspeicher-ld.10022656,0,www.nzz.ch,VIDEO - Wenn Hitzesommer wie 2026 normal werden: Verliert die Schweiz ihren Wasserspeicher?,"Der Bodensee erreicht diesen Sommer sein Rekordtief. Und auch anderen Gewässern in der Schweiz geht es ähnlich. Das könnte in der Schweiz zur Normalität werden. Forscher zeigen am Bodensee und dem Griesgletscher, was das für Strom, Landwirtschaft und Schifffa…","https://img-msp-prod.nzz.ch/2026/09/07/2e5d8768-711f-4217-9272-5e76037dcde7.jpg?width=1200&height=675&fit=bounds&quality=75&auto=webp&crop=1920,1080,x0,y0&wmark=nzz",2026-09-07T14:45:42Z,,Der Bodensee erreicht ein Rekordtief: So wenig Wasser hatte der See im Sommer noch nie. Der Wasserspiegel liegt stellenweise mehr als einen Meter unter dem Durchschnitt. Klimamodelle zeigen: Ende Jah… [+10246 chars],,de,'Schnee'
https://stadt-bremerhaven.de/audi-a2-e-tron-e-auto-soll-mit-effizienz-punkten/,https://stadt-bremerhaven.de/audi-a2-e-tron-e-auto-soll-mit-effizienz-punkten/,0,stadt-bremerhaven.de,Audi A2 e-tron: E-Auto soll mit Effizienz punkten,"Audi bringt den neuen A2 e-tron auf den deutschen Markt. Das E-Auto soll vor allem mit seiner Effizienz punkten, wie der Hersteller klarmacht. verbraucht er laut...Zum Beitrag: Audi A2 e-tron: E-Auto soll mit Effizienz punkten

Wo du uns folgen kannst:
Facebo…",https://stadt-bremerhaven.de/wp-content/uploads/2026/09/Audio-A2-e-tron-scaled.webp,2026-09-07T17:30:03Z,,"Bild: Audi AG
Audi bringt den neuen A2 e-tron auf den deutschen Markt. Das E-Auto soll vor allem mit seiner Effizienz punkten, wie der Hersteller klarmacht. verbraucht er laut Audi so wenig wie kein… [+2113 chars]",,de,'E-Auto'
https://www.zeit.de/news/2026-09/08/oepnv-streik-was-fahrgaeste-im-norden-wissen-muessen,https://www.zeit.de/news/2026-09/08/oepnv-streik-was-fahrgaeste-im-norden-wissen-muessen,0,www.zeit.de,Tarifverhandlungen: ÖPNV-Streik: Was Fahrgäste im Norden wissen müssen,Hier finden Sie Informationen zu dem Thema „Tarifverhandlungen“. Lesen Sie jetzt „ÖPNV-Streik: Was Fahrgäste im Norden wissen müssen“.,https://img.zeit.de/news/2026-09/08/oepnv-streik-was-fahrgaeste-im-norden-wissen-muessen-image-group/wide__1300x731,2026-09-08T03:00:18Z,,"Wegen eines zweitägigen Warnstreiks im öffentlichen Nahverkehr wird es von Donnerstag an für Pendler, Schüler und Reisende in den kreisfreien Städten in Schleswig-Holstein schwierig. Die wichtigsten … [+2846 chars]",,de,'E-Auto'
https://www.basicthinking.de/blog/2026/09/08/toshiba-batterie/,https://www.basicthinking.de/blog/2026/09/08/toshiba-batterie/,0,www.basicthinking.de,Neue E-Auto-Batterie soll 15.000 Ladezyklen standhalten,"Der Beitrag Neue E-Auto-Batterie soll 15.000 Ladezyklen standhalten erschien zuerst beim Online-Magazin BASIC thinking. Über unseren Newsletter UPDATE startest du jeden Morgen bestens informiert in den Tag.
Der japanische Technologiekonzern Toshiba hat mit Pa…",https://www.basicthinking.de/blog/wp-content/uploads/2026/08/batterie-toshiba.jpg,2026-09-08T03:45:37Z,,Der japanische Technologiekonzern Toshiba hat mit Partnern kürzlich eine neue E-Autobatterie vorgestellt. Dank NTO-Anode bietet der Akku schnelle Ladezeiten und soll ohne Ablagerungen von metallische… [+2993 chars],,de,'E-Auto'
https://www.zeit.de/news/2026-09/08/verband-komplett-leere-gasspeicher-im-februar-sind-moeglich,https://www.zeit.de/news/2026-09/08/verband-komplett-leere-gasspeicher-im-februar-sind-moeglich,0,www.zeit.de,Energieversorgung: Verband: Komplett leere Gasspeicher im Februar sind möglich,Hier finden Sie Informationen zu dem Thema „Energieversorgung“. Lesen Sie jetzt „Verband: Komplett leere Gasspeicher im Februar sind möglich“.,https://img.zeit.de/news/2026-09/08/verband-komplett-leere-gasspeicher-im-februar-sind-moeglich-image-group/wide__1300x731,2026-09-08T04:00:05Z,,"Deutschlands Gasspeicher könnten einer Branchenschätzung zufolge Anfang Februar vollständig leer sein, sollte der Winter sehr kalt werden. Das geht aus einem Papier des Gasspeicher-Verbandes Ines her… [+3000 chars]",,de,'Gas'
https://www.zeit.de/wirtschaft/2026-09/gasspeicher-deutschland-winter-leer-initiative-energien-speichern,https://www.zeit.de/wirtschaft/2026-09/gasspeicher-deutschland-winter-leer-initiative-energien-speichern,0,www.zeit.de,Gasspeicher in Deutschland: Deutschlands Gasspeicher könnten laut Verband im Februar leer sein,"Sind die Gasspeicher im November nur zu drei Viertel gefüllt, reichen diese Vorräte nicht, wenn der Winter kalt wird. Deutschland kann aber über andere Wege Gas bekommen.",https://img.zeit.de/wirtschaft/2026-09/gasspeicher-deutschland-winter-leer-initiative-energien-speichern-foto-1/wide__1300x731,2026-09-08T05:22:45Z,,"Deutschlands Gasspeicher könnten Anfang Februar vollständig leer sein, sollte der Winter sehr kalt werden. Das geht aus einem Papier des Gasspeicher-Verbandes Ines hervor, das mehrere Szenarien durch… [+978 chars]",,de,'Gas'
https://www.telepolis.de/article/Hier-ergibt-sich-niemand-Warum-viele-Kubaner-den-Sozialismus-stuetzen-11443204.html,https://www.telepolis.de/article/Hier-ergibt-sich-niemand-Warum-viele-Kubaner-den-Sozialismus-stuetzen-11443204.html,0,www.telepolis.de,"""Hier ergibt sich niemand"": Warum viele Kubaner den Sozialismus stützen","Im Interview berichtet der 20-jährige Malte von Strommangel, US-Blockade und der Frage, warum viele Kubaner trotz Not am Sozialismus festhalten.",https://heise.cloudimg.io/v7/_www-heise-de_/imgs/18/5/1/5/9/9/8/6/cuba-01-8deb7d0d09578bd0.jpg?func=bound&height=1200&org_if_sml=1&q=85&width=1200,2026-09-08T06:00:00Z,,"Im Interview berichtet der 20-jährige Malte von Strommangel, US-Blockade und der Frage, warum viele Kubaner trotz Not am Sozialismus festhalten.
Havanna durchlebt die wohl schwerste ökonomische Kris… [+7755 chars]",,de,'Not'
https://www.kino.de/news/jetzt-gibt-amazon-star-alan-ritchson-richtig-gas-fans-feiern-neuen-actionknaller-mit-dem-reacher-darsteller--01M1F7D48YQW1DXHBM032TNP8D,https://www.kino.de/news/jetzt-gibt-amazon-star-alan-ritchson-richtig-gas-fans-feiern-neuen-actionknaller-mit-dem-reacher-darsteller--01M1F7D48YQW1DXHBM032TNP8D,0,www.kino.de,Jetzt gibt Amazon-Star Alan Ritchson richtig Gas: Fans feiern neuen Actionknaller mit dem „Reacher“-Darsteller,"Wer „Reacher“-Star Alan Ritchson im Kino erleben will, darf dessen Actionkomödie „Runner“ mit Owen Wilson nicht verpassen.",https://static.kino.de/22/b0/dc/550f57e8c1d8d3b94f6b08d3e2_ZmMgODBkNzZkODlmZmZmIDE5MjAgMTA4MAMyMDVmZTFkOTY4ZQ==.jpg,2026-09-08T09:17:45Z,,"Wer Reacher-Star Alan Ritchson im Kino erleben will, darf dessen Actionkomödie Runner mit Owen Wilson nicht verpassen.
Als Filmfans ist euch sicher bereits aufgefallen, dass Owen Wilsons Karriere im… [+4435 chars]",,de,'Gas'
https://ooe.orf.at/stories/3370217/,https://ooe.orf.at/stories/3370217/,0,ooe.orf.at,Weltcup in Gosau: Zwischen Baustelle und Betten-Not,"Am 28. und 19. Dezember gastiert der internationale Skizirkus in Gosau. Das erste Mal seit 34 Jahren machen die Renndamen wieder Halt in Oberösterreich und absolvieren einen Slalom und einen Riesentorlauf. Aktuell ist der Hornspitz noch eine Baustelle, Vorfre…",https://ibs.orf.at/ooe?image=https%3A%2F%2Foekastatic.orf.at%2Fmims%2F2026%2F37%2F91%2Fcrops%2Fw%3D1200%2Ch%3D627%2Cq%3D75%2F3174822_master_1231091_260904_ooeh_gosau_orf_2132_00_00_09_15.jpg%3Fs%3D7b633384dd10c609d74fa312f7105409271f8522,2026-09-08T09:49:42Z,,"Aufgegrabener Waldboden statt Schnee, Bagger statt Pistenfahrzeug der Hornspitz in Gosau ist aktuell eine Baustelle. Es ist noch viel zu tun, bis zwischen Weihnachten und Neujahr der internationale S… [+2840 chars]",,de,'Not'
https://www.netzpiloten.de/wir-werden-nie-mehr-so-arbeiten-wie-heute-mit-stefan-erschwendner-tina-kulow-wolfgang-macht/,https://www.netzpiloten.de/wir-werden-nie-mehr-so-arbeiten-wie-heute-mit-stefan-erschwendner-tina-kulow-wolfgang-macht/,0,www.netzpiloten.de,"Wir werden nie mehr so arbeiten wie heute – mit Stefan Erschwendner, Tina Kulow & Wolfgang Macht","Wie kann man mit KI ein Bier brauen? Warum könnten wir solche Aufgaben schon jetzt 10x schneller erledigen? Und ist Arbeiten, wie wir es heute kennen, eigentlich schon Schnee von gestern? Künstliche Intelligenz ist nicht mehr sonderlich neu für uns. Fast jede…",https://www.netzpiloten.de/wp-content/uploads/2026/09/Website-Cover-4.jpg,2026-09-08T11:27:25Z,,"Wie kann man mit KI ein Bier brauen? Warum könnten wir solche Aufgaben schon jetzt 10x schneller erledigen? Und ist Arbeiten, wie wir es heute kennen, eigentlich schon Schnee von gestern?
Künstliche… [+2635 chars]",,de,'Schnee'
https://www.zeit.de/news/2026-09/08/wildblumen-acker-und-strom-neues-solar-projekt-startet,https://www.zeit.de/news/2026-09/08/wildblumen-acker-und-strom-neues-solar-projekt-startet,0,www.zeit.de,"Ackerbau und grüne Energie: Wildblumen, Acker und Strom: Neues Solar-Projekt startet","Hier finden Sie Informationen zu dem Thema „Ackerbau und grüne Energie“. Lesen Sie jetzt „Wildblumen, Acker und Strom: Neues Solar-Projekt startet“.",https://img.zeit.de/news/2026-09/08/wildblumen-acker-und-strom-neues-solar-projekt-startet-image-group/wide__1300x731,2026-09-08T13:28:19Z,,"Solarmodule auf rund 70 Hektar Fläche, darunter Wildblumen und dazwischen Platz für Ackerbau: In Schönefeld bei Berlin ist eine sogenannte Agri-Photovoltaik-Anlage in Betrieb gegangen. Geplant sei es… [+1754 chars]",,de,'Ackerbau'
https://www.tagesspiegel.de/berlin/dpa-ackerbau-und-grune-energie-16030957.html,https://www.tagesspiegel.de/berlin/dpa-ackerbau-und-grune-energie-16030957.html,0,www.tagesspiegel.de,"Ackerbau und grüne Energie: Wildblumen, Acker und Strom: Neues Solar-Projekt startet","Unter Solarmodulen sollen sich Insekten in Wildblumen tummeln, dazwischen will ein Landwirt Roggen und Hirse anbauen. Wie ein Projekt in Schönefeld Landwirtschaft und Stromerzeugung zusammenbringt.",https://www.tagesspiegel.de/images/16030956/alternates/BASE_16_9_W1400/1788874180000/agri-photovoltaik-anlage-in-schonefeld.jpeg,2026-09-08T13:29:40Z,,"Solarmodule auf rund 70 Hektar Fläche, darunter Wildblumen und dazwischen Platz für Ackerbau: In Schönefeld bei Berlin ist eine sogenannte Agri-Photovoltaik-Anlage in Betrieb gegangen. Geplant sei es… [+1807 chars]",,de,'Ackerbau'
https://www.faz.net/aktuell/wissen/ab-in-die-botanik/reizgas-ozon-trauerweide-als-unerwartete-quelle-201178154.html,https://www.faz.net/aktuell/wissen/ab-in-die-botanik/reizgas-ozon-trauerweide-als-unerwartete-quelle-201178154.html,0,www.faz.net,Botanik-Kolumne: Reizgas aus der Trauerweide,Bodennahes Ozon reizt im Sommer Augen und Atemwege. Jetzt zeigt sich eine unerwartete Quelle: Einige Baumarten liefern die chemischen Vorläufer für das giftige Gas.,https://media0.faz.net/image/w1200h627/265c61e7b96d/w3000h1567x0y206o/202504/43601.0.950186687/herrlich-aber-gefaehrlich.webp,2026-09-08T14:39:05Z,,"Die Sommer werden heißer, trockener und sonniger, aber vor Ozon wird heute kaum noch gewarnt. Der Grund ist bessere Luft. Der Alarmwert von 240 Mikrogramm pro Kubikmeter Luft, der in den Neunzigerjah… [+3345 chars]",,de,'Gas'
https://www.bild.de/sport/fussball/bvb-aufstellung-fuer-champions-league-da-so-loest-kovac-die-abwehr-not-6aa04662240b302c8a83dd69,https://www.bild.de/sport/fussball/bvb-aufstellung-fuer-champions-league-da-so-loest-kovac-die-abwehr-not-6aa04662240b302c8a83dd69,0,www.bild.de,BVB-Aufstellung da - So löst Kovac die Abwehr-Not beim BVB,Endlich knallt die Champions League los. Für den BVB geht es heute Abend zum Auftakt gegen Villarreal. Das sind die Aufstellungen.,"https://images.bild.de/6aa04662240b302c8a83dd69/5a56aa673507a2cbacfb76a806d76089,fdf54086?w=1280",2026-09-08T17:51:39Z,,"TTS-Player überspringenArtikel weiterlesenEndlich knallt die Champions League los. Für den BVB geht es heute Abend zum Auftakt gegen Villarreal (21 Uhr, Amazon Prime und 
BILD-Liveticker). Dortmund-… [+1558 chars]",,de,'Not'
https://www.focus.de/panorama/welt/wolfgang-wird-mit-74-wieder-lehrer-und-rettet-mit-zwei-kolleginnen-eine-dorf-schule-in-oesterreich_bc1e74f4-0566-4323-b116-473677217c3a.html,https://www.focus.de/panorama/welt/wolfgang-wird-mit-74-wieder-lehrer-und-rettet-mit-zwei-kolleginnen-eine-dorf-schule-in-oesterreich_bc1e74f4-0566-4323-b116-473677217c3a.html,0,www.focus.de,Wolfgang wird mit 74 wieder Lehrer und „rettet” mit zwei Kolleginnen eine Dorf-Schule in Österreich,Im Rentenalter gibt Wolfgang noch einmal Gas: Mit 74 Jahren unterrichtet der Lehrer an der Volksschule St. Nikola an der Donau. Die Schule sollte eigentlich geschlossen werden.,"https://quadro.burda-forward.de/ctf/f75b424b-42a6-49b2-b99b-4b43824b5626.5013cd8f-f6dd-48a9-a43d-c9e4882434e7.jpg?im=RegionOfInterestCrop=(1200,630),regionOfInterest=(995,672)&hash=224406dce3f44598992314d72251180d2c31f7a11d82fd9bbd8234543de79a74",2026-09-09T04:30:00Z,,"Aktuell herrscht vielerorts Lehrermangel, auch in Österreich. Es ist nicht einfach, qualifizierte Pädagogen zu finden, schon gar nicht für eine Schule in einer kleinen Gemeinde. So stand auch die Vol… [+2214 chars]",,de,'Gas'
https://www.diepresse.com/41245969/angriffe-im-nahen-osten-treiben-preise-fuer-oel-und-gas-in-die-hoehe,https://www.diepresse.com/41245969/angriffe-im-nahen-osten-treiben-preise-fuer-oel-und-gas-in-die-hoehe,0,www.diepresse.com,Angriffe im Nahen Osten treiben Preise für Öl und Gas in die Höhe,Rohöl der Referenzsorte Brent kostet wieder über 100 Dollar pro Barrel. Ein hoher Ölpreis beeinflusst auch die Preisentwicklung insgesamt.,https://img.diepresse.com/public/incoming/909zxq-2026-09-08t134501z1198003014rc2mdnapqoxprtrmadp3iran-crisis-south-koreajpg/alternates/WEBP_WIDE_1200/2026-09-08T134501Z_1198003014_RC2MDNAPQOXP_RTRMADP_3_IRAN-CRISIS-SOUTH-KOREA.JPG,2026-09-09T08:16:01Z,,"Die Presse auf Google als bevorzugte Nachrichtenquelle hinzufügen.
 Der Preis für Rohöl der Sorte Brent ist am Mittwoch wieder über 100 US-Dollar je Barrel (159 Liter) gestiegen. Grund sind weitere,… [+2549 chars]",,de,'Gas'
https://www.diepresse.com/41246301/beim-hauskauf-kurzfristig-teurer-die-waermepumpe-hat-ihren-preis,https://www.diepresse.com/41246301/beim-hauskauf-kurzfristig-teurer-die-waermepumpe-hat-ihren-preis,0,www.diepresse.com,Beim Hauskauf kurzfristig teurer: Die Wärmepumpe hat ihren Preis [premium],"Wer in einem mit Wärmepumpe versorgtem Haus wohnen will, muss beim Kauf tiefer in die Tasche greifen – investiert aber dafür in günstige Heizkosten und das Klima.",https://img.diepresse.com/public/incoming/n8ciex-gettyimages-2212518582jpg/alternates/WEBP_WIDE_1200/GettyImages-2212518582.jpg,2026-09-09T09:38:52Z,,"Eine Analyse von mehr als 110.000 Immobilien, die auf Willhaben heuer inseriert wurden, zeigt, wie stark die Wärmepumpe die Immobilienpreise beeinflusst: Von den Häusern mit einer Wohnfläche von 120 … [+4872 chars]",,de,'Wärmepumpe'
https://www.focus.de/panorama/welt/man-sollte-das-leben-geniessen-solange-man-kann-warum-schichtarbeiter-anders-sich-weigert-bis-67-zu-arbeiten_bc1e74f4-0566-4323-b116-473677217c3a.html,https://www.focus.de/panorama/welt/man-sollte-das-leben-geniessen-solange-man-kann-warum-schichtarbeiter-anders-sich-weigert-bis-67-zu-arbeiten_bc1e74f4-0566-4323-b116-473677217c3a.html,0,www.focus.de,"„Man sollte das Leben genießen, solange man kann” – warum Schichtarbeiter Anders sich weigert bis 67 zu arbeiten",Im Rentenalter gibt Wolfgang noch einmal Gas: Mit 74 Jahren unterrichtet der Lehrer an der Volksschule St. Nikola an der Donau. Die Schule sollte eigentlich geschlossen werden.,"https://quadro.burda-forward.de/ctf/f75b424b-42a6-49b2-b99b-4b43824b5626.5013cd8f-f6dd-48a9-a43d-c9e4882434e7.jpg?im=RegionOfInterestCrop=(1200,630),regionOfInterest=(995,672)&hash=224406dce3f44598992314d72251180d2c31f7a11d82fd9bbd8234543de79a74",2026-09-09T09:42:00Z,,"Aktuell herrscht vielerorts Lehrermangel, auch in Österreich. Es ist nicht einfach, qualifizierte Pädagogen zu finden, schon gar nicht für eine Schule in einer kleinen Gemeinde. So stand auch die Vol… [+2214 chars]",,de,'Gas'
https://www.zeit.de/news/2026-09/09/brandenburgs-energieministerin-befuerchtet-keinen-gasmangel,https://www.zeit.de/news/2026-09/09/brandenburgs-energieministerin-befuerchtet-keinen-gasmangel,0,www.zeit.de,Niedrige Füllstände: Brandenburgs Energieministerin befürchtet keinen Gasmangel,Hier finden Sie Informationen zu dem Thema „Niedrige Füllstände“. Lesen Sie jetzt „Brandenburgs Energieministerin befürchtet keinen Gasmangel“.,https://img.zeit.de/news/2026-09/09/brandenburgs-energieministerin-befuerchtet-keinen-gasmangel-image-group/wide__1300x731,2026-09-09T11:35:56Z,,Trotz niedrigerer Füllstände der Speicher droht in Brandenburg nach Ansicht der Landesregierung keine Gefahr für den Winter. «Wir laufen nach aktueller Einschätzung nicht auf eine Gasmangellage zu un… [+1700 chars],,de,'Gas'
https://www.tagesspiegel.de/berlin/dpa-niedrige-fullstande-16034422.html,https://www.tagesspiegel.de/berlin/dpa-niedrige-fullstande-16034422.html,0,www.tagesspiegel.de,Niedrige Füllstände: Brandenburgs Energieministerin befürchtet keinen Gasmangel,Die Gasspeicher sind geringer gefüllt als in den vergangenen Jahren. Warum zeigt sich Brandenburgs Energieministerin Klement nicht besorgt?,https://www.tagesspiegel.de/images/16034421/alternates/BASE_16_9_W1400/1788953828000/erdgasspeicher-des-energieversorgers-ewe.jpeg,2026-09-09T11:37:08Z,,Trotz niedrigerer Füllstände der Speicher droht in Brandenburg nach Ansicht der Landesregierung keine Gefahr für den Winter. Wir laufen nach aktueller Einschätzung nicht auf eine Gasmangellage zu und… [+1750 chars],,de,'Gas'
https://www.spektrum.de/alias/bilder-der-woche/etwas-in-der-grossen-magellanschen-wolke-schlaegt-blasen/2343849,https://www.spektrum.de/alias/bilder-der-woche/etwas-in-der-grossen-magellanschen-wolke-schlaegt-blasen/2343849,0,www.spektrum.de,Bilder der Woche: Etwas schlägt Blasen in der Großen Magellanschen Wolke,"Was wie ein riesiges Loch im All aussieht, ist das Werk junger, heißer Sterne. Winde, aber auch Supernova-Explosionen haben eine gewaltige Blase in die umliegende Materie gerissen.",https://static.spektrum.de/fm/912/f1920x1080/N44_Superbubble.jpg,2026-09-09T13:07:57Z,,"Das dominierende Merkmal von N44 ist jedoch die gewaltige zentrale »Hohlform«: eine etwa 210 mal 140 Lichtjahre große »Superblase«, in der lediglich dünnes, sehr heißes Gas verblieben ist. Sie ersche… [+1350 chars]",,de,'Wind'
https://www.faz.net/aktuell/politik/ausland/wie-israel-die-landwirtschaft-in-libanon-zerstoert-201206894.html,https://www.faz.net/aktuell/politik/ausland/wie-israel-die-landwirtschaft-in-libanon-zerstoert-201206894.html,0,www.faz.net,Krieg in Libanon: Die Ernte ist auf Jahre ruiniert,"Israel zerstört die Landwirtschaft in Südlibanon, zum Teil mit hochumstrittenen Mitteln – wie Glyphosat und Phosphor. Der zuständige Minister in Beirut ist fassungslos.",https://media0.faz.net/image/w1200h627/75cd3cb320bc/w2464h1287x0y139o/202605/43601.0.2067904451/israelischer-beschuss-eine.webp,2026-09-09T18:14:19Z,,Nicht nur graue Kriegsruinen prägen die Szenerie in der Konfliktzone Südlibanons. Auch verkohlte Wälder oder verwüstete Haine von Olivenbäumen und Zitruspflanzen zeugen von den massiven Zerstörungen … [+7825 chars],,de,'Landwirtschaft'
https://www.zeit.de/news/2026-09/10/mann-verwechselt-bremse-und-gas-ehefrau-stirbt-bei-unfall,https://www.zeit.de/news/2026-09/10/mann-verwechselt-bremse-und-gas-ehefrau-stirbt-bei-unfall,0,www.zeit.de,Tragischer Unfall: Mann verwechselt Bremse und Gas – Ehefrau stirbt bei Unfall,Hier finden Sie Informationen zu dem Thema „Tragischer Unfall“. Lesen Sie jetzt „Mann verwechselt Bremse und Gas – Ehefrau stirbt bei Unfall“.,https://img.zeit.de/news/2026-09/10/mann-verwechselt-bremse-und-gas-ehefrau-stirbt-bei-unfall-image-group/wide__1300x731,2026-09-10T06:34:09Z,,"Eine 68-Jährige ist bei einem Parkunfall in Sulzbach an der Murr (Rems-Murr-Kreis) gestorben. Wie die Polizei mitteilte, wollte der gleichaltrige Ehemann der Frau am Mittwochnachmittag mit seinem Aut… [+303 chars]",,de,'Gas'
https://www.bild.de/leben-wissen/wohnen-living/waeschetrockner-welcher-typ-spart-ueber-jahre-rund-500-euro-6a9e8fbf181cb962d48869c4,https://www.bild.de/leben-wissen/wohnen-living/waeschetrockner-welcher-typ-spart-ueber-jahre-rund-500-euro-6a9e8fbf181cb962d48869c4,0,www.bild.de,Schnell und platzsparend - Lohnt sich ein Wäschetrockner für mich?,"Abluft, Kondens oder Wärmepumpe? Erfahren Sie, welcher Trockner zu Ihrem Haushalt passt und worauf Sie beim Kauf achten sollten.","https://images.bild.de/6a9e8fbf181cb962d48869c4/27dc3c16e94535338f78513af8b9f1bd-landscape,cdf2efdd?w=1280",2026-09-10T07:14:29Z,,"TTS-Player überspringenArtikel weiterlesenInsbesondere bei großen Wäschemengen kann das Trocknen schnell zur Geduldsprobe werden. Ein Wäschetrockner schafft Abhilfe. Er spart Platz, trocknet die Wäsc… [+2472 chars]",,de,'Wärmepumpe'
https://www.faz.net/aktuell/technik-motor/elektromobilitaet/kgm-musso-ev-wie-gut-ist-der-elektrische-pick-up-accg-201157026.html,https://www.faz.net/aktuell/technik-motor/elektromobilitaet/kgm-musso-ev-wie-gut-ist-der-elektrische-pick-up-accg-201157026.html,0,www.faz.net,KGM Musso im Test: Die Nachbarin mag das Nashorn,Pick-ups sieht man immer öfter im Straßenbild. Elektrischer Antrieb ist noch selten. Der KGM Musso EV setzt auf einen solchen. Taugt das arg eigene Fahrzeugkonzept auch für den Alltag jenseits der Baustelle?,https://media0.faz.net/image/w1200h627/3a0f87c172e2/w3842h2007x0y77o/202608/43601.0.2471505356/der-kgm-musso-ev-wirkt-auf-den.webp,2026-09-10T09:20:00Z,,"Die Nachbarin von links hält uns zunächst für Handwerker. Dann: Ich habe Sie ja gar nicht erkannt. Aber starkes Auto! Die von gegenüber stößt ins gleiche Horn. Tolles Teil, das will ich haben. Wir zä… [+8473 chars]",,de,'Tau'
https://www.welt.de/politik/deutschland/article6aa267224efdd38dc3e695ed/vor-scheich-besuch-obdachlosencamp-im-berliner-regierungsviertel-geraeumt.html,https://www.welt.de/politik/deutschland/article6aa267224efdd38dc3e695ed/vor-scheich-besuch-obdachlosencamp-im-berliner-regierungsviertel-geraeumt.html,0,www.welt.de,Vor Scheich-Besuch - Obdachlosencamp im Berliner Regierungsviertel geräumt,Der Staatsbesuch von Mohammed Bin Zayed sorgt für Einschränkungen in der Hauptstadt. Auch Obdachlose müssen weichen. Bundespräsident Steinmeier empfängt den Gast aus den Emiraten.,https://images.welt.de/6aa267224efdd38dc3e695ed/2d0670a0bc73085b0a263343c5e11f8c/ci16x9-w1200/618200002-1-jpg,2026-09-10T09:44:55Z,,"Der Staatsbesuch von Mohammed Bin Zayed sorgt für Einschränkungen in der Hauptstadt. Auch Obdachlose müssen weichen. Bundespräsident Steinmeier empfängt den Gast aus den Emiraten.Klicken Sie hier, um… [+3534 chars]",,de,'Wohnungslose'
https://www.focus.de/panorama/welt/skigebiet-in-tirol-will-bereits-am-26-september-oeffnen-sogar-eine-woche-frueher-als-voriges-jahr_a61db2ff-c410-4d7b-8c36-48288b439373.html,https://www.focus.de/panorama/welt/skigebiet-in-tirol-will-bereits-am-26-september-oeffnen-sogar-eine-woche-frueher-als-voriges-jahr_a61db2ff-c410-4d7b-8c36-48288b439373.html,0,www.focus.de,Skigebiet in Tirol will bereits am 26. September öffnen: „Sogar eine Woche früher als voriges Jahr”,"Am Kaunertaler Gletscher soll die Skisaison dieses Jahr außergewöhnlich früh starten. Möglich macht das ein Trick mit Schnee vom Vorjahr – während Berichte zeigen, wie dramatisch die Alpengletscher gerade schrumpfen.","https://quadro.burda-forward.de/ctf/377494c2-8be3-4581-a1ed-a283b61a4f3b.5d19a7b6-c74f-4a68-9d34-44f939b0c3c1.jpg?im=RegionOfInterestCrop=(1200,630),regionOfInterest=(1278,885)&hash=cb79a52cb9540ed83313fc9c1a7c8accaf5267775c143f0d6bfaf3f6b53926aa",2026-09-10T10:04:00Z,,"Am Kaunertaler Gletscher in Tirol soll die Wintersaison in diesem Jahr außergewöhnlich früh beginnen: Wir legen heuer am 26. September los, sogar eine Woche früher als voriges Jahr. Der Termin steht,… [+4860 chars]",,de,'Schnee'
https://www.zeit.de/news/2026-09/10/rund-zehn-prozent-weniger-wohnungslose-in-unterkuenften,https://www.zeit.de/news/2026-09/10/rund-zehn-prozent-weniger-wohnungslose-in-unterkuenften,0,www.zeit.de,Soziales: Rund zehn Prozent weniger Wohnungslose in Unterkünften,Hier finden Sie Informationen zu dem Thema „Soziales“. Lesen Sie jetzt „Rund zehn Prozent weniger Wohnungslose in Unterkünften“.,https://img.zeit.de/news/2026-09/10/rund-zehn-prozent-weniger-wohnungslose-in-unterkuenften-image-group/wide__1300x731,2026-09-10T10:37:42Z,,"Die Zahl der in Unterkünften untergebrachten wohnungslosen Menschen ist in Thüringen zurückgegangen. Anfang des Jahres waren 2.700 Menschen in Einrichtungen im Freistaat untergebracht, wie das Landes… [+1116 chars]",,de,'Wohnungslose'
https://www.sueddeutsche.de/muenchen/muenchen-chor-wohnungslose-einsamkeit-li.3541128,https://www.sueddeutsche.de/muenchen/muenchen-chor-wohnungslose-einsamkeit-li.3541128,0,www.sueddeutsche.de,Chor für Wohnungslose: Wo sich auch die Schüchternen trauen / Singen gegen die Einsamkeit,"Die Kraft der Musik: Der Strawanzer-Chor bringt Menschen zusammen, die eigentlich keine Gemeinsamkeiten haben. Um dabei zu sein, nimmt manch ein Teilnehmer einiges auf sich.",https://www.sueddeutsche.de/2026/09/08/d37cd665-398d-4b57-bedd-b5263e5b1476.jpg?q=60&fm=webp&width=1200&rect=0%2C210%2C4000%2C2250,2026-09-10T11:01:55Z,,"Die Tür steht offen, es riecht nach Kaffee, der Schokokuchen ist schon aufgeschnitten. Doch bevor er gegessen wird, wird gesungen im Mitmach Lab, in einem Raum der Münchner Stadtbibliothek im Motoram… [+272 chars]",,de,'Wohnungslose'
https://www.n-tv.de/panorama/Wenn-Helfer-Jahre-spaeter-erkranken-die-Folgen-von-9-11-id31277300.html,https://www.n-tv.de/panorama/Wenn-Helfer-Jahre-spaeter-erkranken-die-Folgen-von-9-11-id31277300.html,0,www.n-tv.de,Tausende Tote in New York: Wenn Helfer Jahre später erkranken - die Folgen von 9/11,"Am 11. September 2001 steht die Welt still. Flugzeuge fliegen in die Türme des New Yorker World Trade Centers, Tausende Menschen sterben. Viele weitere leiden bis heute an den Folgen.",https://www.n-tv.de/img/31277485/1788779050/Img_16_9/1200/617230990.jpg,2026-09-10T15:43:08Z,,"Tausende Tote in New YorkWenn Helfer Jahre später erkranken - die Folgen von 9/11
Vor 25 Jahren kam es in New York zur Katastrophe ungeahnten Ausmaßes. (Foto: dpa/AP/Julia Nikhinson)
Am 11. Septemb… [+6494 chars]",,de,'Tau'
https://www.diepresse.com/41251331/beim-landgang-in-der-antarktis-pinguine-streicheln-verboten,https://www.diepresse.com/41251331/beim-landgang-in-der-antarktis-pinguine-streicheln-verboten,0,www.diepresse.com,Beim Landgang in der Antarktis: Pinguine streicheln verboten [premium],"Mit dem Expeditionsschiff zur Antarktis: Keine Straßen, fast keine Politik – doch erstaunlich viele Vorschriften. Notizen aus einem gigantischen Nationalpark.",https://img.diepresse.com/public/incoming/9gbi5j-kajakjpg/alternates/WEBP_WIDE_1200/kajak.jpg,2026-09-10T17:52:04Z,,"Die MS Roald Amundsen stampft deutlich im Seegang, auch wenn sie aufgrund ihrer Stabilisatoren kaum rollt. Sie befindet sich im stürmischsten Seegebiet der Erde, der Drakepassage. Der Freibeuter Fran… [+10057 chars]",,de,'Not'
https://www.zeit.de/news/2026-09/11/preise-fuer-wohnungslosenprojekte-und-proteste,https://www.zeit.de/news/2026-09/11/preise-fuer-wohnungslosenprojekte-und-proteste,0,www.zeit.de,Obdachlosigkeit: Preise für Wohnungslosenprojekte und Proteste,Hier finden Sie Informationen zu dem Thema „Obdachlosigkeit“. Lesen Sie jetzt „Preise für Wohnungslosenprojekte und Proteste“.,https://img.zeit.de/news/2026-09/11/preise-fuer-wohnungslosenprojekte-und-proteste-image-group/wide__1300x731,2026-09-11T03:00:34Z,,"Auszeichnung drinnen, Protest draußen: Am Tag der wohnungslosen Menschen wird Bundespräsident Frank-Walter Steinmeier in Berlin-Kreuzberg als Ehrengast erwartet. Zeitgleich demonstriert vor der Kirch… [+1304 chars]",,de,'Wohnungslose'
https://www.tagesspiegel.de/berlin/dpa-obdachlosigkeit-16040806.html,https://www.tagesspiegel.de/berlin/dpa-obdachlosigkeit-16040806.html,0,www.tagesspiegel.de,Obdachlosigkeit: Preise für Wohnungslosenprojekte und Proteste,"Vor der Melanchthon-Kirche wird demonstriert, drinnen werden Projekte geehrt. Aktivisten und Politiker wollen am Tag der wohnungslosen Menschen auf Missstände aufmerksam machen.",https://www.tagesspiegel.de/images/16040805/alternates/BASE_16_9_W1400/1789095742000/preise-fur-wohnungslosenprojekte-und-proteste.jpeg,2026-09-11T03:02:22Z,,"Auszeichnung drinnen, Protest draußen: Am Tag der wohnungslosen Menschen wird Bundespräsident Frank-Walter Steinmeier in Berlin-Kreuzberg als Ehrengast erwartet. Zeitgleich demonstriert vor der Kirch… [+1356 chars]",,de,'Wohnungslose'
https://www.nzz.ch/fotografie/monatelang-allein-im-schnee-patagoniens-verschwindende-gauchos-ld.10016090,https://www.nzz.ch/fotografie/monatelang-allein-im-schnee-patagoniens-verschwindende-gauchos-ld.10016090,0,www.nzz.ch,BILDSTRECKE - Monatelang allein im Schnee: Patagoniens verschwindende Gauchos,"Am äussersten Südzipfel Chiles, in der Region Magallanes, hüten Landarbeiter monatelang in weitgehender Isolation riesige Schafherden. Der Fotograf Pie Aerts hat die Puesteros sechs Jahre lang begleitet.","https://img-msp-prod.nzz.ch/2026/07/21/650190a7-ca7d-43a1-af0f-c0ea69df714b.jpg?width=1200&height=675&fit=bounds&quality=75&auto=webp&crop=6830,3842,x0,y610&wmark=nzz",2026-09-11T03:30:00Z,,"Die meisten dieser Männer haben ihr Leben auf Land verbracht, das ihnen nie gehört hat. Puesteros werden die Gauchos hier genannt, nach den Puestos, den einsamen Aussenposten der Schaffarmen, auf den… [+3431 chars]",,de,'Schnee'
https://www.autobild.de/artikel/gebrauchte-allrad-kombis-bis-7500-euro-28131379.html,https://www.autobild.de/artikel/gebrauchte-allrad-kombis-bis-7500-euro-28131379.html,0,www.autobild.de,Audi A6 allroad & Co.: Diese Allrad-Kombis gibt es bis 7500 Euro,"Bevor Crossover die Straßen eroberten, waren allroad, Scout, Outback und Cross Country die erste Wahl für Schnee, Anhänger und schlechte Wege. Diese vier Allrad-Kombis gibt es heute für weniger als 8000 Euro.",https://i.auto-bild.de/ir_img/3/9/5/6/0/1/9/Audi-A6-allroad---Co---Allrad-Kombis-unter-8000-Euro-2869-1162x654-fd9dcdd641ccc872.jpg?impolicy=og_images,2026-09-11T04:00:00Z,,Wie viel ist mein Auto wert? Kostenlose Autobewertung,,de,'Schnee'
https://www.zeit.de/wirtschaft/2026-09/gaspreise-grosshandel-gasspeicher-iran-gasversorgung,https://www.zeit.de/wirtschaft/2026-09/gaspreise-grosshandel-gasspeicher-iran-gasversorgung,0,www.zeit.de,Gaspreise: Vergleichsportal warnt vor weiter steigenden Gaspreisen,Verivox erwartet Preiserhöhungen beim Gas zwischen zehn und 20 Prozent zum Jahreswechsel. Schuld daran seien auch die niedrigen Füllstände der Gasspeicher.,https://img.zeit.de/wirtschaft/2026-09/enviam-bild/wide__1300x731,2026-09-12T01:55:31Z,,"Das Vergleichsportal Verivox rechnet mit einem weiteren deutlichen Anstieg der Gaspreise für private Haushalte. »Aufgrund der aktuell stark angestiegenen Großhandelspreise für Gas, dem geringen Fülls… [+2077 chars]",,de,'Gas'
https://www.n-tv.de/wirtschaft/Verivox-Gaspreise-koennten-um-20-Prozent-steigen-id31297767.html,https://www.n-tv.de/wirtschaft/Verivox-Gaspreise-koennten-um-20-Prozent-steigen-id31297767.html,0,www.n-tv.de,Im kommenden Winter: Verivox: Gaspreise könnten um 20 Prozent steigen,Die Betreiber der deutschen Gas-Speicher warnen vor knappen Füllständen im Falle eines sehr kalten Winters. Aber auch die Gaspreise ziehen infolge des Iran-Kriegs stark an. Verivox zufolge dürften Privatkunden das bis zum Jahreswechsel im Portemonnaie spüren.,https://www.n-tv.de/img/31297782/1789172151/Img_16_9/1200/611369708.jpg,2026-09-12T02:23:41Z,,"Der Großhandelspreis in Europa ist nach Angriffen im Iran in dieser Woche auf den höchsten Wert seit mehr als dreieinhalb Jahren gestiegen. (Foto: picture alliance / photothek.de)
Die Betreiber der … [+2355 chars]",,de,'Gas'
https://www.zeit.de/news/2026-09/12/behoerde-gasspeicher-koennten-schon-jetzt-fuer-winter-reichen,https://www.zeit.de/news/2026-09/12/behoerde-gasspeicher-koennten-schon-jetzt-fuer-winter-reichen,0,www.zeit.de,Bald beginnt die Heizperiode: Behörde: Gasspeicher könnten schon jetzt für Winter reichen,Hier finden Sie Informationen zu dem Thema „Bald beginnt die Heizperiode“. Lesen Sie jetzt „Behörde: Gasspeicher könnten schon jetzt für Winter reichen“.,https://img.zeit.de/news/2026-09/12/behoerde-gasspeicher-koennten-schon-jetzt-fuer-winter-reichen-image-group/wide__1300x731,2026-09-12T03:05:05Z,,"Die Bundesnetzagentur ist Bedenken entgegengetreten, dass Deutschlands Gasspeicher in diesem Winter nicht ausreichen könnten für die Gasversorgung. «Wir haben jetzt schon etwas mehr Gas in den Speich… [+2475 chars]",,de,'Gas'
https://www.tagesspiegel.de/wirtschaft/dpa-bald-beginnt-die-heizperiode-16044654.html,https://www.tagesspiegel.de/wirtschaft/dpa-bald-beginnt-die-heizperiode-16044654.html,0,www.tagesspiegel.de,Bald beginnt die Heizperiode: Behörde: Gasspeicher könnten schon jetzt für Winter reichen,"Der Herbst naht, bald brauchen Millionen Haushalte wieder viel mehr Gas für ihre Heizung. Doch Deutschlands Gasspeicher sind nicht allzu voll. Die Bundesnetzagentur teilt die Bedenken nicht.",https://www.tagesspiegel.de/images/16044653/alternates/BASE_16_9_W1400/1789182380000/gasspeicher-etzel.jpeg,2026-09-12T03:06:20Z,,"Die Bundesnetzagentur ist Bedenken entgegengetreten, dass Deutschlands Gasspeicher in diesem Winter nicht ausreichen könnten für die Gasversorgung. Wir haben jetzt schon etwas mehr Gas in den Speiche… [+2135 chars]",,de,'Heizung'
https://www.nzz.ch/wissenschaft/maiswuesten-oder-fracking-deutschland-sucht-verzweifelt-nach-mehr-gas-ld.10009763,https://www.nzz.ch/wissenschaft/maiswuesten-oder-fracking-deutschland-sucht-verzweifelt-nach-mehr-gas-ld.10009763,0,www.nzz.ch,Maiswüsten oder Fracking: Deutschland sucht verzweifelt nach mehr Gas,"Gas als Energieträger wird knapp, gleichzeitig soll in Deutschland – wie in der Schweiz – immer mehr Biomethan in das Netz eingespeist werden. Doch woher soll das kommen?","https://img-msp-prod.nzz.ch/2026/08/03/7b9071a9-f5e2-44fd-884a-46fbce7b439e.jpg?width=1200&height=675&fit=bounds&quality=75&auto=webp&crop=4593,2584,x0,y373&wmark=nzz",2026-09-12T03:30:00Z,,"Gas als Energieträger wird knapp, gleichzeitig soll in Deutschland  wie in der Schweiz  immer mehr Biomethan in das Netz eingespeist werden. Doch woher soll das kommen?
Andreas Frey12.09.2026, 05.30… [+9795 chars]",,de,'Gas'
https://www.tagesspiegel.de/wirtschaft/bis-zu-20-prozent-zum-jahreswechsel-moglich-experten-warnen-bei-gas-vor-preisschock-fur-verbraucher-16044805.html,https://www.tagesspiegel.de/wirtschaft/bis-zu-20-prozent-zum-jahreswechsel-moglich-experten-warnen-bei-gas-vor-preisschock-fur-verbraucher-16044805.html,0,www.tagesspiegel.de,„Bis zu 20 Prozent zum Jahreswechsel möglich“: Experten warnen bei Gas vor Preisschock für Verbraucher,Die Gasspeicher sind relativ gering gefüllt und wegen des Iran-Kriegs liegen die Energiekosten schon hoch. Und es könnte noch teurer werden. Die zuständige Behörde sieht die Versorgung aber nicht gefährdet.,https://www.tagesspiegel.de/images/16044808/alternates/BASE_16_9_W1400/1789196880000/erdgasleitung.jpeg,2026-09-12T07:28:39Z,,Seit mehr als sechs Monaten tobt der Krieg im Nahen Osten. Die Auswirkungen des Konflikts zwischen den USA und Israel auf der einen und dem Iran auf der anderen Seite spüren auch die Verbraucher im W… [+4476 chars],,de,'Gas'
https://www.zeit.de/wirtschaft/2026-09/strom-gas-tarif-wechsel-verbrauch-kosten-vergleich,https://www.zeit.de/wirtschaft/2026-09/strom-gas-tarif-wechsel-verbrauch-kosten-vergleich,0,www.zeit.de,Strom- und Gastarif: Wie Sie jetzt den günstigsten Strom- und Gasvertrag finden,"Gaspreis hoch, Strompreis schwankend: Ob es sich lohnt, jetzt den Stromanbieter zu wechseln, hängt vom Vertrag und vom Verbrauch ab. Worauf Sie jetzt achten sollten.",https://img.zeit.de/wirtschaft/2026-09/strom-gas-tarif-wechsel-verbrauch-kosten-vergleich-bild/wide__1300x731,2026-09-12T07:51:56Z,,"Schließen
Artikelzusammenfassung
Steigende Energiepreise machen den Winter zur Kostenfrage. Der Artikel rät zunächst nicht pauschal zum Wechsel, sondern vor allem Kunden in der Grundversorgung, nac… [+1038 chars]",,de,'Gas'
https://wien.orf.at/stories/3370863/,https://wien.orf.at/stories/3370863/,0,wien.orf.at,Illegales Glücksspiel aufgedeckt,Bei einer Schwerpunktaktion gegen illegales Glücksspiel sind am Donnerstag etliche Verstöße aufgedeckt worden. In mehreren Bezirken wurden verbotene Glücksspielautomaten beschlagnahmt sowie illegale Strom- und Gasbezüge unterbrochen.,https://ibs.orf.at/wie?image=https%3A%2F%2Foekastatic.orf.at%2Fmims%2F2026%2F37%2F81%2Fcrops%2Fw%3D1200%2Ch%3D627%2Cq%3D75%2F3180273_master_1233281_2026-09-12-gluecksspiel-3-jpg.jpg%3Fs%3Dc49f3d69d56a5e8228c1b0ea78d6c7ac3994b3d1,2026-09-12T08:50:22Z,,"Die Gruppe Sofortmaßnahmen und die Finanzpolizei kontrollierten Lokale und eine Wohnung in Ottakring, Hernals und Rudolfsheim-Fünfhaus. Dabei kam es zu Anzeigen und einer Festnahme, heißt es in einer… [+1163 chars]",,de,'Gas'
https://www.tagesschau.de/wirtschaft/verbraucher/gas-speicher-preise-102.html,https://www.tagesschau.de/wirtschaft/verbraucher/gas-speicher-preise-102.html,0,www.tagesschau.de,Bundesnetzagentur stellt klar - Gasspeicher sind ausreichend gefüllt,"Im kommenden Winter brauchen Millionen Haushalte wieder Gas für ihre Heizung - und die Sorge ist groß, dass dieses Jahr nicht genug Gas eingespeichert wurde. Die Bundesnetzagentur gibt nun Entwarnung: Die Speicher seien voll genug. Doch die Preise könnten ste…",https://images.tagesschau.de/image/0173b96b-ffef-419e-afcf-6e7714cce86c/AAABoJXHNdk/AAABnSSvrFg/16x9-big/gasspeicher-278.jpg?width=1280,2026-09-12T13:20:55Z,,"Stand: 12.09.2026 15:20 Uhr
Im kommenden Winter brauchen Millionen Haushalte wieder Gas für ihre Heizung - und die Sorge ist groß, dass dieses Jahr nicht genug Gas eingespeichert wurde. Die Bundesne… [+1508 chars]",,de,'Heizung'
https://www.focus.de/finanzen/spanier-wohnt-in-100-jahre-altem-steinhaus-fuer-den-strom-nutze-ich-ein-tragbares-stromaggregat-das-etwa-1800-euro-kostet-und-sich-in-vier-jahren-amortisiert-da-ich-nur-35-euro-im-monat-ausgebe_aad33bd3-d6c6-4130-a445-dde7397f003e.html,https://www.focus.de/finanzen/spanier-wohnt-in-100-jahre-altem-steinhaus-fuer-den-strom-nutze-ich-ein-tragbares-stromaggregat-das-etwa-1800-euro-kostet-und-sich-in-vier-jahren-amortisiert-da-ich-nur-35-euro-im-monat-ausgebe_aad33bd3-d6c6-4130-a445-dde7397f003e.html,0,www.focus.de,"Spanier wohnt in 100 Jahre altem Steinhaus: „Für den Strom nutze ich ein tragbares Stromaggregat, das etwa 1800 Euro kostet und sich in vier Jahren amortisiert, da ich nur 35 Euro im Monat ausgebe“","Der Spanier Iker lebt mit seiner Familie in einem alten Steinhaus in den Bergen. Mit Solarstrom, Gas und Holz senkt er seine Energiekosten deutlich.","https://quadro.burda-forward.de/ctf/098b1e60-807c-414d-9bb9-11fc82e51414.432f9a46-6268-4dd3-9140-46b679cb8a25.png?im=RegionOfInterestCrop=(1200,630),regionOfInterest=(1151,586)&hash=2205c659ce7a1ec89a3cb7b4d919136c006ae5b71b30b270de457b83b838d778",2026-09-13T06:51:00Z,,"Iker lebt mit seiner Partnerin Rosa und ihrer kleinen Tochter in einem 100 bis 200 Jahre alten Steinhaus im Norden Navarras, einer Region im spanischen Baskenland. Das abgelegene Gebäude ist nicht an… [+3809 chars]",,de,'Energiekosten'
https://ooe.orf.at/stories/3370947/,https://ooe.orf.at/stories/3370947/,0,ooe.orf.at,Bergrettung im Dauereinsatz,"Auf dem Traunstein hat es am Samstag innerhalb von zwei Stunden zwei Einsätze der Bergrettung gegeben. Eine 44-jährige Bergsteigerin stürzte beim Abstieg rund 20 Meter ab, später verletzte ein Steinschlag einen Kletterer. Beide wurden mit dem Notarzthubschrau…",https://ibs.orf.at/ooe?image=https%3A%2F%2Foekastatic.orf.at%2Fmims%2F2026%2F38%2F22%2Fcrops%2Fw%3D1200%2Ch%3D627%2Cq%3D75%2F3181097_master_1233622_traunstein_1.jpg%3Fs%3De573d8e3cd848243ea9f206ef209181c66a4bcf7,2026-09-13T07:42:56Z,,Eine 44-Jährige aus dem Bezirk Salzburg-Umgebung war laut Polizei mit ihrem 45-jährigen Ehemann und zwei weiteren Personen auf einer Bergtour am Traunstein unterwegs. Die Gruppe hatte im Traunsteinha… [+1111 chars],,de,'Not'
https://www.zeit.de/news/2026-09/13/gas-und-bremse-verwechselt-transporter-landet-in-bach,https://www.zeit.de/news/2026-09/13/gas-und-bremse-verwechselt-transporter-landet-in-bach,0,www.zeit.de,Unfall am Samstag: Gas und Bremse verwechselt: Transporter landet in Bach,Hier finden Sie Informationen zu dem Thema „Unfall am Samstag“. Lesen Sie jetzt „Gas und Bremse verwechselt: Transporter landet in Bach“.,https://img.zeit.de/news/2026-09/13/gas-und-bremse-verwechselt-transporter-landet-in-bach-image-group/wide__1300x731,2026-09-13T10:00:11Z,,"Ein Rangiermanöver hat in Klingenberg am Main im unterfränkischen Landkreis Miltenberg ein spektakuläres Ende gefunden: Ein Transporter durchbrach ein Metallgeländer, stürzte über eine Mauer etwa vie… [+1079 chars]",,de,'Gas'
https://www.china-gadgets.de/midea-h-pack-waermepumpe/,https://www.china-gadgets.de/midea-h-pack-waermepumpe/,0,www.china-gadgets.de,Midea H-Pack: Nach der PortaSplit kommt die Wärmepumpe OHNE Außengerät – der nächste große Wurf?,"Nach dem Erfolg der PortaSplit zeigt Midea die Midea H-Pack: Eine 5-kW-Wärmepumpe ohne Außengerät, die sich ideal als Hybrid-Lösung für den Altbau eignet.

 
 

Link kopiert


Der Beitrag Midea H-Pack: Nach der PortaSplit kommt die Wärmepumpe OHNE Außengerä…",https://www.china-gadgets.de/app/uploads/2026/09/H-Pack-Aufmacher2.webp,2026-09-13T13:00:59Z,,"Nachdem Midea mit der mobilen Split-Klimaanlage PortaSplit bereits einen echten Volltreffer für Mietwohnungen und Eigenheime gelandet hat, legt der Hersteller im Heizungsbereich nach. Die Midea H-Pac… [+6444 chars]",,de,'Wärmepumpe'
https://www.tagesschau.de/wirtschaft/verbraucher/kupferpreis-rekordhoch-strom-verbraucher-100.html,https://www.tagesschau.de/wirtschaft/verbraucher/kupferpreis-rekordhoch-strom-verbraucher-100.html,0,www.tagesschau.de,Kupferpreis auf Rekordhoch: Warum es für Verbraucher teuer werden könnte,"Kupfer kostet so viel wie nie. US-Zollsorgen, KI, Stromnetze und E-Autos treiben den Kupferpreis. Wo der Preisschub für Verbraucher spürbar werden könnte - vom Bauen bis zur Stromrechnung. Von Angela Göpfert.",https://images.tagesschau.de/image/ea6df631-ddcf-4391-9b9a-0d759d1dd95a/AAABoIqcsaY/AAABnSSvrFg/16x9-big/kupfer-124.jpg?width=1280,2026-09-13T13:03:38Z,,"Stand: 13.09.2026 15:03 Uhr
Kupfer kostet so viel wie nie. US-Zollsorgen, KI, Stromnetze und E-Autos treiben den Kupferpreis. Wo der Preisschub für Verbraucher spürbar werden könnte - vom Bauen bis … [+6060 chars]",,de,'Wärmepumpe'
https://wien.orf.at/stories/3371005/,https://wien.orf.at/stories/3371005/,0,wien.orf.at,Wiener Landwirtschaft im Wandel,In Wien ist an diesem Wochenende die heimische Landwirtschaft gefeiert worden: Auf dem Heldenplatz fand das große Erntedankfestival statt. Die Wiener Landwirtschaft veränderte sich in den vergangenen Jahren stark: Es gibt weniger Betriebe und Fläche.,https://ibs.orf.at/wie?image=https%3A%2F%2Foekastatic.orf.at%2Fmims%2F2026%2F38%2F44%2Fcrops%2Fw%3D1200%2Ch%3D627%2Cq%3D75%2F3181655_master_1233844_landwirtschaft.jpg%3Fs%3Dbd2cb5dccad2fa3d92cc439c09c5806d415a9339,2026-09-13T15:01:19Z,,"Dennoch werfen manchen Produkten deutlich mehr Ernte ab. Besonders deutlich zeigt sich dieser Strukturwandel im Wiener Gartenbau. 2010 gab es noch 263 Gartenbaubetriebe in der Stadt, zehn Jahre späte… [+2351 chars]",,de,'Landwirtschaft'
https://www.prnewswire.com/news-releases/shanghai-electric-sichert-sich-ersten-auftrag-fur-eine-schwerlast-gasturbine-im-ausland-fur-ein-500-mw-projekt-in-malaysia-302876309.html,https://www.prnewswire.com/news-releases/shanghai-electric-sichert-sich-ersten-auftrag-fur-eine-schwerlast-gasturbine-im-ausland-fur-ein-500-mw-projekt-in-malaysia-302876309.html,0,www.prnewswire.com,Shanghai Electric sichert sich ersten Auftrag für eine Schwerlast-Gasturbine im Ausland für ein 500-MW-Projekt in Malaysia,"SHANGHAI,/PRNewswire/ -- Shanghai Electric (SEHK: 02727, SSE: 601727) hat mit dem Zuschlag für Block 3 des Sarawak-Samalaju-Gas- und Dampfturbinenkraftwerksprojekts (CCGT) in Malaysia einen Meilenstein im High-End-Energiesektor im Ausland erreicht. Dieser Auf…",https://mmx.prnewswire.com/media/MS1986237/20260910213333EDT_image_1.jpg?id=OA2942881&p=facebook,2026-09-14T00:00:00Z,,"SHANGHAI,/PRNewswire/ -- Shanghai Electric (SEHK: 02727, SSE: 601727) hat mit dem Zuschlag für Block 3 des Sarawak-Samalaju-Gas- und Dampfturbinenkraftwerksprojekts (CCGT) in Malaysia einen Meilenste… [+2061 chars]",,de,'Gas'
https://ooe.orf.at/stories/3371022/,https://ooe.orf.at/stories/3371022/,0,ooe.orf.at,Dürre setzt Hopfenernte stark zu,Die Hopfenernte im Mühlviertel fällt dieses Jahr wegen Hitze und Dürre deutlich geringer aus. Der Ertrag der Hopfenbaugenossenschaft liegt rund 40 Prozent unter dem Durchschnitt. Für die kommenden Jahre sei eine Anpassung an den Klimawandel dringend nötig. Be…,https://ibs.orf.at/ooe?image=https%3A%2F%2Foekastatic.orf.at%2Fmims%2F2025%2F33%2F90%2Fcrops%2Fw%3D1200%2Ch%3D627%2Cq%3D75%2F2728292_master_1050790_loeschen_250810_ooeh_v1_engerlinge_und_hopfen_00_00_44_24.jpg%3Fs%3D9fc61dd396b70900a1004fafd09b8c89001dfd22,2026-09-14T03:21:15Z,,"Stefan Hofer, Obmann der Mühlviertler Hopfenbaugenossenschaft, zieht eine ernüchternde Bilanz der diesjährigen Hopfenernte. Die Hitze und die Dürre haben uns stark zugesetzt. Ich habe zum Teil Pflanz… [+1420 chars]",,de,'Dürre'
https://www.basicthinking.de/blog/2026/09/14/vehicle-to-load/,https://www.basicthinking.de/blog/2026/09/14/vehicle-to-load/,0,www.basicthinking.de,Vehicle-to-Load: So nutzt du dein E-Auto als Powerbank,"Der Beitrag Vehicle-to-Load: So nutzt du dein E-Auto als Powerbank erschien zuerst beim Online-Magazin BASIC thinking. Über unseren Newsletter UPDATE startest du jeden Morgen bestens informiert in den Tag.
Durch das Vehicle-to-Load-Prinzip werden Elektroautos…",https://www.basicthinking.de/blog/wp-content/uploads/2026/09/vehicle-to-load.jpg,2026-09-14T03:45:23Z,,Durch das Vehicle-to-Load-Prinzip werden Elektroautos zur fahrenden Powerbank. Vor allem beim Camping und bei der Arbeit an abgelegenen Orten oder im Notfall kann das nützlich sein. Doch wie funktion… [+5416 chars],,de,'E-Auto'
https://tirol.orf.at/stories/3371033/,https://tirol.orf.at/stories/3371033/,0,tirol.orf.at,Hechenberger fordert weitere Wolfsabschüsse,In Österreich sind heuer 26 Wölfe geschossen worden. Das waren so viele wie noch nie. Der Präsident der Tiroler Landwirtschaftskammer sprach sich am Sonntag in der ZIB-2 für die weitere Entnahme von Wölfen aus. Ohne Abschüsse sei kein ausreichender Schutz für…,https://ibs.orf.at/tir?image=https%3A%2F%2Foekastatic.orf.at%2Fmims%2F2026%2F24%2F37%2Fcrops%2Fw%3D1200%2Ch%3D627%2Cq%3D75%2F3066764_master_1187237_handoutarchivbild_sperrfrist_bis_25.05.26_1700_uhr_goldschakale_beziehen_bevorzugt_wolfsfreie_reviere_.jpg%3Fs%3Dbafaafce7e51a02d6b9d5e8c630805a5495b2940,2026-09-14T06:07:47Z,,Wolfsrudel gibt es derzeit vor allem im nördlichen Nieder- und Oberösterreich sowie im Süden von Österreich. Viele Einzeltiere finden sich in Kärnten und Tirol. Weil Wölfe immer wieder Nutztiere reiß… [+2900 chars],,de,'Landwirtschaft'
https://www.zeit.de/wirtschaft/2026-09/zahlungsrueckstaende-energie-strom-gas-haushalte-mieter-nebenkosten-gxe,https://www.zeit.de/wirtschaft/2026-09/zahlungsrueckstaende-energie-strom-gas-haushalte-mieter-nebenkosten-gxe,0,www.zeit.de,Energie: Millionen Deutsche haben Zahlungsrückstände bei Versorgungsbetrieben,Viele Menschen in Deutschland kommen mit dem Begleichen ihrer Strom- und Gasrechnungen nicht hinterher. Besonders betroffen sind laut Statistikern Mieter.,https://img.zeit.de/gesellschaft/zeitgeschehen/2026-09/zahlungsrueckstaende-energie-strom-gas-haushalte-mieter-nebenkosten-foto-1/wide__1300x731,2026-09-14T06:59:47Z,,"Rund 3,8 Millionen Menschen in Deutschland hatten im vergangenen Jahr Probleme, ihre Strom- und Gasrechnungen fristgerecht zu bezahlen. Dies entspreche einem Anteil von 4,6 Prozent der Bevölkerung, t… [+1471 chars]",,de,'Gas'
https://www.zeit.de/news/2026-09/14/millionen-haushalte-koennen-strom-und-gas-nicht-bezahlen,https://www.zeit.de/news/2026-09/14/millionen-haushalte-koennen-strom-und-gas-nicht-bezahlen,0,www.zeit.de,Energiekosten: Millionen Haushalte können Strom und Gas nicht bezahlen,Hier finden Sie Informationen zu dem Thema „Energiekosten“. Lesen Sie jetzt „Millionen Haushalte können Strom und Gas nicht bezahlen“.,https://img.zeit.de/news/2026-09/14/millionen-haushalte-koennen-strom-und-gas-nicht-bezahlen-image-group/wide__1300x731,2026-09-14T08:28:00Z,,"Hohe Strom- und Gaspreise übersteigen bei Millionen Haushalten in Deutschland die finanziellen Möglichkeiten. Etwa 3,8 Millionen Menschen hierzulande lebten im Jahr 2025 nach eigenen Angaben in Haush… [+1376 chars]",,de,'Gas'
https://www.tagesspiegel.de/wirtschaft/dpa-energiekosten-16049318.html,https://www.tagesspiegel.de/wirtschaft/dpa-energiekosten-16049318.html,0,www.tagesspiegel.de,Energiekosten: Millionen Haushalte können Strom und Gas nicht bezahlen,Viele Menschen geraten bei Strom- und Gasrechnungen in Zahlungsverzug. Das Preisniveau bleibt hoch und die Energiekosten sind nicht die einzige finanzielle Herausforderung für Privathaushalte.,https://www.tagesspiegel.de/images/16049317/alternates/BASE_16_9_W1400/1789374558000/strom.jpeg,2026-09-14T08:29:17Z,,"Hohe Strom- und Gaspreise übersteigen bei Millionen Haushalten in Deutschland die finanziellen Möglichkeiten. Etwa 3,8 Millionen Menschen hierzulande lebten im Jahr 2025 nach eigenen Angaben in Haush… [+1432 chars]",,de,'Energiekosten'
https://www.n-tv.de/wirtschaft/Bundesregierung-kann-kuenftige-Gruengaspreise-nicht-abschaetzen-id31302819.html,https://www.n-tv.de/wirtschaft/Bundesregierung-kann-kuenftige-Gruengaspreise-nicht-abschaetzen-id31302819.html,0,www.n-tv.de,Baustein im Heizungsgesetz: Bundesregierung kann künftige Grüngaspreise nicht abschätzen,"Schwarz-Rot dreht das Heizungsgesetz der Ampel wieder zurück. Weniger Verbote, dafür wieder mehr Einsatz von Gas, so die Idee. Das soll immer öfter grünen Ursprungs sein. Dabei gibt es allerdings ein gravierendes Problem.",https://www.n-tv.de/img/31302835/1789379216/Img_16_9/1200/614300449.jpg,2026-09-14T08:30:44Z,,"Bis 2045 soll das Heizen in Deutschland auf grüne Biogase umgestellt werden. Ob die aber in ausreichendem Maße vorhanden sein werden, weiß die Bundesregierung nicht. (Foto: picture alliance / imageBR… [+2791 chars]",,de,'Heizung'
https://www.diepresse.com/41260157/83-75-euro-pro-mwh-europaeischer-gaspreis-auf-hoechstem-stand-seit-2022,https://www.diepresse.com/41260157/83-75-euro-pro-mwh-europaeischer-gaspreis-auf-hoechstem-stand-seit-2022,0,www.diepresse.com,"83,75 Euro pro MWh: Europäischer Gaspreis auf höchstem Stand seit 2022 E",Der europäische Gaspreis hat sich in diesem Jahr bereits fast verdreifacht. In Österreich sind die Gasspeicher derzeit zu knapp 67 Prozent gefüllt.,https://img.diepresse.com/public/incoming/n967hb-imagost0820095500010170976309jpg/alternates/WEBP_WIDE_1200/imago_st_0820_09550001_0170976309.jpg,2026-09-14T08:39:02Z,,"Die Presse auf Google als bevorzugte Nachrichtenquelle hinzufügen.
 Der Preis für europäisches Erdgas ist am Montag wegen Angebotssorgen durch Lieferausfälle aus den Fördergebieten am Persischen Gol… [+2757 chars]",,de,'Gas'
https://orf.at/stories/3442131/,https://orf.at/stories/3442131/,0,orf.at,Simulation: Gaspreisschock wirkt sich in EU unterschiedlich aus,,https://orf.at/mojo/1_4_1/storyserver//news/common/images/og-fallback-news.png,2026-09-14T11:00:30Z,,Die Mitgliedsstaaten der EU sind auf die Auswirkungen eines potenziellen drastischen Anstiegs der weltweiten Gaspreise unterschiedlich gut vorbereitet. Das zeigt eine aktuelle Simulation im Rahmen ei… [+1452 chars],,de,'Gas'
https://stadt-bremerhaven.de/volkswagen-vw-praesentiert-mission-efficiency-e-auto-mit-extrem-niedrigem-verbrauch/,https://stadt-bremerhaven.de/volkswagen-vw-praesentiert-mission-efficiency-e-auto-mit-extrem-niedrigem-verbrauch/,0,stadt-bremerhaven.de,Volkswagen (VW) präsentiert „Mission Efficiency“: E-Auto mit extrem niedrigem Verbrauch,"Volkswagen (VW) hat ein Konzept vorgestellt, das manche Leser aufhorchen lassen könnte. So gibt es hier in den Kommentaren ja immer wieder Debatten über die Reichweite...Zum Beitrag: Volkswagen (VW) präsentiert „Mission Efficiency“: E-Auto mit extrem niedrige…",https://stadt-bremerhaven.de/wp-content/uploads/2026/09/Volkswagen-Effizienz-scaled.webp,2026-09-14T11:30:29Z,,"Bild: Volkswagen AG
Volkswagen (VW) hat ein Konzept vorgestellt, das manche Leser aufhorchen lassen könnte. So gibt es hier in den Kommentaren ja immer wieder Debatten über die Reichweite von Elektr… [+3566 chars]",,de,'E-Auto'
https://www.sueddeutsche.de/wirtschaft/uniper-opal-pipeline-privatisierung-unipro-li.3547127,https://www.sueddeutsche.de/wirtschaft/uniper-opal-pipeline-privatisierung-unipro-li.3547127,0,www.sueddeutsche.de,Kritische Infrastruktur: Wieso Deutschlands größter Gaskonzern erneut schrumpft,"Das Energieunternehmen Uniper trennt sich von einer Pipeline, die einst russisches Gas transportierte. Die Firma hat schon diverse Geschäfte verkauft – aber nicht freiwillig.",https://www.sueddeutsche.de/2026/09/14/32b332cd-9a19-4b70-8149-3d1943bc4eea.jpg?q=60&fm=webp&width=1200&rect=0%2C209%2C4000%2C2250,2026-09-14T12:14:16Z,,"Der Opal ist ein Edelstein, zugleich ist es die Abkürzung für eine wichtige Gaspipeline. Die verläuft über 470 Kilometer von der deutschen Ostseeküste nach Tschechien. Früher hat die Röhre russisches… [+382 chars]",,de,'Gas'
https://www.tagesspiegel.de/politik/gasspeicher-halb-leer-tanken-immer-teurer-muss-die-bundesregierung-wieder-eingreifen-16049152.html,https://www.tagesspiegel.de/politik/gasspeicher-halb-leer-tanken-immer-teurer-muss-die-bundesregierung-wieder-eingreifen-16049152.html,0,www.tagesspiegel.de,"Gasspeicher halb leer, Tanken immer teurer: Muss die Bundesregierung wieder eingreifen?","Der Preisschock an den Zapfsäulen ist zurück, Gas wird immer teurer und deshalb bald auch der Strom? Der Handlungsdruck auf Union und SPD wird immer größer. Welche Optionen sie hat und wer blockiert.",https://www.tagesspiegel.de/images/16050924/alternates/BASE_16_9_W1400/1789387640000/milhad-nacaxewguji-unsplash-b.jpeg,2026-09-14T12:26:11Z,,"Nach der Straße von Hormus braut sich jetzt auch am Bab al-Mandab, der Einfahrt zum Roten Meer, Ungemach zusammen. Am Freitag eroberte die Huthi-Miliz die in der Meerenge gelegene Insel Majun. Die Fo… [+335 chars]",,de,'Gas'
https://www.faz.net/aktuell/rhein-main/region-und-hessen/rheinhessische-weinkoenigin-sophia-heidenreich-in-ingelheim-gewaehlt-accg-201224467.html,https://www.faz.net/aktuell/rhein-main/region-und-hessen/rheinhessische-weinkoenigin-sophia-heidenreich-in-ingelheim-gewaehlt-accg-201224467.html,0,www.faz.net,Wahl in Rheinhessen: Neue Weinkönigin will Lehrerin werden,Rheinhessen hat drei neuen Majestäten die Krone aufgesetzt. Ein Jahr lang sollen sie nun Werbung für Wein und Winzer aus dem „Land der 1000 Hügel“ machen.,https://media0.faz.net/image/w1200h627/dcffb1f0243a/w6564h3429x384y783o/202609/26564985-48a8-4241-808e-e27231f48a81/majestaetisch-die-neue.webp,2026-09-14T12:35:58Z,,Die Herrschaft der rheinhessischen Weinmajestäten ist stets auf ein Jahr begrenzt. Daher müssen die am Samstag in Ingelheim gekrönten Würdenträgerinnen die 24 Jahre alte Weinkönigin Sophia Heidenreic… [+2941 chars],,de,'Wein'
https://www.derstandard.at/story/3000000339704/was-kosten-lebensmittel-die-rechnung-der-duerre-kommt-erst,https://www.derstandard.at/story/3000000339704/was-kosten-lebensmittel-die-rechnung-der-duerre-kommt-erst,0,www.derstandard.at,Was kosten Lebensmittel? Die Rechnung der Dürre kommt erst,Die Preise für Lebensmittel im Supermarkt erzählen nur einen Teil der Geschichte. Österreichs Biolandwirtschaft warnt angesichts der Klimakapriolen vor hohen Folgekosten des Ernährungssystems,https://i.ds.at/wdy_Xw/rs:fill:1200:600/plain/lido-images/2026/08/14/281f0304-7c9f-4e2c-b1d7-050a1ae428e4.jpg,2026-09-14T14:42:55Z,,"Sie entscheiden darüber, wie Sie unsere Inhalte nutzen wollen. Ihr Gerät erlaubt uns derzeit leider nicht, die entsprechenden Optionen anzuzeigen.
Bitte deaktivieren Sie sämtliche Hard- und Software… [+180 chars]",,de,'Dürre'
https://www.derstandard.at/story/3000000339638/der-naechste-unverbindliche-fahrplan-wir-muessen-in-die-gaenge-kommen,https://www.derstandard.at/story/3000000339638/der-naechste-unverbindliche-fahrplan-wir-muessen-in-die-gaenge-kommen,0,www.derstandard.at,Der nächste unverbindliche Fahrplan? Wir müssen in die Gänge kommen,In knapp eineinhalb Jahren soll der Klimafahrplan stehen – das ist reichlich spät. Es braucht schon davor neue Schritte im Ausstieg aus Öl und Gas,https://i.ds.at/I9bUkA/rs:fill:1200:600/plain/lido-images/2026/09/02/91711c97-7cdb-4874-a039-2f9da069e2d0.jpg,2026-09-14T15:00:00Z,,"Sie entscheiden darüber, wie Sie unsere Inhalte nutzen wollen. Ihr Gerät erlaubt uns derzeit leider nicht, die entsprechenden Optionen anzuzeigen.
Bitte deaktivieren Sie sämtliche Hard- und Software… [+180 chars]",,de,'Gas'
https://orf.at/stories/3442174/,https://orf.at/stories/3442174/,0,orf.at,Heimische Gasspeicher weniger gut gefüllt als in Vorjahren,,https://orf.at/mojo/1_4_1/storyserver//news/common/images/og-fallback-news.png,2026-09-14T16:39:36Z,,"Die Gasspeicher in Europa sind heuer deutlich weniger gut gefüllt als in den Vorjahren. Grund dafür ist der Iran-Krieg, der Gas verteuerte und es wirtschaftlich unattraktiv machte, es zu hohen Preise… [+1171 chars]",,de,'Gas'
https://noe.orf.at/stories/3371162/,https://noe.orf.at/stories/3371162/,0,noe.orf.at,Energiepreise steigen: So lässt sich im Winter sparen,"Die Energiepreise sind zuletzt wieder deutlich gestiegen. Besonders kräftig verteuert haben sich Heizöl, Pellets und Gas. Haushalte müssen sich im kommenden Winter auf höhere Kosten einstellen. Mit einigen Maßnahmen lässt sich die Belastung aber zumindest etw…",https://ibs.orf.at/noe?image=https%3A%2F%2Foekastatic.orf.at%2Fmims%2F2023%2F06%2F94%2Fcrops%2Fw%3D1200%2Ch%3D627%2Cq%3D75%2F1667910_master_613994_strom.jpg%3Fs%3D16126214d4d0e018fa1cce52cebbe9351374955b,2026-09-14T17:05:27Z,,"Während Strom binnen eines Jahres um rund zwei Prozent teurer wurde, stieg der Gaspreis um fast zwölf Prozent. Bei Pellets beträgt das Plus etwa 28 Prozent, bei Heizöl sogar rund 48 Prozent.
Ein wes… [+2963 chars]",,de,'Gas'
https://taz.de/Trockenheit-und-die-Folgen/!6212948/,https://taz.de/Trockenheit-und-die-Folgen/!6212948/,0,taz.de,Trockenheit und die Folgen: Mit Meerwasser gegen die Dürre,Trockene Sommer werden häufiger. In Mittelmeerländern ist Meerwasserentsalzung längst gängig – das könnte zum Vorbild auch für Deutschland werden.,https://taz.de/picture/8737015/1200/41424663.jpeg,2026-09-14T18:01:00Z,,Trockene Sommer werden häufiger. In Mittelmeerländern ist Meerwasserentsalzung längst gängig – das könnte zum Vorbild auch für Deutschland werden. mehr...,,de,'Dürre'
https://www.bild.de/politik/ausland-und-internationales/trump-kippt-klimaregeln-und-streicht-grenzwerte-fuer-us-kraftwerke-6aa82fe3fa3abfefca7ea995,https://www.bild.de/politik/ausland-und-internationales/trump-kippt-klimaregeln-und-streicht-grenzwerte-fuer-us-kraftwerke-6aa82fe3fa3abfefca7ea995,0,www.bild.de,Freie Fahrt für Kohle und Gas - Trump kippt Klimaregel für Kraftwerke,Die US-Umweltbehörde EPA schafft unter Donald Trump die Grenzwerte für Treibhausgase aus Kohle- und Gaskraftwerken ab. Umweltschützer warnen vor einem Rückschritt.,"https://images.bild.de/6aa82fe3fa3abfefca7ea995/f57bcdd7817f2ceddf0a2997405f20c6,3afa4252?w=1280",2026-09-14T18:08:13Z,,TTS-Player überspringenArtikel weiterlesenWashington Donald Trump (80) lockert weiter die Klima-Auflagen für Unternehmen. Seine Umweltbehörde EPA schafft die Grenzwerte für klimaschädliche Treibhausg… [+1910 chars],,de,'Gas'
https://www.n-tv.de/ratgeber/Krieg-und-Winter-Was-tun-bei-steigenden-Gaspreisen-id31304585.html,https://www.n-tv.de/ratgeber/Krieg-und-Winter-Was-tun-bei-steigenden-Gaspreisen-id31304585.html,0,www.n-tv.de,Teure Gasheizung? : Krieg und Winter: Was tun bei steigenden Gaspreisen?,"Wie können Sie sich gegen höhere Heizkosten in der kommenden Heizperiode wappnen? Was die Verbraucherzentrale NRW zu Preisgarantien, Boni und Vergleichsportalen rät.",https://www.n-tv.de/img/2669383/1671099574/Img_16_9/1200/image.jpg,2026-09-15T03:58:09Z,,"Heizperiode im Anmarsch, Großhandelspreise gestiegen: Wer Gas hat, sollte den aktuellen Tarif prüfen und rechtzeitig nach Alternativen schauen. (Foto: dpa)
Wie können Sie sich gegen höhere Heizkoste… [+3634 chars]",,de,'Gas'
https://www.diepresse.com/41263322/protein-aus-dung-insekten-sollen-klima-entlasten,https://www.diepresse.com/41263322/protein-aus-dung-insekten-sollen-klima-entlasten,0,www.diepresse.com,Protein aus Dung? Insekten sollen Klima entlasten,"Eine Studie zeigt, welches Potenzial die Zucht von Insekten auf tierischen Ausscheidungen für Klima und Landwirtschaft hat. Weltweit eingesetzt, könnte sie Millionen Tonnen Treibhausgase einsparen und den Bedarf an Stickstoffdünger deutlich senken.",https://img.diepresse.com/public/incoming/molv83-imagost0823130000010831347323jpg/alternates/WEBP_WIDE_1200/imago_st_0823_13000001_0831347323.jpg,2026-09-15T04:24:44Z,,"Die Presse auf Google als bevorzugte Nachrichtenquelle hinzufügen.
 Würde man weltweit großflächig auf das Züchten von Insekten als Protein-Quelle für Nutztiere setzen, könnte das zur Vermeidung des… [+3956 chars]",,de,'Landwirtschaft'
https://www.diepresse.com/41263375/sind-nicht-die-bankomaten-eu-ratspraesident-und-stocker-suchen-budget,https://www.diepresse.com/41263375/sind-nicht-die-bankomaten-eu-ratspraesident-und-stocker-suchen-budget,0,www.diepresse.com,„Sind nicht die Bankomaten“: EU-Ratspräsident und Stocker suchen Budget-Kompromiss,Der irische EU-Ratspräsident António Costa ist zu Gast in Wien. Erklärtes Ziel seines Besuchs: Er will bis Oktober einen neuen Verhandlungsvorschlag vorlegen.,https://img.diepresse.com/public/incoming/mh088k-EU-SUMMIT/alternates/WEBP_WIDE_1200/EU-SUMMIT,2026-09-15T05:03:14Z,,"Die Presse auf Google als bevorzugte Nachrichtenquelle hinzufügen.
 Eine der Prioritäten des Treffens von EU-Ratspräsident António Costa mit Bundeskanzler Christian Stocker (ÖVP) am Dienstag in Wien… [+5511 chars]",,de,'Landwirtschaft'
https://www.telepolis.de/article/Gaskraftwerke-Erste-Ausschreibung-ueberzeichnet-doch-Probleme-beginnen-erst-11451929.html,https://www.telepolis.de/article/Gaskraftwerke-Erste-Ausschreibung-ueberzeichnet-doch-Probleme-beginnen-erst-11451929.html,0,www.telepolis.de,Gaskraftwerke: Erste Ausschreibung überzeichnet – doch Probleme beginnen erst,"Die Bundesnetzagentur prüft die Gebote – doch ungeklärte Gasbeschaffung, fehlende Turbinen und politischer Standortstreit gefährden das Milliardenprojekt.",https://heise.cloudimg.io/v7/_www-heise-de_/imgs/18/5/1/6/4/4/2/5/gaskraft-89829a23536c98ae.jpg?func=bound&height=1200&org_if_sml=1&q=85&width=1200,2026-09-15T06:00:00Z,,"Die Bundesnetzagentur prüft die Gebote doch ungeklärte Gasbeschaffung, fehlende Turbinen und politischer Standortstreit gefährden das Milliardenprojekt.
Die erste Runde der gezielt auf den Einsatz v… [+5413 chars]",,de,'Gas'
https://www.focus.de/finanzen/news/gasspeicher-nur-halb-voll-jetzt-soll-aserbaidschan-helfen_07fc3f24-1a1f-4988-83b7-405679e0737e.html,https://www.focus.de/finanzen/news/gasspeicher-nur-halb-voll-jetzt-soll-aserbaidschan-helfen_07fc3f24-1a1f-4988-83b7-405679e0737e.html,0,www.focus.de,Gasspeicher nur halb voll: Jetzt soll Aserbaidschan helfen,Wegen der schwach gefüllten Gasspeicher benötigt Deutschland neue Lieferwege. Aserbaidschan und Algerien könnten dabei eine Schlüsselrolle spielen.,"https://quadro.burda-forward.de/ctf/3e7de99c-c4af-4b34-a7b4-ec7dfad4221c.ad505a46-bd6c-4745-b901-c11689455bf1.jpeg?im=RegionOfInterestCrop=(1200,630),regionOfInterest=(643,393)&hash=50d8b4e4c0bf88e49307813b1d4ba0c4aa3491d872245675a7fa5876378e1d83",2026-09-15T06:17:00Z,,"55,2 Prozent. So voll sind Deutschlands Gasspeicher Mitte September. Rund 136,6 Terawattstunden Gas liegen damit in den Kavernen. Vor einem Jahr waren die Speicher zu diesem Zeitpunkt noch zu rund 74… [+7178 chars]",,de,'Gas'
https://www.spektrum.de/news/klimawandel-usa-heben-emissionsvorschriften-fuer-kohlekraftwerke-auf/2344601,https://www.spektrum.de/news/klimawandel-usa-heben-emissionsvorschriften-fuer-kohlekraftwerke-auf/2344601,0,www.spektrum.de,Stromerzeugung aus Kohle und Gas: USA heben Emissionsvorschriften für Kraftwerke auf,"Treibhausgase gelten als Haupttreiber des Klimawandels. Um deren Ausstoß zu begrenzen, gibt es auch in den USA Regeln. Doch diese werden nun Stück für Stück abgewickelt.",https://static.spektrum.de/fm/912/f1920x1080/GettyImages-2266450278.jpg,2026-09-15T07:23:50Z,,"Die US-Umweltbehörde EPA hebt Vorschriften zur Begrenzung klimaschädlicher Treibhausgasemissionen von Kohle- und Gastkraftwerken auf. Der Großteil der Treibhausgasvorschriften für US-Kraftwerke, die … [+1047 chars]",,de,'Gas'
https://www.spektrum.de/news/wie-satellit-flex-stress-von-pflanzen-sichtbar-machen-soll/2344616,https://www.spektrum.de/news/wie-satellit-flex-stress-von-pflanzen-sichtbar-machen-soll/2344616,0,www.spektrum.de,"Hitze, Dürre, Krankheiten: Wie ein Satellit Stress von Pflanzen sichtbar machen soll","Pflanzen sind unverzichtbar für das Leben auf der Erde, doch der Klimawandel setzt ihnen zu. Ein schwaches Leuchten zeigt, wie es ihnen geht. Das soll ein Satellit nun messen.",https://static.spektrum.de/fm/912/f1920x1080/FLEX_brings_plant_health_into_focus.jpg,2026-09-15T11:10:54Z,,"Fluoreszenzsignal zeigt unmittelbar Stress an
Während welkende Blätter etwa erst nach Tagen oder Wochen zu sehen sind, können Fachleute am Fluoreszenzsignal unmittelbar Veränderungen ablesen. Einfac… [+909 chars]",,de,'Dürre'
https://www.sueddeutsche.de/wirtschaft/subventionen-deutschland-li.3547695,https://www.sueddeutsche.de/wirtschaft/subventionen-deutschland-li.3547695,0,www.sueddeutsche.de,Bundesregierung: Klimaschädliche Subventionen sinken nicht – sie steigen,"Die Bundesregierung plagen Haushaltslöcher, gegen den Klimawandel will sie unbedingt etwas tun. Dennoch fließen einer Studie zufolge Milliarden in Pendlerpauschale, Dienstwagenprivileg und anderes.",https://www.sueddeutsche.de/2026/09/15/fbc37447-101d-4e7b-9871-cb576f2dba07.jpg?q=60&fm=webp&width=1200&rect=221%2C275%2C3551%2C1997,2026-09-15T11:50:48Z,,"Solide Haushaltspolitik, im Koalitionsvertrag war das Union und SPD ganz wichtig. Noch 2025, so vereinbarten die Partner zu Beginn ihrer Partnerschaft, werde es eine Aufgaben- und Ausgabenkritik gebe… [+194 chars]",,de,'Pendlerpauschale'
https://www.faz.net/aktuell/rhein-main/region-und-hessen/trotz-duerre-wird-der-wein-jahrgang-2026-wohl-herausragend-201229060.html,https://www.faz.net/aktuell/rhein-main/region-und-hessen/trotz-duerre-wird-der-wein-jahrgang-2026-wohl-herausragend-201229060.html,0,www.faz.net,Trotz Dürre und Hitze: Winzer erwarten „herausragenden Rotweinjahrgang“,"Nach einem langen trockenen Sommer hat die Weinlese in Hessen schon Mitte August begonnen. Doch die Trauben sind in Bestform und dass die Erträge etwas geringer sind, passt zur Nachfrage.",https://media0.faz.net/image/w1200h627/47e7efa34742/w5143h2687x0y599o/202609/43601.0.2547217948/rotweine-sind-die-gewinner-des.webp,2026-09-15T12:35:57Z,,Wie wird der Wein? Die Weinbauverbände der beiden einzigen hessischen Anbaugebiete Rheingau und Bergstraße melden eine sehr frühe Lese mit eher kleinen Beeren und guter Qualität. Der Geschäftsführer … [+2510 chars],,de,'Wein'
https://www.sueddeutsche.de/bayern/pilze-bayern-auswirkungen-duerre-klima-li.3544425,https://www.sueddeutsche.de/bayern/pilze-bayern-auswirkungen-duerre-klima-li.3544425,0,www.sueddeutsche.de,Pilzsaison in Bayern beginnt: Wie die Schwammerlernte unter dem Dürresommer leidet,Die Saison verzögert sich – aber bei Regen kann es ganz schnell gehen auf dem Waldboden. Allerdings: Der trockene Sommer hat auch gefährliche Doppelgänger in die Wälder gebracht.,https://www.sueddeutsche.de/2026/09/14/49cb858d-b681-4136-bcb7-3a626b1a15ff.jpg?q=60&fm=webp&width=1200&rect=0%2C375%2C4000%2C2250,2026-09-15T13:37:13Z,,"Aktuell sehen die Pilzsammler aber nur, was auf dem Waldboden passiert. Der Herbst kommt erst noch richtig, sagt Markus Blaschke. Er ist Mykologe, Pilzwissenschaftler, in der Bayerischen Landesanstal… [+6453 chars]",,de,'Dürre'
https://www.derstandard.at/story/3000000339885/auf-hohe-einkommen-folgt-der-tiefe-fall-sind-die-duerrehilfen-fuer-bauern-fair,https://www.derstandard.at/story/3000000339885/auf-hohe-einkommen-folgt-der-tiefe-fall-sind-die-duerrehilfen-fuer-bauern-fair,0,www.derstandard.at,Auf hohe Einkommen folgt der tiefe Fall – sind die Dürrehilfen für Bauern fair?,"18 Prozent mehr Einkommen im Vorjahr, heuer massive Einbußen: Zwischen guten Preisen und historischer Dürre liegen für die Bauern nur wenige Monate. Das heizt die Diskussion über staatliche Hilfen neu an",https://i.ds.at/ogMH8w/rs:fill:1200:600/plain/lido-images/2026/09/15/e15d5b4e-8705-4945-a244-34a33383d1cc.jpg,2026-09-15T16:00:00Z,,"Sie entscheiden darüber, wie Sie unsere Inhalte nutzen wollen. Ihr Gerät erlaubt uns derzeit leider nicht, die entsprechenden Optionen anzuzeigen.
Bitte deaktivieren Sie sämtliche Hard- und Software… [+180 chars]",,de,'Dürre'
https://noe.orf.at/stories/3370421/,https://noe.orf.at/stories/3370421/,0,noe.orf.at,Nach Dürre: Regenwürmer warten auf mehr Regen,Die monatelange Trockenheit hat den Regenwürmern in Niederösterreich stark zugesetzt. Viele zogen sich tief in den Boden zurück. Auf einem Bauernhof in Zwettl leben rund zwei Millionen Regenwürmer – dort waren die Folgen der Trockenheit selbst im Stall zu spü…,https://ibs.orf.at/noe?image=https%3A%2F%2Foekastatic.orf.at%2Fmims%2F2026%2F38%2F18%2Fcrops%2Fw%3D1200%2Ch%3D627%2Cq%3D75%2F3184038_master_1234918_d9514ea3-4b45-4697-a0f8-0e988312f910.jpg%3Fs%3D4e9672007bf284bb22885af58aadee88a820732b,2026-09-15T17:43:56Z,,"Rund zwei Millionen Regenwürmer leben auf dem Wurmhof in Zwettl in großen Holzboxen. Dort verwandeln sie Rindermist, Strauchschnitt und Gras in einen hochwertigen Dünger.
Auch im Regenwurmstall ware… [+2915 chars]",,de,'Dürre'
https://www.basicthinking.de/blog/2026/09/16/e-auto-batterien-nachhaltiger-durch-bauweise/,https://www.basicthinking.de/blog/2026/09/16/e-auto-batterien-nachhaltiger-durch-bauweise/,0,www.basicthinking.de,Neue Bauweise macht E-Auto-Batterien nachhaltiger und reparierbar,"Der Beitrag Neue Bauweise macht E-Auto-Batterien nachhaltiger und reparierbar erschien zuerst beim Online-Magazin BASIC thinking. Über unseren Newsletter UPDATE startest du jeden Morgen bestens informiert in den Tag.
Forscher haben neue Design-Richtlinien für…",https://www.basicthinking.de/blog/wp-content/uploads/2026/09/e-auto-batterie-reparieren.jpg,2026-09-16T03:45:16Z,,"Forscher haben neue Design-Richtlinien für E-Auto-Batterien entwickelt, die zur Verbesserung der Umweltbilanz beitragen könnten. Denn die neuen Konstruktionsprinzipien machen Reparaturen einfacher un… [+4438 chars]",,de,'E-Auto'
https://vorarlberg.orf.at/stories/3370740/,https://vorarlberg.orf.at/stories/3370740/,0,vorarlberg.orf.at,Starke regionale Unterschiede bei Ernte-Erträgen,Die Erträge bei verschiedenen Gemüse- und Getreidesorten sind in Vorarlberg aufgrund der Hitze im heurigen Sommer regional extrem unterschiedlich ausgefallen. Nach Angaben der Landwirtschaftskammer hing heuer sehr viel von der Bodenbeschaffenheit ab. So habe …,https://ibs.orf.at/vbg?image=https%3A%2F%2Foekastatic.orf.at%2Fmims%2F2026%2F38%2F72%2Fcrops%2Fw%3D1200%2Ch%3D627%2Cq%3D75%2F3183814_master_1234772_260811_duerre_34_vik.jpg%3Fs%3Da55e6e43eafc05efed812ac9db469ad8911d4acd,2026-09-16T03:52:22Z,,Von extremen Unterschieden spricht Landwirtschaftskammer-Präsident Josef Moosbrugger was die Erntebilanz bei einigen Gemüse- und Getreidesorten in Vorarlberg angeht. Besonders stark zeige sich das et… [+5052 chars],,de,'Bewässerung'
https://www.urlaubspiraten.de/hotels/resterhoehe-berghuette-kitzbuehel,https://www.urlaubspiraten.de/hotels/resterhoehe-berghuette-kitzbuehel,0,www.urlaubspiraten.de,Kitzbüheler Alpen: Hüttenzauber direkt an der Piste ,"Lust auf echten Hüttenzauber mitten im Skigebiet? In der Resterhöhe Berghütte & Lodge übernachtet ihr auf 1.898 m Seehöhe direkt an der Piste. Kein Busfahren, kein Schleppen – morgens einfach die Skier anschnallen und als Erstes die frischen Spuren im Schnee …",https://image.urlaubspiraten.de/720/image/upload/v1789504126/Impressions%20and%20Other%20Assets/231219135_pklui0.jpg,2026-09-16T06:15:00Z,,"Zusätzliche Informationen
 PREISCHECK bei 3 Nächten Aufenthalt
<ul><li>Getrennt gebucht: 3 Nächte für 286 p.P. + 125 für 2-Tage-Skipass = 393 p.P.
</li><li>Bei uns: In einer Buchung für 339 p.P.
… [+2122 chars]",,de,'Schnee'
https://www.faz.net/aktuell/wirtschaft/klima-nachhaltigkeit/wirtschaftsministerin-katherina-reiche-plant-ausschreibungen-fuer-gasspeicher-accg-201231227.html,https://www.faz.net/aktuell/wirtschaft/klima-nachhaltigkeit/wirtschaftsministerin-katherina-reiche-plant-ausschreibungen-fuer-gasspeicher-accg-201231227.html,0,www.faz.net,Nur halb voll: Reiche plant Ausschreibungen für Gasspeicher,Die Bundeswirtschaftsministerin will nun doch etwas gegen die Schieflage am Gasmarkt tun. Spritpreisdeckel und Übergewinnsteuern für Mineralölkonzerne lehnt sie ab.,https://media0.faz.net/image/w1200h627/1edcd8acbb2f/w4196h2192x854y1820o/202609/43601.0.2558448878/wirtschaftsministerin-reiche.webp,2026-09-16T07:02:07Z,,"Angesichts historisch niedriger Gasspeicherstände in Deutschland will Bundeswirtschaftsministerin Katherina Reiche den finanziellen Anreiz für Händler erhöhen, zusätzlich Gas für den Winter verfügbar… [+4874 chars]",,de,'Gas'
https://www.n-tv.de/wirtschaft/So-leer-sind-die-deutschen-Gasspeicher-id31311804.html,https://www.n-tv.de/wirtschaft/So-leer-sind-die-deutschen-Gasspeicher-id31311804.html,0,www.n-tv.de,Reiche will nachfüllen: So leer sind die deutschen Gasspeicher,Deutschlands Gasvorräte sind für diese Jahreszeit auffallend niedrig. Im Fall eines sehr kalten Winters könnte es eng werden. Wirtschaftsministerin Reiche will nun gegensteuern.,https://www.n-tv.de/img/31311765/1789557467/Img_16_9/1200/536544422.jpg,2026-09-16T10:01:32Z,,"Auch in Rehden ist noch viel Platz. (Foto: picture alliance/dpa)
Deutschlands Gasvorräte sind für diese Jahreszeit auffallend niedrig. Im Fall eines sehr kalten Winters könnte es eng werden. Wirtsch… [+3197 chars]",,de,'Gas'
https://www.faz.net/aktuell/rhein-main/limburg-gegen-groesseres-outlet-in-montabaur-aktuelle-nachrichten-aus-frankfurt-hessen-faz-19735361.html,https://www.faz.net/aktuell/rhein-main/limburg-gegen-groesseres-outlet-in-montabaur-aktuelle-nachrichten-aus-frankfurt-hessen-faz-19735361.html,0,www.faz.net,Rhein-Main-Liveblog: Limburg gegen größeres Outlet in Montabaur,Finanzminister Lorz: Sparen und weniger neue Schulden +++ Gas tritt aus: Explosionsgefahr in Wiesbaden-Dotzheim +++ Deutlich mehr Staus in Hessen +++ Lehrer wegen Missbrauchsverdachts in Haft +++ Liveblog zu Rhein-Main und Hessen,https://media0.faz.net/image/w1200h627/f028b4cb962f/w4252h2221x0y307o/201607/431.0.28926869/umstritten-fashion-outlet.webp,2026-09-16T10:54:00Z,,Ähnlich sah es bei der Länge der Staus aus: Der Verkehr auf den Autobahnen stand über die Sommerferien hinweg demnach auf knapp 10.800 Kilometern. Im vergangenen Jahr hatte es hingegen 9.200 Kilomete… [+501 chars],,de,'Gas'
https://www.sueddeutsche.de/wirtschaft/gas-reiche-speicher-li.3548311,https://www.sueddeutsche.de/wirtschaft/gas-reiche-speicher-li.3548311,0,www.sueddeutsche.de,Energieversorgung: Reiche will Gasspeicher füllen,"Nur 56 Prozent beträgt derzeit der Füllstand, das ist sehr niedrig für die Jahreszeit. Markteingriffe jedoch lehnt die Wirtschaftsministerin strikt ab. Dennoch verstärkt sie nun ihre Bemühungen.",https://www.sueddeutsche.de/2026/09/16/b834125e-4612-45c8-b64d-a481aa5d5d54.jpg?q=60&fm=webp&width=1200&rect=0%2C203%2C4000%2C2250,2026-09-16T11:42:49Z,,"Derzeit sind die deutschen Gasspeicher nur zu rund 56 Prozent befüllt. Dies ist für diese Jahreszeit extrem niedrig. Selbst im Jahr 2021, also im letzten Jahr vor dem russischen Überfall auf die Ukra… [+3855 chars]",,de,'Gas'
https://taz.de/Halb-leere-Gasspeicher/!6213594/,https://taz.de/Halb-leere-Gasspeicher/!6213594/,0,taz.de,Halb leere Speicher: Wie Reiche mehr Gas für den Winter sichern will,"Die Erdgasspeicher sind noch nicht so voll, wie sie sein sollten. Nun drängt die Wirtschaftsministerin, dass die Firmen die Vorräte vergrößern.",https://taz.de/picture/8741821/1200/42055395.jpeg,2026-09-16T13:10:00Z,,"Die Erdgasspeicher sind noch nicht so voll, wie sie sein sollten. Nun drängt die Wirtschaftsministerin, dass die Firmen die Vorräte vergrößern. mehr...",,de,'Gas'
https://www.tagesspiegel.de/berlin/dpa-obdachlosigkeit-420-wohnungslose-haben-uber-housing-first-zuhause-gefunden-16060729.html,https://www.tagesspiegel.de/berlin/dpa-obdachlosigkeit-420-wohnungslose-haben-uber-housing-first-zuhause-gefunden-16060729.html,0,www.tagesspiegel.de,Obdachlosigkeit: 420 Wohnungslose haben über Housing First Zuhause gefunden,Seit 2018 hilft Housing First Wohnungslosen in Berlin beim Neustart. Die Nachfrage ist groß. Die Möglichkeiten der Vereine aber begrenzt.,https://www.tagesspiegel.de/images/16060728/alternates/BASE_16_9_W1400/1789565540000/housing-first.jpeg,2026-09-16T13:32:20Z,,"Rund 420 wohnungslose Menschen haben in Berlin bis heute mit Hilfe von Housing First eine Wohnung gefunden. Am 9. September dieses Jahres sei der 350. Mietvertrag unterschrieben worden, sagte Sozials… [+2381 chars]",,de,'Wohnungslose'
https://www.welt.de/wirtschaft/plus6aaa500fa9420481bd2132ac/der-staat-hat-beim-gas-fehler-gemacht-doch-verzockt-haben-sich-andere.html,https://www.welt.de/wirtschaft/plus6aaa500fa9420481bd2132ac/der-staat-hat-beim-gas-fehler-gemacht-doch-verzockt-haben-sich-andere.html,0,www.welt.de,Der Staat hat beim Gas Fehler gemacht – doch verzockt haben sich andere,"Die Gasspeicher sind zu leer, also soll wieder einmal der Staat schuld sein. Doch so einfach ist es nicht. Denn während die Regierung zögerte, haben andere gezockt – und erwarten nun, dass der Staat ihre Wette absichert.",https://images.welt.de/6aaa500fa9420481bd2132ac/5c7a0d4bd02f6772f7441fe59d0a6ed1/ci16x9-w1200/dpa-com-260916-935-1613201-jpg,2026-09-16T13:33:43Z,,"Die Gasspeicher sind zu leer, also soll wieder einmal der Staat schuld sein. Doch so einfach ist es nicht. Denn während die Regierung zögerte, haben andere gezockt und erwarten nun, dass der Staat ih… [+18 chars]",,de,'Gas'
https://www.tagesspiegel.de/wirtschaft/staatsunternehmen-sefe-kauft-gas-ein-fullstand-von-80-prozent-bei-speichern-laut-netzagentur-aber-nicht-mehr-zu-schaffen-16060634.html,https://www.tagesspiegel.de/wirtschaft/staatsunternehmen-sefe-kauft-gas-ein-fullstand-von-80-prozent-bei-speichern-laut-netzagentur-aber-nicht-mehr-zu-schaffen-16060634.html,0,www.tagesspiegel.de,Staatsunternehmen Sefe kauft Gas ein: Füllstand von 80 Prozent bei Speichern laut Netzagentur aber „nicht mehr zu schaffen“,Derzeit sind die Gasspeicher der Netzagentur zufolge zu 56 Prozent gefüllt. Gesetzlich vorgeschrieben ist bis 1. November eigentlich eine Befüllung der meisten Anlagen von 80 Prozent. Doch das ist offenbar unrealistisch.,https://www.tagesspiegel.de/images/16060645/alternates/BASE_16_9_W1400/1789564773000/gasspeicher.jpeg,2026-09-16T13:53:13Z,,"Ein Füllstand der deutschen Gasspeicher von 80 Prozent bis zum 1. November ist laut dem Chef der Bundesnetzagentur, Klaus Müller, nicht mehr zu schaffen. Die Speicher seien jedoch nicht allein wichti… [+3569 chars]",,de,'Gas'
https://www.n-tv.de/politik/Bericht-Ministerin-Reiche-laesst-Treffen-mit-Gaslobby-vertuschen-id31312708.html,https://www.n-tv.de/politik/Bericht-Ministerin-Reiche-laesst-Treffen-mit-Gaslobby-vertuschen-id31312708.html,0,www.n-tv.de,Austausch zum Heizungsgesetz: Bericht: Ministerin Reiche lässt Treffen mit Gaslobby vertuschen,Die Nähe von Wirtschaftsministerin Reiche zur Gasindustrie sorgt immer wieder für Kritik. Durch ihr Wirken wird nun das Heizen mit fossilen Energien für längere Zeit weiter möglich bleiben. Die Grünen fragen zu Lobbykontakten bei der Gesetzesentstehung - und …,https://www.n-tv.de/img/31312875/1789570186/Img_16_9/1200/619329514.jpg,2026-09-16T14:00:04Z,,"Austausch zum HeizungsgesetzBericht: Ministerin Reiche lässt Treffen mit Gaslobby vertuschen
Katherina Reiche arbeitete früher für die Eon-Tochter Westenergie. (Foto: picture alliance / NurPhoto)
D… [+4854 chars]",,de,'Gas'
https://www.focus.de/immobilien/gasspeicher-nur-halb-voll-deutschland-muss-jetzt-nachlegen_fa175eea-e389-4f24-8815-8ecdb80702b7.html,https://www.focus.de/immobilien/gasspeicher-nur-halb-voll-deutschland-muss-jetzt-nachlegen_fa175eea-e389-4f24-8815-8ecdb80702b7.html,0,www.focus.de,Gasspeicher nur halb voll: Deutschland muss jetzt nachlegen,"Die Gasspeicher sind nicht voll genug. Um sie zu füllen, hat die Bundesregierung eine besondere Reißleine. Angeblich zieht sie diese nun.","https://quadro.burda-forward.de/ctf/fccdf4ae-4202-4a47-a5e6-0032c1ee8a1c.baf2e159-46d5-4572-9255-af7ae1f94ede.jpg?im=RegionOfInterestCrop=(1200,630),regionOfInterest=(1852,1081)&hash=73cd45d45b8ce098db967b2b08e96845b0d5eb8bff62ac0a6ea9c72cf506b7ce",2026-09-16T14:40:00Z,,"Medienberichten zufolge hat der Bund den staatlichen Gasimporteur Securing Energy for Europe GmbH (Sefe) angewiesen, mehr Gas einzukaufen. Das soll dazu führen, dass die Gasspeicher-Füllstandsvorgabe… [+8259 chars]",,de,'Gas'
https://www.basicthinking.de/blog/2026/09/16/kosten-pro-kilometer-reichweite-die-besten-e-autos-im-vergleich/,https://www.basicthinking.de/blog/2026/09/16/kosten-pro-kilometer-reichweite-die-besten-e-autos-im-vergleich/,0,www.basicthinking.de,Kosten pro Kilometer Reichweite: Die besten E-Autos im Vergleich,"Der Beitrag Kosten pro Kilometer Reichweite: Die besten E-Autos im Vergleich erschien zuerst beim Online-Magazin BASIC thinking. Über unseren Newsletter UPDATE startest du jeden Morgen bestens informiert in den Tag.
Der Preis eines Fahrzeugs sagt erst einmal …",https://www.basicthinking.de/blog/wp-content/uploads/2025/10/charlie-deets-akgalppfiwo-unsplash-e1759315766884.jpg,2026-09-16T18:08:10Z,,"Der Preis eines Fahrzeugs sagt erst einmal wenig darüber aus, ob sich die Investition lohnt. Wer sich ein E-Auto zulegt, will vor allem eine hohe Reichweite haben. Der ADAC hat deshalb ein Ranking er… [+2375 chars]",,de,'E-Auto'
https://www.diepresse.com/41266490/baelle-bewaesserung-sandplatz-wie-oesterreich-gegen-belgien-seinen,https://www.diepresse.com/41266490/baelle-bewaesserung-sandplatz-wie-oesterreich-gegen-belgien-seinen,0,www.diepresse.com,"Bälle, Bewässerung, Sandplatz: Wie Österreich gegen Belgien seinen Heimvorteil ausspielt [premium]",Österreichs Tennis-Assen bietet sich mit dem Heimspiel gegen Belgien in Wien eine große Chance. Würde ein Erfolg auch die erhoffte Anerkennung bringen?,https://img.diepresse.com/public/incoming/nzc2x3-gepa-20260915-101-156-0132jpg/alternates/WEBP_WIDE_1200/GEPA-20260915-101-156-0132.JPG,2026-09-17T03:20:03Z,,"Wenn am Freitag der erste Aufschlag beim Davis-Cup-Duell zwischen Österreich und Belgien im Prater erfolgt, steht viel auf dem Spiel. Der Sieger des Länderkampfs qualifiziert sich für das Finalturnie… [+3120 chars]",,de,'Bewässerung'
https://ooe.orf.at/stories/3370681/,https://ooe.orf.at/stories/3370681/,0,ooe.orf.at,Dürresommer 2027 „kaum tragbar“,"Dürreperioden könnten künftig häufiger werden und die Landwirtschaft zunehmend fordern. WIFO-Agrarökonom Franz Sinabell rät deshalb zu mehr Vorsorge – etwa durch Heureserven, Dürre-Versicherungen und finanzielle Rücklagen. Auch klimafitte Pflanzen und mehr Hu…",https://ibs.orf.at/ooe?image=https%3A%2F%2Foekastatic.orf.at%2Fmims%2F2026%2F34%2F61%2Fcrops%2Fw%3D1200%2Ch%3D627%2Cq%3D75%2F3153246_master_1222561_1.jpg%3Fs%3Df349dcf171476a2c063c3a4421f94371c272c08e,2026-09-17T04:01:45Z,,"Sollte sich ein Sommer wie heuer bereits 2027 wiederholen, wäre die Versorgung der Bevölkerung laut Sinabell voraussichtlich nicht gefährdet. Für einzelne landwirtschaftliche Betriebe könnten zwei sc… [+2949 chars]",,de,'Landwirtschaft'
https://www.tagesschau.de/wissen/klima/wmo-bericht-zu-wasserressourcen-100.html,https://www.tagesschau.de/wissen/klima/wmo-bericht-zu-wasserressourcen-100.html,0,www.tagesschau.de,Bericht der WMO: Wasserspeicher schrumpfen weltweit,"Schmelzende Gletscher, weniger Wasser in Flüssen: Die Wasserreserven schwinden seit Jahren, warnt die Weltwetterorganisation. Damit gehe auch der Puffer für Dürrejahre verloren - mit Folgen für Bevölkerung und Wirtschaft.",https://images.tagesschau.de/image/0fe06d82-5c6e-4652-b1ac-162346198d60/AAABoK3jynE/AAABnSSvrFg/16x9-big/victoriafaelle-sambesi-100.jpg?width=1280,2026-09-17T05:55:02Z,,"Stand: 17.09.2026 07:55 Uhr
Schmelzende Gletscher, weniger Wasser in Flüssen: Die Wasserreserven schwinden seit Jahren, warnt die Weltwetterorganisation. Damit gehe auch der Puffer für Dürrejahre ve… [+2603 chars]",,de,'Dürre'
https://www.basicthinking.de/blog/2026/09/17/mission-efficiency-vw-knackt-drei-weltrekorde/,https://www.basicthinking.de/blog/2026/09/17/mission-efficiency-vw-knackt-drei-weltrekorde/,0,www.basicthinking.de,VW knackt drei Weltrekorde – doch dieses E-Auto kann niemand kaufen,"Der Beitrag VW knackt drei Weltrekorde – doch dieses E-Auto kann niemand kaufen erschien zuerst beim Online-Magazin BASIC thinking. Über unseren Newsletter UPDATE startest du jeden Morgen bestens informiert in den Tag.
Volkswagen hat mit dem Mission Efficienc…",https://www.basicthinking.de/blog/wp-content/uploads/2026/09/mission-efficiency-ve-eauto-weltrekord.jpg,2026-09-17T09:00:25Z,,"Volkswagen hat mit dem Mission Efficiency ein Elektroauto vorgestellt, das gleich drei Weltrekorde beansprucht. Darunter: ein Verbrauch von nur 6,48 kWh auf 100 Kilometern. Das Konzeptfahrzeug basier… [+8067 chars]",,de,'E-Auto'
https://www.welt.de/wirtschaft/article6aabb7e66c12d34b7f43d831/spritpreise-oekonom-fuest-spricht-sich-gegen-niedrigere-steuern-auf-benzin-und-diesel-aus.html,https://www.welt.de/wirtschaft/article6aabb7e66c12d34b7f43d831/spritpreise-oekonom-fuest-spricht-sich-gegen-niedrigere-steuern-auf-benzin-und-diesel-aus.html,0,www.welt.de,Top-Ökonom Fuest spricht sich gegen niedrigere Steuern auf Benzin und Diesel aus,"Ifo-Präsident Fuest warnt vor pauschalen Steuersenkungen im Kampf gegen hohe Spritpreise. Für sinnvoller hält er: eine höhere Pendlerpauschale ab 20 Kilometern, niedrigere Kfz-Steuern oder Direktzahlungen an Haushalte mit geringen Einkommen.",https://images.welt.de/6aabb7e66c12d34b7f43d831/853fd817b9d9c3785a0f1e8860fd383f-master/ci16x9-w1200/529430456-jpg,2026-09-17T10:27:14Z,,"Ifo-Präsident Fuest warnt vor pauschalen Steuersenkungen im Kampf gegen hohe Spritpreise. Für sinnvoller hält er: eine höhere Pendlerpauschale ab 20 Kilometern, niedrigere Kfz-Steuern oder Direktzahl… [+3155 chars]",,de,'Pendlerpauschale'
https://stadt-bremerhaven.de/porsche-wireless-charging-mehr-komfort-bei-der-e-auto-aufladung/,https://stadt-bremerhaven.de/porsche-wireless-charging-mehr-komfort-bei-der-e-auto-aufladung/,0,stadt-bremerhaven.de,Porsche Wireless Charging: Mehr Komfort bei der E-Auto-Aufladung,"Porsche hatte Wireless Charging für seine E-Autos schon vor einer Weile angekündigt. Jetzt geht es damit los, denn der vollelektrische Cayenne Electric unterstützt das System. Ihr...Zum Beitrag: Porsche Wireless Charging: Mehr Komfort bei der E-Auto-Aufladung…",https://stadt-bremerhaven.de/wp-content/uploads/2026/09/Porsche-Wireless-Charging-scaled.webp,2026-09-17T16:00:24Z,,"Porsche hatte Wireless Charging für seine E-Autos schon vor einer Weile angekündigt. Jetzt geht es damit los, denn der vollelektrische Cayenne Electric unterstützt das System. Ihr müsst also per se z… [+2232 chars]",,de,'E-Auto'
https://www.sueddeutsche.de/bayern/bayern-gruene-energie-unabhaengigkeit-oel-gas-li.3550013,https://www.sueddeutsche.de/bayern/bayern-gruene-energie-unabhaengigkeit-oel-gas-li.3550013,0,www.sueddeutsche.de,Hightech-Energieagenda: Grüne wollen Bayern unabhängig von Öl und Gas machen,"Großwärmepumpen, Erdwärme, ein grünes Wasserstoffkraftwerk, mehr Solar- und Windenergie: So stellt  sich die Partei die Versorgung der Zukunft vor. Und Stromkunden sollen auch profitieren.",https://www.sueddeutsche.de/2026/09/18/dfd8a66d-a476-4625-9c70-7efd8aa6cbc3.jpg?q=60&fm=webp&width=1200&rect=0%2C209%2C4000%2C2250,2026-09-18T13:09:23Z,,"Energie selbst erzeugen, intelligent verteilen und speichern so machen wir uns unabhängiger, stärken unsere Wirtschaft und gewinnen Freiheit zurück, sagte Fraktionschefin Katharina Schulze. Solange A… [+2485 chars]",,de,'Wind'
https://www.diepresse.com/41277553/erdaepfel-bis-zuckerrueben-ernte-faellt-in-oesterreich-noch-schlechter,https://www.diepresse.com/41277553/erdaepfel-bis-zuckerrueben-ernte-faellt-in-oesterreich-noch-schlechter,0,www.diepresse.com,Erdäpfel bis Zuckerrüben: Ernte fällt in Österreich noch schlechter aus als erwartet,"Die Landwirtschaft sei von einer Trockenheit „bisher ungeahnten Ausmaßes getroffen und geschädigt worden“, sagt Landwirtschaftskammer-Österreich-Präsident Josef Moosbrugger.",https://img.diepresse.com/public/incoming/a2xwnj-imago-images-0757441902/alternates/WEBP_WIDE_1200/imago%20images%200757441902,2026-09-20T06:55:51Z,,"Die Presse auf Google als bevorzugte Nachrichtenquelle hinzufügen.
 Die Rekorddürre lässt die erwartete Ernte bei vielen Feldfrüchten, etwa Erdäpfel, Körnermais, Soja und Zuckerrüben, noch schlechte… [+2839 chars]",,de,'Landwirtschaft'
https://www.faz.net/aktuell/technik-motor/schlusslicht-himmelhoch-im-tief-accg-201236720.html,https://www.faz.net/aktuell/technik-motor/schlusslicht-himmelhoch-im-tief-accg-201236720.html,0,www.faz.net,Schlusslicht: Himmelhoch im Tief,"Es bleiben Handtücher liegen, Gas fehlt und Medikamente auch. Wo soll das bloß enden? Fragen Sie Ihren Papst oder Apotheker.",https://media0.faz.net/image/w1200h627/798f3a69f852/w4506h2354x0y281o/202606/43601.0.2254828164/sie-wird-schusselig-die.webp,2026-09-20T07:00:00Z,,"Vom Hoch ins Tief gehts schief, weiß der Hobbypilot und dreht am Höhenmesser, um eine unerquickliche Begegnung mit Bergen oder Masten zu vermeiden. Am frühen Morgen holt uns die Realität schon bei de… [+2236 chars]",,de,'Gas'
https://www.derstandard.at/story/3000000340510/d252rre-herbst-ernte-f228llt-noch-schlechter-aus-als-erwartet,https://www.derstandard.at/story/3000000340510/d252rre-herbst-ernte-f228llt-noch-schlechter-aus-als-erwartet,0,www.derstandard.at,Dürre: Herbst-Ernte fällt noch schlechter aus als erwartet,"Die Rekordtrockenheit lässt die Ernte bei Mais, Zuckerrübe, Kartoffel, Soja, Sonnenblume und Kürbis einbrechen",https://i.ds.at/lUNlPA/rs:fill:1200:600/plain/lido-images/2026/09/20/c455fca1-e5e3-40e3-bca9-6d1cfecb15e7.jpg,2026-09-20T07:45:51Z,,"Aufgrund anhaltender Trockenheit hat die Landwirtschaft mit Ernteausfällen zu kämpfen.
APA/ROLAND SCHLAGER
Die Rekorddürre lässt die erwartete Ernte bei vielen Feldfrüchten, etwa Kartoffeln, Körner… [+662 chars]",,de,'Landwirtschaft'
https://noe.orf.at/stories/3371899/,https://noe.orf.at/stories/3371899/,0,noe.orf.at,Dürre: Herbst-Ernte wohl noch schlechter als erwartet,"Die Rekorddürre lässt die erwartete Ernte bei vielen Feldfrüchten noch schlechter ausfallen als zuletzt erwartet, hieß es von der Landwirtschaftskammer Österreich. Betroffen sind etwa Kartoffeln, Körnermais, Soja, Kürbis und Zuckerrüben.",https://ibs.orf.at/noe?image=https%3A%2F%2Foekastatic.orf.at%2Fmims%2F2023%2F42%2F56%2Fcrops%2Fw%3D1200%2Ch%3D627%2Cq%3D75%2F1975313_master_743656_erdaepfelernte_lkooe_geo_ooe-0475.jpg%3Fs%3Dc24ebc8edf19e587fa1cd37cc1e351c2d8417f98,2026-09-20T09:22:40Z,,"Im Vergleich zum Fünf-Jahresschnitt könnte bei Körnermais die Gesamtmenge in Tonnen um knapp 30 Prozent und bei Sojabohnen um über 50 Prozent einbrechen, hieß es von der Landwirtschaftskammer Österre… [+3257 chars]",,de,'Landwirtschaft'
https://www.bild.de/leben-wissen/auto/skoda-peaq-erste-fahrt-in-skodas-neuem-elektro-riesen-6aacee374453e0520be196df,https://www.bild.de/leben-wissen/auto/skoda-peaq-erste-fahrt-in-skodas-neuem-elektro-riesen-6aacee374453e0520be196df,0,www.bild.de,"Sieben Sitze, 642 km Reichweite - Erste Fahrt in Skodas neuem Elektro-Riesen","Groß, elektrisch und Platz für bis zu sieben: Mit dem Peaq setzt Skoda seinem E-Auto-Programm die Krone auf. BILD ist das neue Flaggschiff bereits gefahren.","https://images.bild.de/6aacee374453e0520be196df/0fab40d341549e0a268ab309beafb7ea,7784f4b6?w=1280",2026-09-21T06:59:34Z,,"TTS-Player überspringenArtikel weiterlesenGroß, größer, Peaq! Mit fast 4,90 Metern Länge ist der neue Skoda Peaq das größte Modell der Tschechen. Bis zu sieben Menschen finden darin Platz, als Fünfsi… [+1655 chars]",,de,'Gas'
https://www.telepolis.de/article/Katar-kauft-selbst-Gas-in-den-USA-und-deutsche-Verbraucher-zahlen-drauf-11459958.html,https://www.telepolis.de/article/Katar-kauft-selbst-Gas-in-den-USA-und-deutsche-Verbraucher-zahlen-drauf-11459958.html,0,www.telepolis.de,Katar kauft selbst Gas in den USA – und deutsche Verbraucher zahlen drauf,"Das Emirat verhandelt mit US-Produzenten über Langfristverträge. Reparaturen dauern Jahre, der IWF erwartet 8,6 Prozent Wirtschaftseinbruch für Katar.",https://heise.cloudimg.io/v7/_www-heise-de_/imgs/18/5/1/6/8/5/0/6/shutterstock_1078242305-4617e0b48ec6a427.jpg?func=bound&height=1200&org_if_sml=1&q=85&width=1200,2026-09-21T10:25:00Z,,"(Bild: Shutterstock)
Das Emirat verhandelt mit US-Produzenten über Langfristverträge. Reparaturen dauern Jahre, der IWF erwartet 8,6 Prozent Wirtschaftseinbruch für Katar.
Der Krieg gegen den Iran … [+5178 chars]",,de,'Gas'
https://www.focus.de/finanzen/news/russland-stellt-gaslieferungen-an-armenien-ein-nur-wenige-tage-nachdem-armenien-sich-vom-kreml-abgewandt-hat_17213f60-2beb-4f56-bf43-77687221a13f.html,https://www.focus.de/finanzen/news/russland-stellt-gaslieferungen-an-armenien-ein-nur-wenige-tage-nachdem-armenien-sich-vom-kreml-abgewandt-hat_17213f60-2beb-4f56-bf43-77687221a13f.html,0,www.focus.de,"Russland stellt Gaslieferungen an Armenien ein – nur wenige Tage, nachdem Armenien sich vom Kreml abgewandt hat",Armenien bezieht viel Gas aus Russland. Jetzt aber will das Land diversifizieren. Russland reagiert mit einem Lieferstopp.,"https://quadro.burda-forward.de/ctf/58f4dbb9-06bf-484e-93e8-70ea0ec6701a.74ad46ff-12c1-46f2-80c6-da4bd32b647b.jpg?im=RegionOfInterestCrop=(1200,630),regionOfInterest=(2800,1219)&hash=3ead1bddc7a9d80f859580bc43ce688b8fbdfb6d5d7b0112c26031bf0c9b32ae",2026-09-21T12:11:00Z,,Gazprom Armenien hat die Lieferungen russischen Gases nach Armenien zwischen dem 15. September und dem 25. September ausgesetzt. Als Grund gab der lokale Ableger des russischen Megakonzerns Gazprom R… [+4076 chars],,de,'Gas'
https://www.faz.net/aktuell/technik-motor/technik/praktisch-boschs-filio-zeigt-ob-genug-gas-in-der-flasche-ist-accg-201160566.html,https://www.faz.net/aktuell/technik-motor/technik/praktisch-boschs-filio-zeigt-ob-genug-gas-in-der-flasche-ist-accg-201160566.html,0,www.faz.net,Im Test: Bosch Filio: Voll unter Kontrolle,Die Gasflasche hat schon einige Grillabende hinter sich. Doch reicht der Vorrat noch fürs nächste Steak? Bleibt nur schütteln und schätzen. Oder man greift zu einem Gasflaschenfüllstandsanzeiger wie dem Filio von Bosch.,https://media0.faz.net/image/w1200h627/fa5510cf9042/w1025h535x341y322o/202608/43601.0.2467924070/halb-voll-oder-halb-leer.webp,2026-09-21T13:00:00Z,,"Grill an, Gas leer? Eine suboptimale Situation, erst recht, wenn das Steak noch nicht gar ist, aber schon ein paar hungrige Mäuler auf ihr Essen warten. Grillmeister tun deshalb gut daran, gelegentli… [+70 chars]",,de,'Gas'
https://www.tagesspiegel.de/internationales/naturlich-suchen-die-deutschen-nach-einer-alternative-russland-begrundet-afd-erfolg-mit-hohen-gaspreisen--und-plant-wohl-schon-treffen-16081551.html,https://www.tagesspiegel.de/internationales/naturlich-suchen-die-deutschen-nach-einer-alternative-russland-begrundet-afd-erfolg-mit-hohen-gaspreisen--und-plant-wohl-schon-treffen-16081551.html,0,www.tagesspiegel.de,„Natürlich suchen die Deutschen nach einer Alternative“: Russland begründet AfD-Erfolg mit hohen Gaspreisen – und plant wohl schon Treffen,"Kremlsprecher Peskow kann nachvollziehen, dass die Deutschen sich nach alternativen Machthabern umschauen. Unterdessen gibt es Berichte über ein geplantes Treffen mit AfD-Vertretern.",https://www.tagesspiegel.de/images/15846516/alternates/BASE_16_9_W1400/1789997409000/file-photo-russian-president-putin-holds-the-annual-press-conference-in-moscow.jpeg,2026-09-21T13:58:05Z,,"Moskau führt die jüngsten Wahlerfolge der AfD bei den Landtagswahlen auf die Abkehr Deutschlands von billigem russischem Gas zurück. Wie Kremlsprecher Dmitri Peskow am Montag erklärte, seien die Abst… [+4915 chars]",,de,'Gas'
https://taz.de/CO2-Abscheidung-in-Schleswig-Holstein/!6214170/,https://taz.de/CO2-Abscheidung-in-Schleswig-Holstein/!6214170/,0,taz.de,CO₂-Abscheidung in Schleswig-Holstein: Aus Gas wird Kreide,"40 Milliarden Tonnen CO₂ pustet die Menschheit jährlich in die Atmosphäre. In Kiel startet jetzt ein Versuch, wie es zurückzuholen ist.",https://taz.de/picture/8746749/1200/carbon-ocean-kiel-Lars-Wiedemann.jpeg,2026-09-21T14:25:00Z,,"40 Milliarden Tonnen CO₂ pustet die Menschheit jährlich in die Atmosphäre. In Kiel startet jetzt ein Versuch, wie es zurückzuholen ist. mehr...",,de,'Gas'
https://www.focus.de/finanzen/news/neue-speicherkraftwerke-sollen-deutsches-stromnetz-staerken_d69c44af-78d7-4227-b265-a9c5ddb0308b.html,https://www.focus.de/finanzen/news/neue-speicherkraftwerke-sollen-deutsches-stromnetz-staerken_d69c44af-78d7-4227-b265-a9c5ddb0308b.html,0,www.focus.de,Neue Speicherkraftwerke sollen deutsches Stromnetz stärken,Riesen-Akkus könnten teures Gas ersetzen und Strom billiger machen. Doch das Nadelöhr Netzanschluss bremst alles aus. Speicher-Spezialist Max Münnicke von Huawei warnt vor den Folgen.,"https://quadro.burda-forward.de/ctf/fd7ab328-36eb-414c-8634-cbeaa081e315.04531893-94fe-459b-b6cc-34c69af39e90.jpeg?im=RegionOfInterestCrop=(1200,630),regionOfInterest=(1732,1154.5)&hash=0eef6d0c497c44b1e56e7b1956f9d256b65b98ea188e51011662faac13b7777f",2026-09-21T18:38:00Z,,"FOCUS online: Herr Münnicke, Sie sprechen von einem rasanten Verfall der Modul- und Speicherpreise. Kommt diese Ersparnis bei den Verbrauchern an oder frisst der Staat den Vorteil über Netzentgelte u… [+5986 chars]",,de,'Gas'
https://www.bild.de/leben-wissen/mein-geld-finanzportal/heizkosten-2026-gaskunden-koennen-aufatmen-aber-nur-kurz-6ab12babb1857e86757a9adf,https://www.bild.de/leben-wissen/mein-geld-finanzportal/heizkosten-2026-gaskunden-koennen-aufatmen-aber-nur-kurz-6ab12babb1857e86757a9adf,0,www.bild.de,Nur Gaskunden können aufatmen - So teuer werden die Heizkosten dieses Jahr,"Wer mit Gas heizt, könnte 2026 erstmals wieder etwas weniger zahlen. Denn Gas wird günstiger, Heizöl aber schießt nach oben und Fernwärme ist und bleibt …","https://images.bild.de/6ab12babb1857e86757a9adf/a63d087f99197168869247f040f42e25,8ddc8ac7?w=1280",2026-09-21T22:01:30Z,,"+++Security-Mitarbeiter auf der Wiesn fast von Fahrgeschäft totgequetscht 
+++Security-Mitarbeiter auf der Wiesn fast von Fahrgeschäft totgequetscht 
+++Security-Mitarbeiter auf der Wiesn fast von … [+557 chars]",,de,'Gas'
https://www.tagesspiegel.de/wirtschaft/dpa-kostenfalle-und-dauerbelastungheizen-mit-ol-und-gas-war-2025-deutlich-teurer-als-im-vorjahr-16082540.html,https://www.tagesspiegel.de/wirtschaft/dpa-kostenfalle-und-dauerbelastungheizen-mit-ol-und-gas-war-2025-deutlich-teurer-als-im-vorjahr-16082540.html,0,www.tagesspiegel.de,Kostenfalle und Dauerbelastung: Heizen mit Öl und Gas war 2025 deutlich teurer als im Vorjahr,"Es zeichnet sich ab, dass Haushalte auch 2026 mehr fürs Heizen werden bezahlen müssen. Wer mit Gas heizt, könnte erstaunlicherweise aber noch Glück haben. Eine neue Studie nennt Gründe.",https://www.tagesspiegel.de/images/16082539/alternates/BASE_16_9_W1400/1790062035000/thermostat-ventil-an-einem-heizkorper.jpeg,2026-09-21T22:03:07Z,,Die Heizkosten in Deutschland sind einer Studie zufolge im vergangenen Jahr erneut gestiegen und dürften für viele Haushalte zur Dauerbelastung werden. Dies geht aus dem am Dienstag veröffentlichten … [+3496 chars],,de,'Gas'
https://www.tagesspiegel.de/wirtschaft/dpa-energiekosten-prognose-heizkosten-steigen-2026-an-16082540.html,https://www.tagesspiegel.de/wirtschaft/dpa-energiekosten-prognose-heizkosten-steigen-2026-an-16082540.html,0,www.tagesspiegel.de,Energiekosten: Prognose: Heizkosten steigen 2026 an,"Es zeichnet sich ab, dass Haushalte in diesem Jahr fürs Heizen oft mehr bezahlen müssen als 2025. Wer mit Gas heizt, könnte erstaunlicherweise aber noch Glück haben. Eine neue Studie nennt Gründe.",https://www.tagesspiegel.de/images/16082539/alternates/BASE_16_9_W1400/1790028188000/thermostat-ventil-an-einem-heizkorper.jpeg,2026-09-21T22:03:07Z,,"Haushalte in Deutschland müssen im laufenden Jahr laut einer Studie erneut mit höheren Heizkosten rechnen. Besonders Heizöl und Holzpellets dürften deutlich teurer werden, berichtete die Beratungsges… [+2738 chars]",,de,'Gas'
https://www.tagesspiegel.de/wirtschaft/dpa-mobilitat-anteil-von-e-autos-bei-neuzulassungen-in-eu-erreicht-rekord-16083018.html,https://www.tagesspiegel.de/wirtschaft/dpa-mobilitat-anteil-von-e-autos-bei-neuzulassungen-in-eu-erreicht-rekord-16083018.html,0,www.tagesspiegel.de,Mobilität: Anteil von E-Autos bei Neuzulassungen in EU erreicht Rekord,"2025 wurden anteilig so viele Elektro-Autos in der Europäischen Union neu zugelassen wie nie zuvor. Deutschland liegt über dem EU-Schnitt, aber Spitzenreiter sind andere Länder.",https://www.tagesspiegel.de/images/16083017/alternates/BASE_16_9_W1400/1790061025000/frau-steckt-einen-ladestecker-fur-ein-e-auto-in-eine-buchse.jpeg,2026-09-22T07:10:25Z,,"Der Anteil der Elektro-Autos bei den Neuzulassungen in der EU ist 2025 auf Rekordniveau gestiegen. Pkw mit reinem Elektroantrieb kamen auf 17,3 Prozent an allen Neuzulassungen, wie das Statistische B… [+2180 chars]",,de,'E-Auto'
https://www.focus.de/auto/vw-streicht-verbrenner-schichten-nach-hoher-e-auto-nachfrage_176ebe61-edd0-48ac-a035-cf512d94a544.html,https://www.focus.de/auto/vw-streicht-verbrenner-schichten-nach-hoher-e-auto-nachfrage_176ebe61-edd0-48ac-a035-cf512d94a544.html,0,www.focus.de,VW streicht Verbrenner-Schichten nach hoher E-Auto-Nachfrage,"Volkswagen reagiert auf die steigende E-Auto-Nachfrage: In Wolfsburg werden Verbrenner-Schichten gestrichen, während die Elektro-Werke hochfahren.","https://quadro.burda-forward.de/ctf/c2d6c794-45dc-44e7-8e42-330dbd0e13c9.56df4ef1-8fc5-4373-8fd7-93515e77f1fd.jpeg?im=RegionOfInterestCrop=(1200,630),regionOfInterest=(600,345)&hash=82c1ecf6311c1354ec09685d1378342fccf01f3a2262d136909a6c347b43e242",2026-09-22T07:30:00Z,,"Volkswagen passt seine Produktionsplanung aufgrund der steigenden Nachfrage nach Elektroautos an, berichtet die Automobilwoche. Im Stammwerk Wolfsburg werden deshalb geplante Sonderschichten für Verb… [+2523 chars]",,de,'E-Auto'
https://orf.at/stories/3442886/,https://orf.at/stories/3442886/,0,orf.at,Neuzulassungen in EU: Neuer Rekord bei E-Auto-Anteil,,https://orf.at/mojo/1_4_1/storyserver//news/common/images/og-fallback-news.png,2026-09-22T07:38:30Z,,"Der Anteil der E-Autos bei den Neuzulassungen in der EU ist 2025 auf ein Rekordniveau gestiegen. Pkws mit reinem Elektroantrieb kamen auf 17,3 Prozent an allen Neuzulassungen, wie das deutsche Statis… [+1107 chars]",,de,'E-Auto'
https://www.derstandard.de/story/3000000340755/reichweitenangst-e-autos-sind-als-mietwagen-kaum-gefragt,https://www.derstandard.de/story/3000000340755/reichweitenangst-e-autos-sind-als-mietwagen-kaum-gefragt,0,www.derstandard.de,Reichweitenangst? E-Autos sind als Mietwagen kaum gefragt,"Während sie im Alltag immer beliebter werden, verlieren Elektroautos im Urlaub gegen Verbrenner",https://i.ds.at/ExLHXw/rs:fill:1200:600/plain/lido-images/2026/09/22/a8e413be-ce6a-4375-961d-dacd4fb8c979.jpg,2026-09-22T08:10:17Z,,"Für viele Reisende ist vor allem die Verfügbarkeit von Lademöglichkeiten entscheidend, ob sie sich ein E-Auto im Urlaub nehmen.
Mediaparts - stock.adobe.com
Eine aktuelle Studie von Sunny Cars zeig… [+885 chars]",,de,'E-Auto'
https://www.sueddeutsche.de/auto/autotest-suzuki-e-vitara-kompakt-suv-li.3532791,https://www.sueddeutsche.de/auto/autotest-suzuki-e-vitara-kompakt-suv-li.3532791,0,www.sueddeutsche.de,Autotest: Zurück in die Elektro-Steinzeit,"Suzukis erstes E-Auto ist ein Kompakt-SUV. Der e Vitara sieht gut aus, ist technisch aber auf dem Stand von vorgestern. Manchmal kann das von Vorteil sein.",https://www.sueddeutsche.de/2026/08/26/98db3e6f-ca79-437d-8c10-ebf69bef7aca.jpg?q=60&fm=webp&width=1200&rect=376%2C483%2C3005%2C1690,2026-09-22T08:53:09Z,,"Sie halten sich hartnäckig, die Mythen der Elektromobilität: Alles kompliziert und unausgereift, heißt es häufig von Verbrenner-Fans. Ganz falsch sind diese Vorurteile nicht nur stammen sie aus der A… [+271 chars]",,de,'E-Auto'
https://www.autobild.de/videos/reichweitentest-wie-weit-kommt-der-ev2-mit-kleinem-akku-28818917.html,https://www.autobild.de/videos/reichweitentest-wie-weit-kommt-der-ev2-mit-kleinem-akku-28818917.html,0,www.autobild.de,So erzielt man im Stadt-E-Auto hohe Reichweiten,Elektroautos mit einer Akkugröße um 40 kWh gelten als reines Stadtauto. Aber schafft man mit einem 300-km-Auto auch 400 km? Das zeigt der Reichweitentest auf einer Fahrt von Berlin nach Hamburg - abseits der Autobahn.,https://i.auto-bild.de/ir_img/4/1/0/7/5/3/9/1600_900_aubi-1311f30bb136ba25.jpg?impolicy=og_images,2026-09-22T09:07:00Z,,"Maybach 62 S Landaulet: Sitzprobe
Das ist der letzte jemals gebaute Maybach",,de,'E-Auto'
https://www.tagesschau.de/wirtschaft/verbraucher/eu-e-autos-neuwagen-zulassungen-100.html,https://www.tagesschau.de/wirtschaft/verbraucher/eu-e-autos-neuwagen-zulassungen-100.html,0,www.tagesschau.de,Anteil von E-Autos bei Neuzulassungen in EU erreicht neuen Rekord,Noch nie sind in der EU so viele Autos mit einem reinen Elektroantrieb zugelassen worden wie im vergangenen Jahr. Gut jeder sechste Pkw war ein E-Auto. Deutschland lag dabei leicht über dem Schnitt.,https://images.tagesschau.de/image/74b01bbc-0eee-4d85-afe0-9ded00f9d50c/AAABoMhBcMg/AAABnSSvrFg/16x9-big/neuwagen-e-auto-104.jpg?width=1280,2026-09-22T10:25:19Z,,"Stand: 22.09.2026 12:25 Uhr
Noch nie sind in der EU so viele Autos mit einem reinen Elektroantrieb zugelassen worden wie im vergangenen Jahr. Gut jeder sechste Pkw war ein E-Auto. Deutschland lag da… [+2266 chars]",,de,'E-Auto'
https://www.dw.com/de/e-auto-boom-in-der-eu-rekordanteil-bei-neuzulassungen-daenemark-fuehrend/a-79369897,https://www.dw.com/de/e-auto-boom-in-der-eu-rekordanteil-bei-neuzulassungen-daenemark-fuehrend/a-79369897,0,www.dw.com,Gut jeder sechste neu zugelassene Pkw in EU ist ein E-Auto,"​Der Anteil der Autos mit reinem Elektroantrieb an allen Neuzulassungen in der EU hat 2025 einen Rekordwert erreicht. Deutschland liegt über dem Durchschnitt, Dänemark bleibt Spitzenreiter.",https://static.dw.com/image/74247406_6.jpg,2026-09-22T10:53:00Z,,"Der Anteil der Elektro-Autos bei den Neuzulassungen in der EU ist 2025 auf Rekordniveau gestiegen. Pkw mit reinem Elektroantrieb kamen auf 17,3 Prozent an allen Neuzulassungen, wie das Statistische B… [+2568 chars]",,de,'E-Auto'
https://www.autobild.de/artikel/geely-e2-im-privaten-leasing-28818817.html,https://www.autobild.de/artikel/geely-e2-im-privaten-leasing-28818817.html,0,www.autobild.de,"Kleines E-Auto, noch kleinerer Preis!","E-Autos für unter 20.000 Euro sind rar gesät, doch der Geely E2 gehört dazu. Im privaten Leasing wird das kleine E-Auto noch mal deutlich günstiger!",https://i.auto-bild.de/ir_img/4/1/0/7/5/1/1/Geely-E2-2869-1671x939-14c3728915a8d6ce.jpg?impolicy=og_images,2026-09-22T11:43:00Z,,"Das kleine Elektroauto Geely E2 gehört zu den günstigsten Vertretern seiner Art, denn der Basispreis liegt bei unter 20.000 Euro. Im Leasing können Privatkunden aktuell noch einmal die Hälfte dieser … [+1563 chars]",,de,'E-Auto'
