topic,sentiment_mean,sentiment_std,subjectivity_mean,subjectivity_std,counting
Energie,0.024603743950713894,0.9736457754130133,-0.025308995489099085,0.9782208244736486,4322.0
Landwirtschaft,0.19949888456223674,1.0562761664914486,0.015159021988110718,0.9860707752780342,1288.0
Stadt,-0.12745644434814052,0.9736883348636765,-0.0421006126443269,0.9455760287274109,1242.0
Wetterereignisse,-0.08334003886270178,0.9810455858149544,0.060950648932161455,1.0442251082948497,2436.0
