topic,sentiment_mean,sentiment_std,subjectivity_mean,subjectivity_std,counting
Energie,0.02283536202244887,0.9725718182310578,-0.024927045826315438,0.9740587388547495,4043.0
Landwirtschaft,0.1786244453346982,1.0621817151104525,0.030320916071683898,1.0113067659072867,1110.0
Stadt,-0.12469285856333483,0.9876701302248376,-0.08021833262528368,0.8970133259475538,1032.0
Wetterereignisse,-0.07708246772944913,0.975735047478324,0.07657859914602595,1.059228489494119,2043.0
