topic,sentiment_mean,sentiment_std,subjectivity_mean,subjectivity_std,counting
Energie,0.038555735298924323,0.9596687514854413,-0.014907966908199635,0.9566332093989058,1399.0
Landwirtschaft,0.1825074905809688,1.1132971215507272,0.11645882463057793,1.269092763030091,85.0
Stadt,-0.2341866924355886,0.9460897278024983,-0.03794582412470039,0.893875998694453,183.0
Wetterereignisse,-0.086129358358134,1.0175648552426408,0.08098311447641912,1.0623757414622041,265.0
