topic,sentiment_mean,sentiment_std,subjectivity_mean,subjectivity_std,counting
Energie,0.024528030887962862,0.9769442559316667,-0.02827666418772067,0.9708080254705765,3907.0
Landwirtschaft,0.16893868171841428,1.064578456392273,0.029641698203337206,1.0125554272615926,982.0
Stadt,-0.12177895393779171,0.9750159498679198,-0.07546011961972875,0.8931174977937465,962.0
Wetterereignisse,-0.07201228724400718,0.9757569853919328,0.08213331221459025,1.0641760200923862,1950.0
