topic,sentiment_mean,sentiment_std,subjectivity_mean,subjectivity_std,counting
Energie,0.022584729464188328,0.9751469782004156,-0.025716836362905896,0.9735860108253227,4130.0
Landwirtschaft,0.19182630174383128,1.0592413390192388,0.027049143147065146,1.0056091721377687,1191.0
Stadt,-0.12387712760467529,0.9774310894679007,-0.08018688809139335,0.8964666684635915,1098.0
Wetterereignisse,-0.08503032337221596,0.9742790720393029,0.07879709551659608,1.063232521808751,2139.0
