topic,sentiment_mean,sentiment_std,subjectivity_mean,subjectivity_std,counting
Energie,0.018595156317290716,0.9699011021123387,-0.020473530425771446,0.9812359185762046,4537.0
Landwirtschaft,0.19472789039080432,1.0497372176797362,0.0004921374648170682,0.9655846464082768,1491.0
Stadt,-0.11561164138729654,0.9768143532995663,-0.04302337614749007,0.9591917316029152,1353.0
Wetterereignisse,-0.07195952586705438,0.9887024275219631,0.053166987873439965,1.0401953916411608,2959.0
