topic,sentiment_mean,sentiment_std,subjectivity_mean,subjectivity_std,counting
Energie,0.020329479281363784,0.9731025196653149,-0.019642818243498325,0.9835703720451934,4478.0
Landwirtschaft,0.20232856661149118,1.042223740777131,0.00033394039014727616,0.9695834844164031,1375.0
Stadt,-0.12926211097277449,0.9826636263470596,-0.047489720114394084,0.9442006068726019,1305.0
Wetterereignisse,-0.07370027481323947,0.9857924629717717,0.057991814669524765,1.0426384821124781,2687.0
