topic,sentiment_mean,sentiment_std,subjectivity_mean,subjectivity_std,counting
Energie,0.021187007972167483,0.9697959622468706,-0.017928132584542674,0.9858101404128348,4498.0
Landwirtschaft,0.1909977835723632,1.0457933752719797,-0.0020667341401325082,0.9660974315989822,1439.0
Stadt,-0.11482419268025035,0.9826241139003783,-0.04859715001672749,0.9456594317350285,1336.0
Wetterereignisse,-0.07462616554481666,0.9902842239833303,0.053961369678336514,1.0390980580094573,2870.0
