topic,sentiment_mean,sentiment_std,subjectivity_mean,subjectivity_std,counting
Energie,0.03855799531603188,0.9575985256883142,-0.005132990845443421,0.9785586868232264,2102.0
Landwirtschaft,0.18192811003922957,1.171269137012286,-0.042267416070870804,0.9479011452257166,175.0
Stadt,-0.15757042839944743,1.0000222919225605,-0.0934692745079775,0.8237975177907984,336.0
Wetterereignisse,-0.09084187619822644,0.9880748484923392,0.08773663080765873,1.095721891996359,610.0
