topic,sentiment_mean,sentiment_std,subjectivity_mean,subjectivity_std,counting
Energie,0.023682811296453027,0.9739943681330127,-0.027488394810169594,0.9723310853181674,4157.0
Landwirtschaft,0.18928270376664894,1.0607983934149667,0.022516747338689753,0.9972144624024816,1212.0
Stadt,-0.12053696054809461,0.9775450713929005,-0.07005760468674808,0.9066581278522292,1138.0
Wetterereignisse,-0.08759154668920051,0.975249498049262,0.0807415757543858,1.0668187079049387,2145.0
