topic,sentiment_mean,sentiment_std,subjectivity_mean,subjectivity_std,counting
Energie,0.025406668243450937,0.9785342642157768,-0.0245016420870529,0.9765213253136453,3783.0
Landwirtschaft,0.15766918528162413,1.047408936487877,0.03254850609264281,1.0089007724628412,904.0
Stadt,-0.11239741292527863,0.9842929678350107,-0.09172799407434902,0.8842612686425081,894.0
Wetterereignisse,-0.07180171735372817,0.9792440213248845,0.08086002441363127,1.0569717291914502,1874.0
