topic,sentiment_mean,sentiment_std,subjectivity_mean,subjectivity_std,counting
Energie,0.0010706033779996694,0.9494909513891686,-0.013848477788174817,0.9453262123248048,564.0
Landwirtschaft,1.2927420847939406,1.0,-0.3535533905932738,1.0,1.0
Stadt,-0.13864808456514566,1.1589758951126947,0.28377485836558525,1.1377891724515474,25.0
Wetterereignisse,0.0716676038343516,0.8878415517691465,0.0860815050938415,1.0650129783451285,39.0
