topic,sentiment_mean,sentiment_std,subjectivity_mean,subjectivity_std,counting
Energie,0.02353496549158255,0.9730719458886548,-0.025699944661366287,0.9777041108137926,4354.0
Landwirtschaft,0.19954563309509812,1.0574066497922818,0.01636508519563545,0.9856363721528819,1328.0
Stadt,-0.12332959528374578,0.9686704029266757,-0.037992138869314726,0.9562047895534015,1255.0
Wetterereignisse,-0.0841159397719954,0.9837080900327457,0.057537027180284,1.0401502239850209,2505.0
