topic,sentiment_mean,sentiment_std,subjectivity_mean,subjectivity_std,counting
Energie,0.023668690320285863,0.975114225697951,-0.025138977592525542,0.9775052775051082,4316.0
Landwirtschaft,0.1972046924246236,1.0594259920316536,0.014579548405139302,0.9851130114622411,1285.0
Stadt,-0.12129753926555847,0.973809289075907,-0.04651633150573409,0.9428278710291037,1225.0
Wetterereignisse,-0.08719260400990118,0.9761347712567924,0.06519930066632523,1.0479468273550505,2347.0
