topic,sentiment_mean,sentiment_std,subjectivity_mean,subjectivity_std,counting
Energie,0.022954331747387275,0.9730095462037618,-0.02450183851858925,0.9738486546945825,4020.0
Landwirtschaft,0.18084905507040794,1.067759921962932,0.034511517813130166,1.0172431772065362,1064.0
Stadt,-0.12257263925755925,0.985979442930148,-0.08301163372896082,0.893001977687421,1018.0
Wetterereignisse,-0.07669046326473095,0.9740524836145039,0.07502987813666286,1.0576169392747914,2036.0
