topic,sentiment_mean,sentiment_std,subjectivity_mean,subjectivity_std,counting
Energie,0.02342263461980486,0.975084593991957,-0.028834173076372226,0.9708627127101235,4183.0
Landwirtschaft,0.18979171175128717,1.0573917689517984,0.022059753309105864,0.9924005221506501,1231.0
Stadt,-0.12229714638088104,0.9777688393646669,-0.05998928670051489,0.9256167842480552,1169.0
Wetterereignisse,-0.08573374156240351,0.9751411677983663,0.0783770865519659,1.0638910007600646,2167.0
