topic,sentiment_mean,sentiment_std,subjectivity_mean,subjectivity_std,counting
Energie,0.03370488447306445,0.9674681109943647,-0.01488653506934968,0.9553996235573294,1339.0
Landwirtschaft,0.2554928720786544,1.0859063297831673,0.11323657417497827,1.3058199778236985,60.0
Stadt,-0.26136716925662207,0.9440537993214619,0.013539061439313674,0.9441517310561903,136.0
Wetterereignisse,-0.10321503188304348,0.9842922528956247,0.07229336073765627,1.0579815704656899,204.0
