topic,sentiment_mean,sentiment_std,subjectivity_mean,subjectivity_std,counting
Energie,inf,1.0,-0.02248012961503826,0.9797027380128359,3672.0
Landwirtschaft,inf,1.0,0.025362680874690045,1.0034942230743416,863.0
Stadt,-0.10330440818482899,0.9802271064158797,-0.09926706800646173,0.865721790431171,868.0
Wetterereignisse,inf,1.0,0.08774829858229397,1.0619238839606089,1746.0
