topic,sentiment_mean,sentiment_std,subjectivity_mean,subjectivity_std,counting
Energie,0.021212145569448157,0.9745994138368076,-0.020821740594750254,0.9816504776440587,4445.0
Landwirtschaft,0.2028190002796696,1.0452872702059928,0.0035121821579472017,0.9728360836229144,1369.0
Stadt,-0.12449787217198677,0.980299501891589,-0.047402952139293186,0.9435396522831485,1300.0
Wetterereignisse,-0.0785656707817012,0.982215208788683,0.058951312592859156,1.0447173577188218,2642.0
