topic,sentiment_mean,sentiment_std,subjectivity_mean,subjectivity_std,counting
Energie,0.022627179556660337,0.9807096856587214,-0.014461235826529287,0.9821659188932648,3293.0
Landwirtschaft,0.16760107647310343,1.0458892707529273,0.027562177403769525,1.0099955172048638,733.0
Stadt,-0.11361443982243946,0.9877973093248087,-0.12131116029630826,0.8426224661398816,797.0
Wetterereignisse,-0.06495745211651889,0.9715332012895561,0.08277160445563612,1.062479220350208,1573.0
