topic,sentiment_mean,sentiment_std,subjectivity_mean,subjectivity_std,counting
Energie,0.02042164779303541,0.9811331686751974,-0.017518318286327075,0.9798879995517394,3401.0
Landwirtschaft,0.17369521880018424,1.0491070699769294,0.03032543149281749,1.010795753750805,740.0
Stadt,-0.11441233961256575,0.9855210165754767,-0.11674322904833505,0.8478056426285158,798.0
Wetterereignisse,-0.0633254700767182,0.9714801828801068,0.08475111835767721,1.0642998861180155,1608.0
