topic,sentiment_mean,sentiment_std,subjectivity_mean,subjectivity_std,counting
Energie,0.020521711239835115,0.9759725166833328,-0.02124736514769185,0.9809481330595942,4428.0
Landwirtschaft,0.2019350109259813,1.053293406385463,0.00835660634741059,0.9776115323861568,1352.0
Stadt,-0.1212310398010451,0.968794601149751,-0.04342167776717628,0.9467300699297316,1285.0
Wetterereignisse,-0.07916421331359032,0.9815090229171444,0.055748686846958245,1.0426647901823576,2601.0
