topic,sentiment_mean,sentiment_std,subjectivity_mean,subjectivity_std,counting
Energie,0.025809046339242074,0.9773686877718131,-0.025545042750298074,0.9742134004358958,3885.0
Landwirtschaft,0.16080561142617894,1.057011626029922,0.028311701889842302,1.0107155702766562,938.0
Stadt,-0.11926685343694927,0.9843516575954163,-0.07859404867088034,0.8973084692746396,931.0
Wetterereignisse,-0.07072264883329024,0.9764636576556281,0.07921707511077739,1.05702501685154,1920.0
