topic,sentiment_mean,sentiment_std,subjectivity_mean,subjectivity_std,counting
Energie,0.022712254388513955,0.9746729454738333,-0.02306402421947809,0.9791113444191201,4279.0
Landwirtschaft,0.19525014103169588,1.0599722224860078,0.016437421678261385,0.9863064574214784,1270.0
Stadt,-0.12165203159475624,0.9740837300252855,-0.056558149448678166,0.9300447392860883,1216.0
Wetterereignisse,-0.08536051369472332,0.9766292219369404,0.06685624244139239,1.0511635128197439,2286.0
