topic,sentiment_mean,sentiment_std,subjectivity_mean,subjectivity_std,counting
Energie,0.023390316833332692,0.9791676573742732,-0.026132614735445876,0.9760530441010414,3724.0
Landwirtschaft,0.15821489833738087,1.0471003524948979,0.030519535407413877,1.0076342986145936,897.0
Stadt,-0.10963580809018433,0.9803714154506452,-0.09327888457911754,0.8812680545245709,892.0
Wetterereignisse,-0.07035642007460965,0.979312161021925,0.08784178701517768,1.0598671574437573,1816.0
