topic,sentiment_mean,sentiment_std,subjectivity_mean,subjectivity_std,counting
Energie,inf,1.0,-0.0198756200362817,0.980611410025285,3553.0
Landwirtschaft,inf,1.0,0.030090316781540963,1.0110683315415359,747.0
Stadt,-0.10419063206232258,0.9748010309536655,-0.11028670954436176,0.8506831927921543,850.0
Wetterereignisse,inf,1.0,0.0871821723039261,1.0630948188497096,1700.0
