topic,sentiment_mean,sentiment_std,subjectivity_mean,subjectivity_std,counting
Energie,inf,1.0,-0.024187640221034146,0.9780155032168464,3704.0
Landwirtschaft,inf,1.0,0.023639126923168784,1.0001493207264684,886.0
Stadt,-0.10882044874775923,0.9791688460994714,-0.09204376594839804,0.8825107697627249,880.0
Wetterereignisse,inf,1.0,0.08791491377676383,1.0601489176372656,1775.0
