topic,sentiment_mean,sentiment_std,subjectivity_mean,subjectivity_std,counting
Energie,0.04006330683020018,0.9589222359180707,-0.005791892541070305,0.9630325795335126,1507.0
Landwirtschaft,0.20991087417746873,1.120547297728842,-0.034207197724600936,1.070755311686831,120.0
Stadt,-0.16494095782846885,0.9727190778218554,-0.05011323309312131,0.8681229511080572,254.0
Wetterereignisse,-0.0966055177817256,0.9898917632152071,0.0706272151353897,1.0858921870685343,403.0
