topic,sentiment_mean,sentiment_std,subjectivity_mean,subjectivity_std,counting
Energie,0.022829043904119117,0.975411251518444,-0.025760107965383954,0.973396793610046,3984.0
Landwirtschaft,0.18398603382213832,1.0629415517971659,0.03337189351174503,1.0127897603326683,1031.0
Stadt,-0.1308789401457522,0.9816512313974514,-0.08122405335061521,0.8914963613839711,996.0
Wetterereignisse,-0.0727031815932747,0.9743023372233138,0.07723685710729276,1.0605876682690258,2015.0
