topic,sentiment_mean,sentiment_std,subjectivity_mean,subjectivity_std,counting
Energie,0.025310656691230223,0.9777409001614191,-0.026343502577194908,0.9738212923986196,3857.0
Landwirtschaft,0.16087048578051955,1.0484353155484372,0.0341390031424994,1.0127311516477222,918.0
Stadt,-0.11889583573323574,0.9901607340187393,-0.0873797363405718,0.8892348054796092,911.0
Wetterereignisse,-0.0703391576625329,0.9776737566151417,0.08229915948210804,1.059193839092032,1897.0
