topic,sentiment_mean,sentiment_std,subjectivity_mean,subjectivity_std,counting
Energie,0.023391333459514028,0.9750768521196341,-0.028116400984036026,0.9716304864232073,3921.0
Landwirtschaft,0.18413637374637076,1.0657305249477245,0.03267206666306303,1.010099020602945,1009.0
Stadt,-0.12876040609138525,0.9771526665360512,-0.07578945016034046,0.8947545003694474,972.0
Wetterereignisse,-0.0749224941731643,0.9752082395640848,0.07929419407739498,1.0630378449622724,1983.0
