topic,sentiment_mean,sentiment_std,subjectivity_mean,subjectivity_std,counting
Energie,0.023873251431310912,0.973725505523316,-0.02530975318651737,0.9747710437593287,4205.0
Landwirtschaft,0.19578422115587046,1.056261932249531,0.020744976560016313,0.9914588225331329,1240.0
Stadt,-0.12179227210028733,0.9793732979539154,-0.061815561025295576,0.9226618873701433,1183.0
Wetterereignisse,-0.08802776234307275,0.9772681661237108,0.07165311844271552,1.0583850417974414,2236.0
