topic,sentiment_mean,sentiment_std,subjectivity_mean,subjectivity_std,counting
Energie,0.02139663585588353,0.9826503788942171,-0.01729844289107463,0.9821072883771323,3431.0
Landwirtschaft,0.16914023430273875,1.0514022121802147,0.027930868083045107,1.0088516936036023,747.0
Stadt,-0.10669625504409617,0.977628883219401,-0.11821639277691223,0.845530177745952,833.0
Wetterereignisse,-0.06485052839098998,0.9728818205870695,0.08672640553813071,1.0631234113036958,1652.0
