topic,sentiment_mean,sentiment_std,subjectivity_mean,subjectivity_std,counting
Energie,0.034285200719911514,0.9638283233473167,-0.016527847732071003,0.9517035034958838,1332.0
Landwirtschaft,0.27458481754227004,1.0098064582421147,0.1350061495091611,1.3502705213291337,47.0
Stadt,-0.28006988386376586,0.958185687762157,0.03289920004616142,0.9650853009686459,125.0
Wetterereignisse,-0.1093971564943463,1.0265391084411963,0.07893055008992123,1.0857320809955955,178.0
