topic,sentiment_mean,sentiment_std,subjectivity_mean,subjectivity_std,counting
Energie,0.01931262867673732,0.9716545341016075,-0.02467146648604453,0.9750775531734038,4085.0
Landwirtschaft,0.19354059358644646,1.061879729167553,0.02499143559513918,1.0022459688272194,1169.0
Stadt,-0.12696453145200082,0.9827468303276589,-0.07447753726003642,0.9055012229531584,1042.0
Wetterereignisse,-0.08151550985193219,0.9764850840327381,0.07533998239538074,1.0588874413963343,2066.0
