topic,sentiment_mean,sentiment_std,subjectivity_mean,subjectivity_std,counting
Energie,0.02388232611876231,0.9729502007308738,-0.02210624141489726,0.9801709547701531,4373.0
Landwirtschaft,0.19741354515523007,1.058290908292279,0.015718901162492832,0.9862749735316487,1343.0
Stadt,-0.12394247235013944,0.965953386254577,-0.04072593697045089,0.9527850980516617,1270.0
Wetterereignisse,-0.08246543501784041,0.9848117409238814,0.05236605451283018,1.0375384569289177,2548.0
