topic,sentiment_mean,sentiment_std,subjectivity_mean,subjectivity_std,counting
Energie,inf,1.0,-0.0221986743511368,0.979157167526265,3592.0
Landwirtschaft,inf,1.0,0.027499290980538948,1.0129233241010402,812.0
Stadt,-0.1038421290004093,0.9684428034223099,-0.1058897627829339,0.8576122197926728,856.0
Wetterereignisse,inf,1.0,0.08909407463058303,1.0609779702509616,1736.0
