topic,sentiment_mean,sentiment_std,subjectivity_mean,subjectivity_std,counting
Energie,0.018801169319008892,0.970266130711515,-0.018379964219057854,0.9842915056913806,4528.0
Landwirtschaft,0.19285581408092825,1.0487659168596004,-0.0032913563599414578,0.9627909669360095,1468.0
Stadt,-0.11566605294577097,0.9791833727004057,-0.048049180961832395,0.9454314659264963,1343.0
Wetterereignisse,-0.07088589753159821,0.9881639856773619,0.054482735427070716,1.0426982845400141,2928.0
