topic,sentiment_mean,sentiment_std,subjectivity_mean,subjectivity_std,counting
Energie,0.020204618251434943,0.9726316468130847,-0.019089111515642045,0.9846435149787973,4493.0
Landwirtschaft,0.20126732130007333,1.0376524698726008,-0.0037471888402285315,0.9659666002871827,1401.0
Stadt,-0.11709865958642156,0.986373010958513,-0.04623730106267186,0.9465724395158188,1326.0
Wetterereignisse,-0.0782507314812606,0.9875805380304583,0.05774769330155169,1.0414926432616238,2747.0
