topic,sentiment_mean,sentiment_std,subjectivity_mean,subjectivity_std,counting
Energie,0.01964361736282811,0.9664522315291251,-0.021924124079764438,0.9780809148402789,4543.0
Landwirtschaft,0.1895877817217422,1.0527712936206615,0.0016645031756003272,0.9639350226683079,1536.0
Stadt,-0.11637006733705701,0.9750010676044736,-0.04167093166879734,0.9586757166817992,1366.0
Wetterereignisse,-0.07191824117611297,0.9926079421467053,0.053554300251001996,1.0456982899528615,3005.0
